# ************************************************************
# Sequel Ace SQL dump
# Version 20067
#
# https://sequel-ace.com/
# https://github.com/Sequel-Ace/Sequel-Ace
#
# Host: 127.0.0.1 (MySQL 5.5.5-10.4.28-MariaDB)
# Database: enc_myenc
# Generation Time: 2024-07-10 04:36:47 +0000
# ************************************************************


/*!40101 SET @OLD_CHARACTER_SET_CLIENT=@@CHARACTER_SET_CLIENT */;
/*!40101 SET @OLD_CHARACTER_SET_RESULTS=@@CHARACTER_SET_RESULTS */;
/*!40101 SET @OLD_COLLATION_CONNECTION=@@COLLATION_CONNECTION */;
SET NAMES utf8mb4;
/*!40014 SET @OLD_FOREIGN_KEY_CHECKS=@@FOREIGN_KEY_CHECKS, FOREIGN_KEY_CHECKS=0 */;
/*!40101 SET @OLD_SQL_MODE='NO_AUTO_VALUE_ON_ZERO', SQL_MODE='NO_AUTO_VALUE_ON_ZERO' */;
/*!40111 SET @OLD_SQL_NOTES=@@SQL_NOTES, SQL_NOTES=0 */;


# Dump of table aggreements
# ------------------------------------------------------------

DROP TABLE IF EXISTS `aggreements`;

CREATE TABLE `aggreements` (
  `id` bigint(20) unsigned NOT NULL AUTO_INCREMENT,
  `type` varchar(255) DEFAULT NULL,
  `status` int(11) DEFAULT NULL,
  `id_no` varchar(255) DEFAULT NULL,
  `unit_id` int(11) DEFAULT NULL,
  `department_id` int(11) DEFAULT NULL,
  `sub_dept_id` int(11) DEFAULT NULL,
  `designation_id` int(11) DEFAULT NULL,
  `shift_id` int(11) DEFAULT NULL,
  `project` varchar(255) DEFAULT NULL,
  `location` varchar(255) DEFAULT NULL,
  `salary` int(11) DEFAULT NULL,
  `hourly_rate` int(11) DEFAULT NULL,
  `payslip` varchar(255) DEFAULT NULL,
  `date` date DEFAULT NULL,
  `start` date DEFAULT NULL,
  `end` date DEFAULT NULL,
  `determination` date DEFAULT NULL,
  `desc` varchar(255) DEFAULT NULL,
  `cuti` int(11) DEFAULT NULL,
  `position_id` int(11) DEFAULT NULL,
  `loc` varchar(255) DEFAULT NULL,
  `created_at` timestamp NULL DEFAULT NULL,
  `updated_at` timestamp NULL DEFAULT NULL,
  `employee_id` int(11) DEFAULT NULL,
  `manager_id` int(11) DEFAULT NULL,
  `direct_leader_id` int(11) DEFAULT NULL,
  PRIMARY KEY (`id`)
) ENGINE=InnoDB DEFAULT CHARSET=utf8mb4 COLLATE=utf8mb4_unicode_ci;

LOCK TABLES `aggreements` WRITE;
/*!40000 ALTER TABLE `aggreements` DISABLE KEYS */;

INSERT INTO `aggreements` (`id`, `type`, `status`, `id_no`, `unit_id`, `department_id`, `sub_dept_id`, `designation_id`, `shift_id`, `project`, `location`, `salary`, `hourly_rate`, `payslip`, `date`, `start`, `end`, `determination`, `desc`, `cuti`, `position_id`, `loc`, `created_at`, `updated_at`, `employee_id`, `manager_id`, `direct_leader_id`)
VALUES
	(9,NULL,NULL,NULL,2,2,NULL,2,1,NULL,NULL,16000000,NULL,NULL,NULL,NULL,NULL,NULL,'IT Support, Maintenance Network and Monitoring CCTV',NULL,3,'JGC','2024-06-26 13:58:46','2024-06-26 13:58:46',NULL,2,10),
	(10,NULL,NULL,NULL,2,2,NULL,2,1,NULL,NULL,16000000,NULL,NULL,NULL,NULL,NULL,NULL,'IT Support, Maintenance Network and Monitoring CCTV',NULL,4,'HW','2024-06-26 13:58:46','2024-06-26 13:58:46',NULL,2,10),
	(11,NULL,NULL,NULL,2,2,NULL,2,1,NULL,NULL,16000000,NULL,NULL,NULL,NULL,NULL,NULL,'IT Support, Maintenance Network and Monitoring CCTV',NULL,4,'HW','2024-06-26 15:04:27','2024-06-26 15:04:27',NULL,2,10),
	(12,NULL,NULL,NULL,3,2,NULL,2,1,NULL,NULL,16000000,NULL,NULL,NULL,NULL,NULL,NULL,'IT Support, Maintenance Network and Monitoring CCTV',NULL,3,'GS','2024-06-26 15:04:27','2024-06-26 15:04:27',NULL,2,173),
	(13,NULL,NULL,NULL,3,2,NULL,2,1,NULL,NULL,16000000,NULL,NULL,NULL,NULL,NULL,NULL,'IT Support, Maintenance Network and Monitoring CCTV',NULL,3,'GS','2024-06-26 15:05:31','2024-06-26 15:05:31',NULL,2,10),
	(14,NULL,NULL,NULL,3,2,NULL,2,1,NULL,NULL,16000000,NULL,NULL,NULL,NULL,NULL,NULL,'IT Support, Maintenance Network and Monitoring CCTV',NULL,3,'GS','2024-06-26 15:05:31','2024-06-26 15:05:31',NULL,2,173),
	(15,NULL,NULL,NULL,3,2,NULL,2,1,NULL,NULL,16000000,NULL,NULL,NULL,NULL,NULL,NULL,'IT Support, Maintenance Network and Monitoring CCTV',NULL,4,'HW','2024-07-01 15:15:32','2024-07-01 15:15:32',NULL,2,10),
	(16,NULL,NULL,NULL,7,2,NULL,2,1,NULL,NULL,16000000,NULL,NULL,NULL,NULL,NULL,NULL,'IT Support, Maintenance Network and Monitoring CCTV',NULL,4,'HW','2024-07-01 15:15:32','2024-07-01 15:15:32',NULL,2,10);

/*!40000 ALTER TABLE `aggreements` ENABLE KEYS */;
UNLOCK TABLES;


# Dump of table allowances
# ------------------------------------------------------------

DROP TABLE IF EXISTS `allowances`;

CREATE TABLE `allowances` (
  `id` bigint(20) unsigned NOT NULL AUTO_INCREMENT,
  `employee_id` int(11) NOT NULL,
  `option` varchar(255) DEFAULT NULL,
  `amount_option` varchar(255) DEFAULT NULL,
  `amount` varchar(255) DEFAULT NULL,
  `title` varchar(255) DEFAULT NULL,
  `created_at` timestamp NULL DEFAULT NULL,
  `updated_at` timestamp NULL DEFAULT NULL,
  PRIMARY KEY (`id`)
) ENGINE=InnoDB DEFAULT CHARSET=utf8mb4 COLLATE=utf8mb4_unicode_ci;



# Dump of table announcements
# ------------------------------------------------------------

DROP TABLE IF EXISTS `announcements`;

CREATE TABLE `announcements` (
  `id` bigint(20) unsigned NOT NULL AUTO_INCREMENT,
  `created_at` timestamp NULL DEFAULT NULL,
  `updated_at` timestamp NULL DEFAULT NULL,
  PRIMARY KEY (`id`)
) ENGINE=InnoDB DEFAULT CHARSET=utf8mb4 COLLATE=utf8mb4_unicode_ci;



# Dump of table bank_accounts
# ------------------------------------------------------------

DROP TABLE IF EXISTS `bank_accounts`;

CREATE TABLE `bank_accounts` (
  `id` bigint(20) unsigned NOT NULL AUTO_INCREMENT,
  `employee_id` int(11) NOT NULL,
  `bank_id` int(11) NOT NULL,
  `account_no` varchar(255) NOT NULL,
  `expired_date` date DEFAULT NULL,
  `created_at` timestamp NULL DEFAULT NULL,
  `updated_at` timestamp NULL DEFAULT NULL,
  PRIMARY KEY (`id`)
) ENGINE=InnoDB DEFAULT CHARSET=utf8mb4 COLLATE=utf8mb4_unicode_ci;

LOCK TABLES `bank_accounts` WRITE;
/*!40000 ALTER TABLE `bank_accounts` DISABLE KEYS */;

INSERT INTO `bank_accounts` (`id`, `employee_id`, `bank_id`, `account_no`, `expired_date`, `created_at`, `updated_at`)
VALUES
	(1,6,1,'09832472472462','2024-06-27','2024-06-24 15:46:23','2024-06-24 15:46:23'),
	(2,17,1,'88234237464','2024-10-17','2024-06-25 13:17:33','2024-06-25 13:17:33'),
	(3,17,2,'8823426466','2025-03-14','2024-06-25 15:29:25','2024-06-25 15:29:25');

/*!40000 ALTER TABLE `bank_accounts` ENABLE KEYS */;
UNLOCK TABLES;


# Dump of table banks
# ------------------------------------------------------------

DROP TABLE IF EXISTS `banks`;

CREATE TABLE `banks` (
  `id` bigint(20) unsigned NOT NULL AUTO_INCREMENT,
  `name` varchar(255) NOT NULL,
  `color` varchar(255) NOT NULL,
  `logo` varchar(255) DEFAULT NULL,
  `created_at` timestamp NULL DEFAULT NULL,
  `updated_at` timestamp NULL DEFAULT NULL,
  PRIMARY KEY (`id`)
) ENGINE=InnoDB DEFAULT CHARSET=utf8mb4 COLLATE=utf8mb4_unicode_ci;

LOCK TABLES `banks` WRITE;
/*!40000 ALTER TABLE `banks` DISABLE KEYS */;

INSERT INTO `banks` (`id`, `name`, `color`, `logo`, `created_at`, `updated_at`)
VALUES
	(1,'Mandiri','primary',NULL,'2023-09-14 10:16:28','2023-09-14 10:16:28'),
	(2,'BCA','info',NULL,'2023-09-14 10:16:28','2023-09-14 10:16:28'),
	(3,'BRI','secondary',NULL,'2023-09-14 10:16:28','2023-09-14 10:16:28'),
	(4,'BSI','success',NULL,'2023-09-14 10:16:29','2023-09-14 10:16:29');

/*!40000 ALTER TABLE `banks` ENABLE KEYS */;
UNLOCK TABLES;


# Dump of table biodatas
# ------------------------------------------------------------

DROP TABLE IF EXISTS `biodatas`;

CREATE TABLE `biodatas` (
  `id` bigint(20) unsigned NOT NULL AUTO_INCREMENT,
  `status` varchar(255) DEFAULT NULL,
  `first_name` varchar(255) DEFAULT NULL,
  `last_name` varchar(255) DEFAULT NULL,
  `phone` varchar(255) DEFAULT NULL,
  `email` varchar(255) DEFAULT NULL,
  `no_ktp` varchar(20) DEFAULT NULL,
  `no_kk` varchar(20) DEFAULT NULL,
  `no_npwp` varchar(30) DEFAULT NULL,
  `status_pajak` varchar(10) DEFAULT NULL,
  `alamat_ktp` varchar(10) DEFAULT NULL,
  `no_jamsostek` varchar(30) DEFAULT NULL,
  `no_bpjs_kesehatan` varchar(30) DEFAULT NULL,
  `gender` varchar(255) DEFAULT NULL,
  `religion` varchar(255) DEFAULT NULL,
  `birth_date` date DEFAULT NULL,
  `birth_place` varchar(255) DEFAULT NULL,
  `marital` varchar(255) DEFAULT NULL,
  `post_code` varchar(255) DEFAULT NULL,
  `blood` varchar(255) DEFAULT NULL,
  `nationality` varchar(255) DEFAULT NULL,
  `citizenship` varchar(255) DEFAULT NULL,
  `state` varchar(255) DEFAULT NULL,
  `city` varchar(255) DEFAULT NULL,
  `address` varchar(255) DEFAULT NULL,
  `last_education` varchar(255) DEFAULT NULL,
  `vocational` varchar(255) DEFAULT NULL,
  `institution_name` varchar(255) DEFAULT NULL,
  `created_at` timestamp NULL DEFAULT NULL,
  `updated_at` timestamp NULL DEFAULT NULL,
  PRIMARY KEY (`id`)
) ENGINE=InnoDB DEFAULT CHARSET=utf8mb4 COLLATE=utf8mb4_unicode_ci;

LOCK TABLES `biodatas` WRITE;
/*!40000 ALTER TABLE `biodatas` DISABLE KEYS */;

INSERT INTO `biodatas` (`id`, `status`, `first_name`, `last_name`, `phone`, `email`, `no_ktp`, `no_kk`, `no_npwp`, `status_pajak`, `alamat_ktp`, `no_jamsostek`, `no_bpjs_kesehatan`, `gender`, `religion`, `birth_date`, `birth_place`, `marital`, `post_code`, `blood`, `nationality`, `citizenship`, `state`, `city`, `address`, `last_education`, `vocational`, `institution_name`, `created_at`, `updated_at`)
VALUES
	(2,'1','Abdul','Rozak',NULL,'rozak@ekanuri.com',NULL,NULL,NULL,NULL,NULL,NULL,NULL,NULL,NULL,NULL,NULL,NULL,NULL,NULL,NULL,NULL,NULL,NULL,NULL,NULL,NULL,NULL,'2023-09-14 10:17:10','2023-09-14 10:17:10'),
	(3,'1','Ade','Nurjaya',NULL,'ade.nurjaya@ekanuri.com',NULL,NULL,NULL,NULL,NULL,NULL,NULL,NULL,NULL,NULL,NULL,NULL,NULL,NULL,NULL,NULL,NULL,NULL,NULL,NULL,NULL,NULL,'2023-09-14 10:17:10','2023-09-14 10:17:10'),
	(4,NULL,'Agus','Priyanto','082122433566','Agus071187@gmail.com',NULL,NULL,NULL,NULL,NULL,NULL,NULL,'Male','Islam',NULL,NULL,'Married',NULL,NULL,NULL,NULL,NULL,NULL,NULL,NULL,NULL,NULL,'2023-09-14 10:17:10','2024-07-02 09:42:00'),
	(5,'1','Ari','Pratama Kusumah',NULL,'aripratama1259@gmail.com',NULL,NULL,NULL,NULL,NULL,NULL,NULL,NULL,NULL,NULL,NULL,NULL,NULL,NULL,NULL,NULL,NULL,NULL,NULL,NULL,NULL,NULL,'2023-09-14 10:17:11','2023-09-14 10:17:11'),
	(6,'1','E. Hodijeh',NULL,NULL,'keyladj4@gmail.com',NULL,NULL,NULL,NULL,NULL,NULL,NULL,'Female','Islam',NULL,NULL,NULL,NULL,NULL,NULL,'WNI',NULL,NULL,NULL,NULL,NULL,NULL,'2023-09-14 10:17:11','2024-03-08 10:43:15'),
	(7,'1','Husin',NULL,NULL,'Sarmilihusin@gmail.com',NULL,NULL,NULL,NULL,NULL,NULL,NULL,NULL,NULL,NULL,NULL,NULL,NULL,NULL,NULL,NULL,NULL,NULL,NULL,NULL,NULL,NULL,'2023-09-14 10:17:11','2023-09-14 10:17:11'),
	(8,'1','Maharudin',NULL,NULL,'Melolon17@gmail.com',NULL,NULL,NULL,NULL,NULL,NULL,NULL,NULL,NULL,NULL,NULL,NULL,NULL,NULL,NULL,NULL,NULL,NULL,NULL,NULL,NULL,NULL,'2023-09-14 10:17:11','2023-09-14 10:17:11'),
	(9,'1','Margono',NULL,NULL,'alvingono22@gmail.com',NULL,NULL,NULL,NULL,NULL,NULL,NULL,NULL,NULL,NULL,NULL,NULL,NULL,NULL,NULL,NULL,NULL,NULL,NULL,NULL,NULL,NULL,'2023-09-14 10:17:12','2023-09-14 10:17:12'),
	(10,'1','Nurdiansah',NULL,NULL,'nurdiansah14045@gmail.com',NULL,NULL,NULL,NULL,NULL,NULL,NULL,NULL,NULL,NULL,NULL,NULL,NULL,NULL,NULL,NULL,NULL,NULL,NULL,NULL,NULL,NULL,'2023-09-14 10:17:12','2023-09-14 10:17:12'),
	(11,'1','Sigit','Sayogyo',NULL,'sayogyosigit@gmail.com',NULL,NULL,NULL,NULL,NULL,NULL,NULL,NULL,NULL,NULL,NULL,NULL,NULL,NULL,NULL,NULL,NULL,NULL,NULL,NULL,NULL,NULL,'2023-09-14 10:17:12','2023-09-14 10:17:12'),
	(12,'1','Siti','Wahyu',NULL,'sitiwahyu311@gmail.com',NULL,NULL,NULL,NULL,NULL,NULL,NULL,NULL,NULL,NULL,NULL,NULL,NULL,NULL,NULL,NULL,NULL,NULL,NULL,NULL,NULL,NULL,'2023-09-14 10:17:12','2023-09-14 10:17:12'),
	(13,'1','Sujasmo',NULL,NULL,'Sujasmo1972@gmail.com',NULL,NULL,NULL,NULL,NULL,NULL,NULL,NULL,NULL,NULL,NULL,NULL,NULL,NULL,NULL,NULL,NULL,NULL,NULL,NULL,NULL,NULL,'2023-09-14 10:17:13','2023-09-14 10:17:13'),
	(14,'1','Muhammad','Nasrulloh',NULL,'nasrul@ekanuri.com',NULL,NULL,NULL,NULL,NULL,NULL,NULL,NULL,NULL,NULL,NULL,NULL,NULL,NULL,NULL,NULL,NULL,NULL,NULL,NULL,NULL,NULL,'2023-09-14 10:17:13','2023-09-14 10:17:13'),
	(15,'1','Agus','Cholida',NULL,'agusjakut@gmail.com',NULL,NULL,NULL,NULL,NULL,NULL,NULL,NULL,NULL,NULL,NULL,NULL,NULL,NULL,NULL,NULL,NULL,NULL,NULL,NULL,NULL,NULL,'2023-09-14 10:17:13','2023-09-14 10:17:13'),
	(16,'1','Ahmad','Juantoro',NULL,'15-1694661433@empty.com',NULL,NULL,NULL,NULL,NULL,NULL,NULL,NULL,NULL,NULL,NULL,NULL,NULL,NULL,NULL,NULL,NULL,NULL,NULL,NULL,NULL,NULL,'2023-09-14 10:17:13','2023-09-14 10:17:13'),
	(17,NULL,'Abdul','Fikri','08512242771','fikriabdl@ekanuri.com',NULL,NULL,NULL,NULL,NULL,NULL,NULL,'Male','Islam',NULL,'Jakarta','Married','16320','A',NULL,'WNI',NULL,'Bogor',NULL,NULL,NULL,NULL,'2023-09-14 10:17:13','2024-07-03 10:08:27'),
	(18,'1','Dareza','Arvian',NULL,'darezait@ekanuri.com',NULL,NULL,NULL,NULL,NULL,NULL,NULL,NULL,NULL,NULL,NULL,NULL,NULL,NULL,NULL,NULL,NULL,NULL,NULL,NULL,NULL,NULL,'2023-09-14 10:17:13','2024-06-24 11:26:19'),
	(19,'1','Rahmat','Hidayat',NULL,'18-1694661433@empty.com',NULL,NULL,NULL,NULL,NULL,NULL,NULL,NULL,NULL,NULL,NULL,NULL,NULL,NULL,NULL,NULL,NULL,NULL,NULL,NULL,NULL,NULL,'2023-09-14 10:17:13','2023-09-14 10:17:13'),
	(20,'1','Indra','Setiawan',NULL,'19-1694661434@empty.com',NULL,NULL,NULL,NULL,NULL,NULL,NULL,NULL,NULL,NULL,NULL,NULL,NULL,NULL,NULL,NULL,NULL,NULL,NULL,NULL,NULL,NULL,'2023-09-14 10:17:14','2023-09-14 10:17:14'),
	(21,'1','Achmad','Judin',NULL,'achmadjudi969@gmail.co',NULL,NULL,NULL,NULL,NULL,NULL,NULL,NULL,NULL,NULL,NULL,NULL,NULL,NULL,NULL,NULL,NULL,NULL,NULL,NULL,NULL,NULL,'2023-09-14 10:17:14','2023-09-14 10:17:14'),
	(22,'1','Andi','Rachman Wiraja',NULL,'andiwiraja7@gmail.com ',NULL,NULL,NULL,NULL,NULL,NULL,NULL,NULL,NULL,NULL,NULL,NULL,NULL,NULL,NULL,NULL,NULL,NULL,NULL,NULL,NULL,NULL,'2023-09-14 10:17:14','2023-09-14 10:17:14'),
	(23,'1','Andries Nagara','Chandra',NULL,'Andrieschandra408@gmail.com',NULL,NULL,NULL,NULL,NULL,NULL,NULL,NULL,NULL,NULL,NULL,NULL,NULL,NULL,NULL,NULL,NULL,NULL,NULL,NULL,NULL,NULL,'2023-09-14 10:17:14','2023-09-14 10:17:14'),
	(24,'1','Andrik','Rudianto',NULL,'andrikrudianto62@gmail.com',NULL,NULL,NULL,NULL,NULL,NULL,NULL,NULL,NULL,NULL,NULL,NULL,NULL,NULL,NULL,NULL,NULL,NULL,NULL,NULL,NULL,NULL,'2023-09-14 10:17:14','2023-09-14 10:17:14'),
	(25,'1','Aji','Amin',NULL,'ariamin729@gmail.com',NULL,NULL,NULL,NULL,NULL,NULL,NULL,NULL,NULL,NULL,NULL,NULL,NULL,NULL,NULL,NULL,NULL,NULL,NULL,NULL,NULL,NULL,'2023-09-14 10:17:15','2023-09-14 10:17:15'),
	(26,'1','Bochori',NULL,NULL,'buchorikhori0gmail.com',NULL,NULL,NULL,NULL,NULL,NULL,NULL,NULL,NULL,NULL,NULL,NULL,NULL,NULL,NULL,NULL,NULL,NULL,NULL,NULL,NULL,NULL,'2023-09-14 10:17:15','2023-09-14 10:17:15'),
	(27,'1','Dadan','Iskandar',NULL,'26-1694661435@empty.com',NULL,NULL,NULL,NULL,NULL,NULL,NULL,NULL,NULL,NULL,NULL,NULL,NULL,NULL,NULL,NULL,NULL,NULL,NULL,NULL,NULL,NULL,'2023-09-14 10:17:15','2023-09-14 10:17:15'),
	(28,'1','Didi','Karmadi',NULL,'didikarmadi6995@gmail.com',NULL,NULL,NULL,NULL,NULL,NULL,NULL,NULL,NULL,NULL,NULL,NULL,NULL,NULL,NULL,NULL,NULL,NULL,NULL,NULL,NULL,NULL,'2023-09-14 10:17:15','2023-09-14 10:17:15'),
	(29,'1','Irvan','Maulana',NULL,'Maulanairvan27031990@gmail.com',NULL,NULL,NULL,NULL,NULL,NULL,NULL,NULL,NULL,NULL,NULL,NULL,NULL,NULL,NULL,NULL,NULL,NULL,NULL,NULL,NULL,NULL,'2023-09-14 10:17:15','2023-09-14 10:17:15'),
	(30,'1','Joko','Purwanto',NULL,'muhammadalhafidz11@gmail.com',NULL,NULL,NULL,NULL,NULL,NULL,NULL,NULL,NULL,NULL,NULL,NULL,NULL,NULL,NULL,NULL,NULL,NULL,NULL,NULL,NULL,NULL,'2023-09-14 10:17:15','2023-09-14 10:17:15'),
	(31,'1','Marwoto',NULL,NULL,'Marwoto30081981@gmail.com',NULL,NULL,NULL,NULL,NULL,NULL,NULL,NULL,NULL,NULL,NULL,NULL,NULL,NULL,NULL,NULL,NULL,NULL,NULL,NULL,NULL,NULL,'2023-09-14 10:17:16','2023-09-14 10:17:16'),
	(32,'1','Mohamad','Santri',NULL,'Santrim52@gmail.com ',NULL,NULL,NULL,NULL,NULL,NULL,NULL,NULL,NULL,NULL,NULL,NULL,NULL,NULL,NULL,NULL,NULL,NULL,NULL,NULL,NULL,NULL,'2023-09-14 10:17:16','2023-09-14 10:17:16'),
	(33,'1','Mulyono',NULL,NULL,'Muly88011@gmail.com',NULL,NULL,NULL,NULL,NULL,NULL,NULL,NULL,NULL,NULL,NULL,NULL,NULL,NULL,NULL,NULL,NULL,NULL,NULL,NULL,NULL,NULL,'2023-09-14 10:17:16','2023-09-14 10:17:16'),
	(34,'1','Nasir',NULL,NULL,'nasirchania@gmail.com',NULL,NULL,NULL,NULL,NULL,NULL,NULL,NULL,NULL,NULL,NULL,NULL,NULL,NULL,NULL,NULL,NULL,NULL,NULL,NULL,NULL,NULL,'2023-09-14 10:17:16','2023-09-14 10:17:16'),
	(35,'1','Nurhasan',NULL,NULL,'aconk.shandy@gmail.com',NULL,NULL,NULL,NULL,NULL,NULL,NULL,NULL,NULL,NULL,NULL,NULL,NULL,NULL,NULL,NULL,NULL,NULL,NULL,NULL,NULL,NULL,'2023-09-14 10:17:17','2023-09-14 10:17:17'),
	(36,'1','Riyanto',NULL,NULL,'35-1694661437@empty.com',NULL,NULL,NULL,NULL,NULL,NULL,NULL,NULL,NULL,NULL,NULL,NULL,NULL,NULL,NULL,NULL,NULL,NULL,NULL,NULL,NULL,NULL,'2023-09-14 10:17:17','2023-09-14 10:17:17'),
	(37,'1','Roganda','Tua Sirait',NULL,'ganda05sirait@gmail.com',NULL,NULL,NULL,NULL,NULL,NULL,NULL,NULL,NULL,NULL,NULL,NULL,NULL,NULL,NULL,NULL,NULL,NULL,NULL,NULL,NULL,NULL,'2023-09-14 10:17:17','2023-09-14 10:17:17'),
	(38,'1','Santoso',NULL,NULL,'Sondongsantoso2.gmail.com',NULL,NULL,NULL,NULL,NULL,NULL,NULL,NULL,NULL,NULL,NULL,NULL,NULL,NULL,NULL,NULL,NULL,NULL,NULL,NULL,NULL,NULL,'2023-09-14 10:17:17','2023-09-14 10:17:17'),
	(39,'1','Solihin',NULL,NULL,'Solihinh38@gmail.com',NULL,NULL,NULL,NULL,NULL,NULL,NULL,NULL,NULL,NULL,NULL,NULL,NULL,NULL,NULL,NULL,NULL,NULL,NULL,NULL,NULL,NULL,'2023-09-14 10:17:17','2023-09-14 10:17:17'),
	(40,'1','Surya','Indri  Juliyana',NULL,'Indri@ekanuri.com',NULL,NULL,NULL,NULL,NULL,NULL,NULL,NULL,NULL,NULL,NULL,NULL,NULL,NULL,NULL,NULL,NULL,NULL,NULL,NULL,NULL,NULL,'2023-09-14 10:17:17','2023-09-14 10:17:17'),
	(41,'1','Suwandi',NULL,NULL,'Suwandikobelco@gmail.com',NULL,NULL,NULL,NULL,NULL,NULL,NULL,NULL,NULL,NULL,NULL,NULL,NULL,NULL,NULL,NULL,NULL,NULL,NULL,NULL,NULL,NULL,'2023-09-14 10:17:17','2023-09-14 10:17:17'),
	(42,'1','Suwanto',NULL,NULL,'wawnsuwanto71.ws@gmail.com',NULL,NULL,NULL,NULL,NULL,NULL,NULL,NULL,NULL,NULL,NULL,NULL,NULL,NULL,NULL,NULL,NULL,NULL,NULL,NULL,NULL,NULL,'2023-09-14 10:17:18','2023-09-14 10:17:18'),
	(43,'1','Syachroni',NULL,NULL,'Kalijapat1@gmail.com',NULL,NULL,NULL,NULL,NULL,NULL,NULL,NULL,NULL,NULL,NULL,NULL,NULL,NULL,NULL,NULL,NULL,NULL,NULL,NULL,NULL,NULL,'2023-09-14 10:17:18','2023-09-14 10:17:18'),
	(44,'1','Wawan','Gunawan',NULL,'Wg192312@gmail.com',NULL,NULL,NULL,NULL,NULL,NULL,NULL,NULL,NULL,NULL,NULL,NULL,NULL,NULL,NULL,NULL,NULL,NULL,NULL,NULL,NULL,NULL,'2023-09-14 10:17:18','2023-09-14 10:17:18'),
	(45,'1','Yusep','Iskandar',NULL,'yusepiskandariskandar@gmail.com',NULL,NULL,NULL,NULL,NULL,NULL,NULL,NULL,NULL,NULL,NULL,NULL,NULL,NULL,NULL,NULL,NULL,NULL,NULL,NULL,NULL,NULL,'2023-09-14 10:17:18','2023-09-14 10:17:18'),
	(46,'1','Yusril','Mujiyanto',NULL,'yusrilmujiyanto940@gmail.com',NULL,NULL,NULL,NULL,NULL,NULL,NULL,NULL,NULL,NULL,NULL,NULL,NULL,NULL,NULL,NULL,NULL,NULL,NULL,NULL,NULL,NULL,'2023-09-14 10:17:18','2023-09-14 10:17:18'),
	(47,'1','Sopian',NULL,NULL,'Karanarjun8276@gmail.com',NULL,NULL,NULL,NULL,NULL,NULL,NULL,NULL,NULL,NULL,NULL,NULL,NULL,NULL,NULL,NULL,NULL,NULL,NULL,NULL,NULL,NULL,'2023-09-14 10:17:18','2023-09-14 10:17:18'),
	(48,'1','Egi','Fauzi Fahmi',NULL,'egyfauzi77@gmail.com',NULL,NULL,NULL,NULL,NULL,NULL,NULL,NULL,NULL,NULL,NULL,NULL,NULL,NULL,NULL,NULL,NULL,NULL,NULL,NULL,NULL,NULL,'2023-09-14 10:17:18','2023-09-14 10:17:18'),
	(49,'1','Ferianto',NULL,NULL,'48-1694661438@empty.com',NULL,NULL,NULL,NULL,NULL,NULL,NULL,NULL,NULL,NULL,NULL,NULL,NULL,NULL,NULL,NULL,NULL,NULL,NULL,NULL,NULL,NULL,'2023-09-14 10:17:18','2023-09-14 10:17:18'),
	(50,'1','Rendy','Susilo Ariska',NULL,'49-1694661439@empty.com',NULL,NULL,NULL,NULL,NULL,NULL,NULL,NULL,NULL,NULL,NULL,NULL,NULL,NULL,NULL,NULL,NULL,NULL,NULL,NULL,NULL,NULL,'2023-09-14 10:17:19','2023-09-14 10:17:19'),
	(51,'1','Hartono','Purwanto',NULL,'tono@ekanuri.com',NULL,NULL,NULL,NULL,NULL,NULL,NULL,NULL,NULL,NULL,NULL,NULL,NULL,NULL,NULL,NULL,NULL,NULL,NULL,NULL,NULL,NULL,'2023-09-14 10:17:19','2023-09-14 10:17:19'),
	(52,'1','Muh.','Sugeng. T',NULL,'51-1694661439@empty.com',NULL,NULL,NULL,NULL,NULL,NULL,NULL,NULL,NULL,NULL,NULL,NULL,NULL,NULL,NULL,NULL,NULL,NULL,NULL,NULL,NULL,NULL,'2023-09-14 10:17:19','2023-09-14 10:17:19'),
	(53,'1','Abdul','Hamid',NULL,'52-1694661439@empty.com',NULL,NULL,NULL,NULL,NULL,NULL,NULL,NULL,NULL,NULL,NULL,NULL,NULL,NULL,NULL,NULL,NULL,NULL,NULL,NULL,NULL,NULL,'2023-09-14 10:17:19','2023-09-14 10:17:19'),
	(54,'1','Abdul','Rohman',NULL,'ar2157336@gmail.com',NULL,NULL,NULL,NULL,NULL,NULL,NULL,NULL,NULL,NULL,NULL,NULL,NULL,NULL,NULL,NULL,NULL,NULL,NULL,NULL,NULL,NULL,'2023-09-14 10:17:20','2023-09-14 10:17:20'),
	(55,'1','Abdur','Rohman',NULL,'54-1694661440@empty.com',NULL,NULL,NULL,NULL,NULL,NULL,NULL,NULL,NULL,NULL,NULL,NULL,NULL,NULL,NULL,NULL,NULL,NULL,NULL,NULL,NULL,NULL,'2023-09-14 10:17:20','2023-09-14 10:17:20'),
	(56,'1','Aditya','Ridwan Harys',NULL,'55-1694661440@empty.com',NULL,NULL,NULL,NULL,NULL,NULL,NULL,NULL,NULL,NULL,NULL,NULL,NULL,NULL,NULL,NULL,NULL,NULL,NULL,NULL,NULL,NULL,'2023-09-14 10:17:20','2023-09-14 10:17:20'),
	(57,'1','Ahmad','Gazali',NULL,'56-1694661440@empty.com',NULL,NULL,NULL,NULL,NULL,NULL,NULL,NULL,NULL,NULL,NULL,NULL,NULL,NULL,NULL,NULL,NULL,NULL,NULL,NULL,NULL,NULL,'2023-09-14 10:17:20','2023-09-14 10:17:20'),
	(58,'1','Ahmad','Sapei',NULL,'57-1694661440@empty.com',NULL,NULL,NULL,NULL,NULL,NULL,NULL,NULL,NULL,NULL,NULL,NULL,NULL,NULL,NULL,NULL,NULL,NULL,NULL,NULL,NULL,NULL,'2023-09-14 10:17:20','2023-09-14 10:17:20'),
	(59,'1','Ahmad','Suhendar',NULL,'58-1694661440@empty.com',NULL,NULL,NULL,NULL,NULL,NULL,NULL,NULL,NULL,NULL,NULL,NULL,NULL,NULL,NULL,NULL,NULL,NULL,NULL,NULL,NULL,NULL,'2023-09-14 10:17:20','2023-09-14 10:17:20'),
	(60,'1','Ahmad','Syamsudin',NULL,'59-1694661441@empty.com',NULL,NULL,NULL,NULL,NULL,NULL,NULL,NULL,NULL,NULL,NULL,NULL,NULL,NULL,NULL,NULL,NULL,NULL,NULL,NULL,NULL,NULL,'2023-09-14 10:17:21','2023-09-14 10:17:21'),
	(61,'1','Ahmad','Yahya',NULL,'60-1694661441@empty.com',NULL,NULL,NULL,NULL,NULL,NULL,NULL,NULL,NULL,NULL,NULL,NULL,NULL,NULL,NULL,NULL,NULL,NULL,NULL,NULL,NULL,NULL,'2023-09-14 10:17:21','2023-09-14 10:17:21'),
	(62,'1','Alwi','Pratama',NULL,'61-1694661441@empty.com',NULL,NULL,NULL,NULL,NULL,NULL,NULL,NULL,NULL,NULL,NULL,NULL,NULL,NULL,NULL,NULL,NULL,NULL,NULL,NULL,NULL,NULL,'2023-09-14 10:17:21','2023-09-14 10:17:21'),
	(63,'1','Andri','Priyana',NULL,'priyana.andri@gmail.com',NULL,NULL,NULL,NULL,NULL,NULL,NULL,NULL,NULL,NULL,NULL,NULL,NULL,NULL,NULL,NULL,NULL,NULL,NULL,NULL,NULL,NULL,'2023-09-14 10:17:21','2023-09-14 10:17:21'),
	(64,'1','Arief','Parman',NULL,'63-1694661441@empty.com',NULL,NULL,NULL,NULL,NULL,NULL,NULL,NULL,NULL,NULL,NULL,NULL,NULL,NULL,NULL,NULL,NULL,NULL,NULL,NULL,NULL,NULL,'2023-09-14 10:17:21','2023-09-14 10:17:21'),
	(65,'1','Aris','Setiadi',NULL,'64-1694661441@empty.com',NULL,NULL,NULL,NULL,NULL,NULL,NULL,NULL,NULL,NULL,NULL,NULL,NULL,NULL,NULL,NULL,NULL,NULL,NULL,NULL,NULL,NULL,'2023-09-14 10:17:21','2023-09-14 10:17:21'),
	(66,'1','Baharul','Djamal',NULL,'baharuldjamal7@gmail.com',NULL,NULL,NULL,NULL,NULL,NULL,NULL,NULL,NULL,NULL,NULL,NULL,NULL,NULL,NULL,NULL,NULL,NULL,NULL,NULL,NULL,NULL,'2023-09-14 10:17:22','2023-09-14 10:17:22'),
	(67,'1','Bambang','Priyohadi',NULL,'bepriyohadi@gmail.com',NULL,NULL,NULL,NULL,NULL,NULL,NULL,NULL,NULL,NULL,NULL,NULL,NULL,NULL,NULL,NULL,NULL,NULL,NULL,NULL,NULL,NULL,'2023-09-14 10:17:22','2023-09-14 10:17:22'),
	(68,'1','Bariman',NULL,NULL,'manbariman8@gmail.com',NULL,NULL,NULL,NULL,NULL,NULL,NULL,NULL,NULL,NULL,NULL,NULL,NULL,NULL,NULL,NULL,NULL,NULL,NULL,NULL,NULL,NULL,'2023-09-14 10:17:22','2023-09-14 10:17:22'),
	(69,'1','Daswan',NULL,NULL,'Indramayukediri270719@gmail.com',NULL,NULL,NULL,NULL,NULL,NULL,NULL,NULL,NULL,NULL,NULL,NULL,NULL,NULL,NULL,NULL,NULL,NULL,NULL,NULL,NULL,NULL,'2023-09-14 10:17:22','2023-09-14 10:17:22'),
	(70,'1','Dede','Jumanta',NULL,'dedejumanta95@gmail.com',NULL,NULL,NULL,NULL,NULL,NULL,NULL,NULL,NULL,NULL,NULL,NULL,NULL,NULL,NULL,NULL,NULL,NULL,NULL,NULL,NULL,NULL,'2023-09-14 10:17:22','2023-09-14 10:17:22'),
	(71,'1','Dul','Tuyan',NULL,'70-1694661442@empty.com',NULL,NULL,NULL,NULL,NULL,NULL,NULL,NULL,NULL,NULL,NULL,NULL,NULL,NULL,NULL,NULL,NULL,NULL,NULL,NULL,NULL,NULL,'2023-09-14 10:17:22','2023-09-14 10:17:22'),
	(72,'1','Tisna',NULL,NULL,'71-1694661442@empty.com',NULL,NULL,NULL,NULL,NULL,NULL,NULL,NULL,NULL,NULL,NULL,NULL,NULL,NULL,NULL,NULL,NULL,NULL,NULL,NULL,NULL,NULL,'2023-09-14 10:17:22','2023-09-14 10:17:22'),
	(73,'1','Eman',NULL,NULL,'Operation.kj4@ekanuri.com',NULL,NULL,NULL,NULL,NULL,NULL,NULL,NULL,NULL,NULL,NULL,NULL,NULL,NULL,NULL,NULL,NULL,NULL,NULL,NULL,NULL,NULL,'2023-09-14 10:17:23','2023-09-14 10:17:23'),
	(74,'1','Hani','Priyanto',NULL,'73-1694661443@empty.com',NULL,NULL,NULL,NULL,NULL,NULL,NULL,NULL,NULL,NULL,NULL,NULL,NULL,NULL,NULL,NULL,NULL,NULL,NULL,NULL,NULL,NULL,'2023-09-14 10:17:23','2023-09-14 10:17:23'),
	(75,'1','Hermanto',NULL,NULL,'hermanto.cool123@gmail',NULL,NULL,NULL,NULL,NULL,NULL,NULL,NULL,NULL,NULL,NULL,NULL,NULL,NULL,NULL,NULL,NULL,NULL,NULL,NULL,NULL,NULL,'2023-09-14 10:17:23','2023-09-14 10:17:23'),
	(76,'1','Indra','Destiyan',NULL,'75-1694661443@empty.com',NULL,NULL,NULL,NULL,NULL,NULL,NULL,NULL,NULL,NULL,NULL,NULL,NULL,NULL,NULL,NULL,NULL,NULL,NULL,NULL,NULL,NULL,'2023-09-14 10:17:23','2023-09-14 10:17:23'),
	(77,'1','Iryandi',NULL,NULL,'76-1694661443@empty.com',NULL,NULL,NULL,NULL,NULL,NULL,NULL,NULL,NULL,NULL,NULL,NULL,NULL,NULL,NULL,NULL,NULL,NULL,NULL,NULL,NULL,NULL,'2023-09-14 10:17:23','2023-09-14 10:17:23'),
	(78,'1','Iswandi','Ilyas',NULL,'Iswandi@ekanuri.com',NULL,NULL,NULL,NULL,NULL,NULL,NULL,NULL,NULL,NULL,NULL,NULL,NULL,NULL,NULL,NULL,NULL,NULL,NULL,NULL,NULL,NULL,'2023-09-14 10:17:23','2023-09-14 10:17:23'),
	(79,'1','Iwan','Kurniawan',NULL,'Iwan55tjandra@gmail.com',NULL,NULL,NULL,NULL,NULL,NULL,NULL,NULL,NULL,NULL,NULL,NULL,NULL,NULL,NULL,NULL,NULL,NULL,NULL,NULL,NULL,NULL,'2023-09-14 10:17:24','2023-09-14 10:17:24'),
	(80,'1','Karnoto',NULL,NULL,'Karnotoboy03@gmail.com',NULL,NULL,NULL,NULL,NULL,NULL,NULL,NULL,NULL,NULL,NULL,NULL,NULL,NULL,NULL,NULL,NULL,NULL,NULL,NULL,NULL,NULL,'2023-09-14 10:17:24','2023-09-14 10:17:24'),
	(81,'1','Kusyani',NULL,NULL,'80-1694661444@empty.com',NULL,NULL,NULL,NULL,NULL,NULL,NULL,NULL,NULL,NULL,NULL,NULL,NULL,NULL,NULL,NULL,NULL,NULL,NULL,NULL,NULL,NULL,'2023-09-14 10:17:24','2023-09-14 10:17:24'),
	(82,'1','Lastono',NULL,NULL,'kj.kk147@gmail.com',NULL,NULL,NULL,NULL,NULL,NULL,NULL,NULL,NULL,NULL,NULL,NULL,NULL,NULL,NULL,NULL,NULL,NULL,NULL,NULL,NULL,NULL,'2023-09-14 10:17:24','2023-09-14 10:17:24'),
	(83,'1','Mamat',NULL,NULL,'82-1694661444@empty.com',NULL,NULL,NULL,NULL,NULL,NULL,NULL,NULL,NULL,NULL,NULL,NULL,NULL,NULL,NULL,NULL,NULL,NULL,NULL,NULL,NULL,NULL,'2023-09-14 10:17:24','2023-09-14 10:17:24'),
	(84,'1','Miharja',NULL,NULL,'ade.miharja@ekanuri.com',NULL,NULL,NULL,NULL,NULL,NULL,NULL,NULL,NULL,NULL,NULL,NULL,NULL,NULL,NULL,NULL,NULL,NULL,NULL,NULL,NULL,NULL,'2023-09-14 10:17:24','2023-09-14 10:17:24'),
	(85,'1','Muhamad','Hidayatulloh',NULL,'84-1694661444@empty.com',NULL,NULL,NULL,NULL,NULL,NULL,NULL,NULL,NULL,NULL,NULL,NULL,NULL,NULL,NULL,NULL,NULL,NULL,NULL,NULL,NULL,NULL,'2023-09-14 10:17:24','2023-09-14 10:17:24'),
	(86,'1','Muhamad','Yusuf',NULL,'Myusuf0216@yahoo.co.id',NULL,NULL,NULL,NULL,NULL,NULL,NULL,NULL,NULL,NULL,NULL,NULL,NULL,NULL,NULL,NULL,NULL,NULL,NULL,NULL,NULL,NULL,'2023-09-14 10:17:25','2023-09-14 10:17:25'),
	(87,'1','Muhammad','Azyzy',NULL,'86-1694661445@empty.com',NULL,NULL,NULL,NULL,NULL,NULL,NULL,NULL,NULL,NULL,NULL,NULL,NULL,NULL,NULL,NULL,NULL,NULL,NULL,NULL,NULL,NULL,'2023-09-14 10:17:25','2023-09-14 10:17:25'),
	(88,'1','Rahmat','Hidayat',NULL,'rahmat@ekanuri.com',NULL,NULL,NULL,NULL,NULL,NULL,NULL,NULL,NULL,NULL,NULL,NULL,NULL,NULL,NULL,NULL,NULL,NULL,NULL,NULL,NULL,NULL,'2023-09-14 10:17:25','2023-09-14 10:17:25'),
	(89,'1','Rondang','Panjaitan',NULL,'88-1694661445@empty.com',NULL,NULL,NULL,NULL,NULL,NULL,NULL,NULL,NULL,NULL,NULL,NULL,NULL,NULL,NULL,NULL,NULL,NULL,NULL,NULL,NULL,NULL,'2023-09-14 10:17:25','2023-09-14 10:17:25'),
	(90,'1','Rosidi',NULL,NULL,'89-1694661445@empty.com',NULL,NULL,NULL,NULL,NULL,NULL,NULL,NULL,NULL,NULL,NULL,NULL,NULL,NULL,NULL,NULL,NULL,NULL,NULL,NULL,NULL,NULL,'2023-09-14 10:17:25','2023-09-14 10:17:25'),
	(91,'1','Saberiyansyah',NULL,NULL,'90-1694661445@empty.com',NULL,NULL,NULL,NULL,NULL,NULL,NULL,NULL,NULL,NULL,NULL,NULL,NULL,NULL,NULL,NULL,NULL,NULL,NULL,NULL,NULL,NULL,'2023-09-14 10:17:25','2023-09-14 10:17:25'),
	(92,'1','Samin','Bin  Nomin',NULL,'91-1694661446@empty.com',NULL,NULL,NULL,NULL,NULL,NULL,NULL,NULL,NULL,NULL,NULL,NULL,NULL,NULL,NULL,NULL,NULL,NULL,NULL,NULL,NULL,NULL,'2023-09-14 10:17:26','2023-09-14 10:17:26'),
	(93,'1','Santosa',NULL,NULL,'Santosayamtomulyonog@gmail.com',NULL,NULL,NULL,NULL,NULL,NULL,NULL,NULL,NULL,NULL,NULL,NULL,NULL,NULL,NULL,NULL,NULL,NULL,NULL,NULL,NULL,NULL,'2023-09-14 10:17:26','2023-09-14 10:17:26'),
	(94,'1','Sarpin',NULL,NULL,'93-1694661446@empty.com',NULL,NULL,NULL,NULL,NULL,NULL,NULL,NULL,NULL,NULL,NULL,NULL,NULL,NULL,NULL,NULL,NULL,NULL,NULL,NULL,NULL,NULL,'2023-09-14 10:17:26','2023-09-14 10:17:26'),
	(95,'1','Siti','Wahyuningsih',NULL,'ningw793@gmail.com',NULL,NULL,NULL,NULL,NULL,NULL,NULL,NULL,NULL,NULL,NULL,NULL,NULL,NULL,NULL,NULL,NULL,NULL,NULL,NULL,NULL,NULL,'2023-09-14 10:17:26','2023-09-14 10:17:26'),
	(96,'1','Soleman',NULL,NULL,'95-1694661446@empty.com',NULL,NULL,NULL,NULL,NULL,NULL,NULL,NULL,NULL,NULL,NULL,NULL,NULL,NULL,NULL,NULL,NULL,NULL,NULL,NULL,NULL,NULL,'2023-09-14 10:17:26','2023-09-14 10:17:26'),
	(97,'1','Sopandi',NULL,NULL,'gerandongansera@gmail.com',NULL,NULL,NULL,NULL,NULL,NULL,NULL,NULL,NULL,NULL,NULL,NULL,NULL,NULL,NULL,NULL,NULL,NULL,NULL,NULL,NULL,NULL,'2023-09-14 10:17:26','2023-09-14 10:17:26'),
	(98,'1','Subhi',NULL,NULL,'bhieborriel10@gmail.com',NULL,NULL,NULL,NULL,NULL,NULL,NULL,NULL,NULL,NULL,NULL,NULL,NULL,NULL,NULL,NULL,NULL,NULL,NULL,NULL,NULL,NULL,'2023-09-14 10:17:26','2023-09-14 10:17:26'),
	(99,'1','Suknan',NULL,NULL,'98-1694661447@empty.com',NULL,NULL,NULL,NULL,NULL,NULL,NULL,NULL,NULL,NULL,NULL,NULL,NULL,NULL,NULL,NULL,NULL,NULL,NULL,NULL,NULL,NULL,'2023-09-14 10:17:27','2023-09-14 10:17:27'),
	(100,'1','Sunandar',NULL,NULL,'99-1694661447@empty.com',NULL,NULL,NULL,NULL,NULL,NULL,NULL,NULL,NULL,NULL,NULL,NULL,NULL,NULL,NULL,NULL,NULL,NULL,NULL,NULL,NULL,NULL,'2023-09-14 10:17:27','2023-09-14 10:17:27'),
	(101,'1','Suryadi',NULL,NULL,'Suryacitra@gmail,',NULL,NULL,NULL,NULL,NULL,NULL,NULL,NULL,NULL,NULL,NULL,NULL,NULL,NULL,NULL,NULL,NULL,NULL,NULL,NULL,NULL,NULL,'2023-09-14 10:17:27','2023-09-14 10:17:27'),
	(102,'1','Suyamto',NULL,NULL,'101-1694661447@empty.com',NULL,NULL,NULL,NULL,NULL,NULL,NULL,NULL,NULL,NULL,NULL,NULL,NULL,NULL,NULL,NULL,NULL,NULL,NULL,NULL,NULL,NULL,'2023-09-14 10:17:27','2023-09-14 10:17:27'),
	(103,'1','Syaeful','Baidillah',NULL,'sbaidillah1179@gmail.com',NULL,NULL,NULL,NULL,NULL,NULL,NULL,NULL,NULL,NULL,NULL,NULL,NULL,NULL,NULL,NULL,NULL,NULL,NULL,NULL,NULL,NULL,'2023-09-14 10:17:27','2023-09-14 10:17:27'),
	(104,'1','Syarifudin','Bin Nomin',NULL,'103-1694661447@empty.com',NULL,NULL,NULL,NULL,NULL,NULL,NULL,NULL,NULL,NULL,NULL,NULL,NULL,NULL,NULL,NULL,NULL,NULL,NULL,NULL,NULL,NULL,'2023-09-14 10:17:27','2023-09-14 10:17:27'),
	(105,'1','Wanto','Mayliyono',NULL,'104-1694661448@empty.com',NULL,NULL,NULL,NULL,NULL,NULL,NULL,NULL,NULL,NULL,NULL,NULL,NULL,NULL,NULL,NULL,NULL,NULL,NULL,NULL,NULL,NULL,'2023-09-14 10:17:28','2023-09-14 10:17:28'),
	(106,'1','Waslam',NULL,NULL,'Waslamwaslam757@gmail.com',NULL,NULL,NULL,NULL,NULL,NULL,NULL,NULL,NULL,NULL,NULL,NULL,NULL,NULL,NULL,NULL,NULL,NULL,NULL,NULL,NULL,NULL,'2023-09-14 10:17:28','2023-09-14 10:17:28'),
	(107,'1','Widiawan',NULL,NULL,'106-1694661448@empty.com',NULL,NULL,NULL,NULL,NULL,NULL,NULL,NULL,NULL,NULL,NULL,NULL,NULL,NULL,NULL,NULL,NULL,NULL,NULL,NULL,NULL,NULL,'2023-09-14 10:17:28','2023-09-14 10:17:28'),
	(108,'1','Welly','Maruntung',NULL,'willy.maruntung@gmail.com',NULL,NULL,NULL,NULL,NULL,NULL,NULL,NULL,NULL,NULL,NULL,NULL,NULL,NULL,NULL,NULL,NULL,NULL,NULL,NULL,NULL,NULL,'2023-09-14 10:17:28','2023-09-14 10:17:28'),
	(109,'1','Jingga','Saviratus',NULL,'108-1694661448@empty.com',NULL,NULL,NULL,NULL,NULL,NULL,NULL,NULL,NULL,NULL,NULL,NULL,NULL,NULL,NULL,NULL,NULL,NULL,NULL,NULL,NULL,NULL,'2023-09-14 10:17:28','2023-09-14 10:17:28'),
	(110,'1','Yadi','Suprianto',NULL,'yadisuprianto62@gmail.com',NULL,NULL,NULL,NULL,NULL,NULL,NULL,NULL,NULL,NULL,NULL,NULL,NULL,NULL,NULL,NULL,NULL,NULL,NULL,NULL,NULL,NULL,'2023-09-14 10:17:28','2023-09-14 10:17:28'),
	(111,'1','Yair','Azariah Tuhuteru',NULL,'110-1694661448@empty.com',NULL,NULL,NULL,NULL,NULL,NULL,NULL,NULL,NULL,NULL,NULL,NULL,NULL,NULL,NULL,NULL,NULL,NULL,NULL,NULL,NULL,NULL,'2023-09-14 10:17:28','2023-09-14 10:17:28'),
	(112,'1','Yudhi','Septian',NULL,'111-1694661448@empty.com',NULL,NULL,NULL,NULL,NULL,NULL,NULL,NULL,NULL,NULL,NULL,NULL,NULL,NULL,NULL,NULL,NULL,NULL,NULL,NULL,NULL,NULL,'2023-09-14 10:17:28','2023-09-14 10:17:28'),
	(113,'1','Yundi','Basrah',NULL,'112-1694661448@empty.com',NULL,NULL,NULL,NULL,NULL,NULL,NULL,NULL,NULL,NULL,NULL,NULL,NULL,NULL,NULL,NULL,NULL,NULL,NULL,NULL,NULL,NULL,'2023-09-14 10:17:28','2023-09-14 10:17:28'),
	(114,'1','Tatang','Karjana',NULL,'113-1694661449@empty.com',NULL,NULL,NULL,NULL,NULL,NULL,NULL,NULL,NULL,NULL,NULL,NULL,NULL,NULL,NULL,NULL,NULL,NULL,NULL,NULL,NULL,NULL,'2023-09-14 10:17:29','2023-09-14 10:17:29'),
	(115,'1','Nardi',NULL,NULL,'Nardikunar@.gmail.com',NULL,NULL,NULL,NULL,NULL,NULL,NULL,NULL,NULL,NULL,NULL,NULL,NULL,NULL,NULL,NULL,NULL,NULL,NULL,NULL,NULL,NULL,'2023-09-14 10:17:29','2023-09-14 10:17:29'),
	(116,'1','Ubed',NULL,NULL,'115-1694661449@empty.com',NULL,NULL,NULL,NULL,NULL,NULL,NULL,NULL,NULL,NULL,NULL,NULL,NULL,NULL,NULL,NULL,NULL,NULL,NULL,NULL,NULL,NULL,'2023-09-14 10:17:29','2023-09-14 10:17:29'),
	(117,'1','Suryadi',NULL,NULL,'116-1694661449@empty.com',NULL,NULL,NULL,NULL,NULL,NULL,NULL,NULL,NULL,NULL,NULL,NULL,NULL,NULL,NULL,NULL,NULL,NULL,NULL,NULL,NULL,NULL,'2023-09-14 10:17:29','2023-09-14 10:17:29'),
	(118,'1','Fajar','Respati Aji ',NULL,'117-1694661449@empty.com',NULL,NULL,NULL,NULL,NULL,NULL,NULL,NULL,NULL,NULL,NULL,NULL,NULL,NULL,NULL,NULL,NULL,NULL,NULL,NULL,NULL,NULL,'2023-09-14 10:17:29','2023-09-14 10:17:29'),
	(119,'1','Nur','Kolik',NULL,'Vickarramadhan@gmail.com',NULL,NULL,NULL,NULL,NULL,NULL,NULL,NULL,NULL,NULL,NULL,NULL,NULL,NULL,NULL,NULL,NULL,NULL,NULL,NULL,NULL,NULL,'2023-09-14 10:17:29','2023-09-14 10:17:29'),
	(120,'1','Nanang','Istanto',NULL,'119-1694661449@empty.com',NULL,NULL,NULL,NULL,NULL,NULL,NULL,NULL,NULL,NULL,NULL,NULL,NULL,NULL,NULL,NULL,NULL,NULL,NULL,NULL,NULL,NULL,'2023-09-14 10:17:29','2023-09-14 10:17:29'),
	(121,'1','Timin','Dedi',NULL,'timin@eakniri.com',NULL,NULL,NULL,NULL,NULL,NULL,NULL,NULL,NULL,NULL,NULL,NULL,NULL,NULL,NULL,NULL,NULL,NULL,NULL,NULL,NULL,NULL,'2023-09-14 10:17:30','2023-09-14 10:17:30'),
	(122,'1','Agung','Tri Wassono',NULL,'121-1694661450@empty.com',NULL,NULL,NULL,NULL,NULL,NULL,NULL,NULL,NULL,NULL,NULL,NULL,NULL,NULL,NULL,NULL,NULL,NULL,NULL,NULL,NULL,NULL,'2023-09-14 10:17:30','2023-09-14 10:17:30'),
	(123,'1','Teguh','Budi Setiawan ',NULL,'teguh@ekanuri.com',NULL,NULL,NULL,NULL,NULL,NULL,NULL,NULL,NULL,NULL,NULL,NULL,NULL,NULL,NULL,NULL,NULL,NULL,NULL,NULL,NULL,NULL,'2023-09-14 10:17:30','2023-09-14 10:17:30'),
	(124,'1','Tri','Yuli Purnomo',NULL,'123-1694661450@empty.com',NULL,NULL,NULL,NULL,NULL,NULL,NULL,NULL,NULL,NULL,NULL,NULL,NULL,NULL,NULL,NULL,NULL,NULL,NULL,NULL,NULL,NULL,'2023-09-14 10:17:30','2023-09-14 10:17:30'),
	(125,'1','Zulfakhriy',NULL,NULL,'zulfakhry@ekanuri.com',NULL,NULL,NULL,NULL,NULL,NULL,NULL,NULL,NULL,NULL,NULL,NULL,NULL,NULL,NULL,NULL,NULL,NULL,NULL,NULL,NULL,NULL,'2023-09-14 10:17:30','2023-09-14 10:17:30'),
	(126,'1','Irnanto','Purna Yudha',NULL,'125-1694661450@empty.com',NULL,NULL,NULL,NULL,NULL,NULL,NULL,NULL,NULL,NULL,NULL,NULL,NULL,NULL,NULL,NULL,NULL,NULL,NULL,NULL,NULL,NULL,'2023-09-14 10:17:30','2023-09-14 10:17:30'),
	(127,'1','Zulis','Khan',NULL,'Zuliskhan5@gmail.com',NULL,NULL,NULL,NULL,NULL,NULL,NULL,NULL,NULL,NULL,NULL,NULL,NULL,NULL,NULL,NULL,NULL,NULL,NULL,NULL,NULL,NULL,'2023-09-14 10:17:30','2023-09-14 10:17:30'),
	(128,'1','Reza','Adji Rinaldi',NULL,'127-1694661451@empty.com',NULL,NULL,NULL,NULL,NULL,NULL,NULL,NULL,NULL,NULL,NULL,NULL,NULL,NULL,NULL,NULL,NULL,NULL,NULL,NULL,NULL,NULL,'2023-09-14 10:17:31','2023-09-14 10:17:31'),
	(129,'1','Rendy','Juanda',NULL,'128-1694661451@empty.com',NULL,NULL,NULL,NULL,NULL,NULL,NULL,NULL,NULL,NULL,NULL,NULL,NULL,NULL,NULL,NULL,NULL,NULL,NULL,NULL,NULL,NULL,'2023-09-14 10:17:31','2023-09-14 10:17:31'),
	(130,'1','Fajar','Nugraha',NULL,'129-1694661451@empty.com',NULL,NULL,NULL,NULL,NULL,NULL,NULL,NULL,NULL,NULL,NULL,NULL,NULL,NULL,NULL,NULL,NULL,NULL,NULL,NULL,NULL,NULL,'2023-09-14 10:17:31','2023-09-14 10:17:31'),
	(131,'1','Mugianto',NULL,NULL,'130-1694661451@empty.com',NULL,NULL,NULL,NULL,NULL,NULL,NULL,NULL,NULL,NULL,NULL,NULL,NULL,NULL,NULL,NULL,NULL,NULL,NULL,NULL,NULL,NULL,'2023-09-14 10:17:31','2023-09-14 10:17:31'),
	(132,'1','Dwi','Agung Pangestu',NULL,'dwiagungpangestu23@gmail.com',NULL,NULL,NULL,NULL,NULL,NULL,NULL,NULL,NULL,NULL,NULL,NULL,NULL,NULL,NULL,NULL,NULL,NULL,NULL,NULL,NULL,NULL,'2023-09-14 10:17:31','2023-09-14 10:17:31'),
	(133,'1','Mohamad','Fahri Caesar',NULL,'keanubavish2130@gmail.com',NULL,NULL,NULL,NULL,NULL,NULL,NULL,NULL,NULL,NULL,NULL,NULL,NULL,NULL,NULL,NULL,NULL,NULL,NULL,NULL,NULL,NULL,'2023-09-14 10:17:31','2023-09-14 10:17:31'),
	(134,'1','Muhamad','Ridwan',NULL,'RIDWANWILSON8@GMAIL.COM',NULL,NULL,NULL,NULL,NULL,NULL,NULL,NULL,NULL,NULL,NULL,NULL,NULL,NULL,NULL,NULL,NULL,NULL,NULL,NULL,NULL,NULL,'2023-09-14 10:17:31','2023-09-14 10:17:31'),
	(135,'1','Charlie','Parulianta Samosir',NULL,'charlieparulianta10003@gmail.com',NULL,NULL,NULL,NULL,NULL,NULL,NULL,NULL,NULL,NULL,NULL,NULL,NULL,NULL,NULL,NULL,NULL,NULL,NULL,NULL,NULL,NULL,'2023-09-14 10:17:32','2023-09-14 10:17:32'),
	(136,'1','Mulyadi',NULL,NULL,'qimulyadi@gmail.com',NULL,NULL,NULL,NULL,NULL,NULL,NULL,NULL,NULL,NULL,NULL,NULL,NULL,NULL,NULL,NULL,NULL,NULL,NULL,NULL,NULL,NULL,'2023-09-14 10:17:32','2023-09-14 10:17:32'),
	(137,'1','Yanto','Musthofa',NULL,'136-1694661452@empty.com',NULL,NULL,NULL,NULL,NULL,NULL,NULL,NULL,NULL,NULL,NULL,NULL,NULL,NULL,NULL,NULL,NULL,NULL,NULL,NULL,NULL,NULL,'2023-09-14 10:17:32','2023-09-14 10:17:32'),
	(138,'1','Yudha','Yudhistira',NULL,'Kasasmitha1606@gmail.com',NULL,NULL,NULL,NULL,NULL,NULL,NULL,NULL,NULL,NULL,NULL,NULL,NULL,NULL,NULL,NULL,NULL,NULL,NULL,NULL,NULL,NULL,'2023-09-14 10:17:32','2023-09-14 10:17:32'),
	(139,'1','Dedy','Ariyandi',NULL,'dedyariyandi84@gmail.com',NULL,NULL,NULL,NULL,NULL,NULL,NULL,NULL,NULL,NULL,NULL,NULL,NULL,NULL,NULL,NULL,NULL,NULL,NULL,NULL,NULL,NULL,'2023-09-14 10:17:32','2023-09-14 10:17:32'),
	(140,'1','Rudiansyah',NULL,NULL,'Rudiansyahh250@gmail.com',NULL,NULL,NULL,NULL,NULL,NULL,NULL,NULL,NULL,NULL,NULL,NULL,NULL,NULL,NULL,NULL,NULL,NULL,NULL,NULL,NULL,NULL,'2023-09-14 10:17:32','2023-09-14 10:17:32'),
	(141,'1','Thaffan','Dimas',NULL,'thaffandimas@gmail.com',NULL,NULL,NULL,NULL,NULL,NULL,NULL,NULL,NULL,NULL,NULL,NULL,NULL,NULL,NULL,NULL,NULL,NULL,NULL,NULL,NULL,NULL,'2023-09-14 10:17:33','2023-09-14 10:17:33'),
	(142,'1','Darwin','Tanjung',NULL,'tanjungdarwin3@gmail.com',NULL,NULL,NULL,NULL,NULL,NULL,NULL,NULL,NULL,NULL,NULL,NULL,NULL,NULL,NULL,NULL,NULL,NULL,NULL,NULL,NULL,NULL,'2023-09-14 10:17:33','2023-09-14 10:17:33'),
	(143,'1','Kris','Krismana',NULL,'Ekisertel@yahoo.co.id',NULL,NULL,NULL,NULL,NULL,NULL,NULL,NULL,NULL,NULL,NULL,NULL,NULL,NULL,NULL,NULL,NULL,NULL,NULL,NULL,NULL,NULL,'2023-09-14 10:17:33','2023-09-14 10:17:33'),
	(144,'1','Sandi','Sobari',NULL,'Sandisobari38@gmail.com',NULL,NULL,NULL,NULL,NULL,NULL,NULL,NULL,NULL,NULL,NULL,NULL,NULL,NULL,NULL,NULL,NULL,NULL,NULL,NULL,NULL,NULL,'2023-09-14 10:17:33','2023-09-14 10:17:33'),
	(145,'1','Andi','Kurniawan Nasution',NULL,'andi@ekanuri.com',NULL,NULL,NULL,NULL,NULL,NULL,NULL,NULL,NULL,NULL,NULL,NULL,NULL,NULL,NULL,NULL,NULL,NULL,NULL,NULL,NULL,NULL,'2023-09-14 10:17:33','2023-09-14 10:17:33'),
	(146,'1','Andrianto',NULL,NULL,'andrianto@ekanuri.com',NULL,NULL,NULL,NULL,NULL,NULL,NULL,NULL,NULL,NULL,NULL,NULL,NULL,NULL,NULL,NULL,NULL,NULL,NULL,NULL,NULL,NULL,'2023-09-14 10:17:33','2023-09-14 10:17:33'),
	(147,'1','Saruddin','Batubara',NULL,'batubara@ekanuri.com',NULL,NULL,NULL,NULL,NULL,NULL,NULL,NULL,NULL,NULL,NULL,NULL,NULL,NULL,NULL,NULL,NULL,NULL,NULL,NULL,NULL,NULL,'2023-09-14 10:17:34','2023-09-14 10:17:34'),
	(148,'1','Adriansyah,','SE',NULL,'adriansyah@ekanuri.com',NULL,NULL,NULL,NULL,NULL,NULL,NULL,NULL,NULL,NULL,NULL,NULL,NULL,NULL,NULL,NULL,NULL,NULL,NULL,NULL,NULL,NULL,'2023-09-14 10:17:34','2023-09-14 10:17:34'),
	(149,'1','Aisya','Hamdan',NULL,'148-1694661454@empty.com',NULL,NULL,NULL,NULL,NULL,NULL,NULL,NULL,NULL,NULL,NULL,NULL,NULL,NULL,NULL,NULL,NULL,NULL,NULL,NULL,NULL,NULL,'2023-09-14 10:17:34','2023-09-14 10:17:34'),
	(150,'1','Apiko','Berlin',NULL,'apikoburnan@gmail.com',NULL,NULL,NULL,NULL,NULL,NULL,NULL,NULL,NULL,NULL,NULL,NULL,NULL,NULL,NULL,NULL,NULL,NULL,NULL,NULL,NULL,NULL,'2023-09-14 10:17:35','2023-09-14 10:17:35'),
	(151,'1','Arifin',NULL,NULL,'arifin@ekanuri.com',NULL,NULL,NULL,NULL,NULL,NULL,NULL,NULL,NULL,NULL,NULL,NULL,NULL,NULL,NULL,NULL,NULL,NULL,NULL,NULL,NULL,NULL,'2023-09-14 10:17:35','2023-09-14 10:17:35'),
	(152,'1','Eka','Fitrasari',NULL,'fitrasarieka@yahoo.co.id',NULL,NULL,NULL,NULL,NULL,NULL,NULL,NULL,NULL,NULL,NULL,NULL,NULL,NULL,NULL,NULL,NULL,NULL,NULL,NULL,NULL,NULL,'2023-09-14 10:17:35','2023-09-14 10:17:35'),
	(153,'1','Ismy','Soerya  Rinjani',NULL,'ismy.rinjany@ekanuri.com',NULL,NULL,NULL,NULL,NULL,NULL,NULL,NULL,NULL,NULL,NULL,NULL,NULL,NULL,NULL,NULL,NULL,NULL,NULL,NULL,NULL,NULL,'2023-09-14 10:17:35','2023-09-14 10:17:35'),
	(154,'1','Kartini','Zakaria',NULL,'titin@ekanuri.com',NULL,NULL,NULL,NULL,NULL,NULL,NULL,NULL,NULL,NULL,NULL,NULL,NULL,NULL,NULL,NULL,NULL,NULL,NULL,NULL,NULL,NULL,'2023-09-14 10:17:35','2023-09-14 10:17:35'),
	(155,'1','Komarudin',NULL,NULL,'komarudin@ekanuri.com',NULL,NULL,NULL,NULL,NULL,NULL,NULL,NULL,NULL,NULL,NULL,NULL,NULL,NULL,NULL,NULL,NULL,NULL,NULL,NULL,NULL,NULL,'2023-09-14 10:17:35','2023-09-14 10:17:35'),
	(156,'1','Patra','Hambora',NULL,'patrahambora@gmail.com',NULL,NULL,NULL,NULL,NULL,NULL,NULL,NULL,NULL,NULL,NULL,NULL,NULL,NULL,NULL,NULL,NULL,NULL,NULL,NULL,NULL,NULL,'2023-09-14 10:17:36','2023-09-14 10:17:36'),
	(157,'1','Siti','Nazili Khasanah',NULL,'Zhili@ekanuri.com',NULL,NULL,NULL,NULL,NULL,NULL,NULL,NULL,NULL,NULL,NULL,NULL,NULL,NULL,NULL,NULL,NULL,NULL,NULL,NULL,NULL,NULL,'2023-09-14 10:17:36','2023-09-14 10:17:36'),
	(158,'1','Tri','Buanawati Asri',NULL,'tbuanawati@yahoo.com',NULL,NULL,NULL,NULL,NULL,NULL,NULL,NULL,NULL,NULL,NULL,NULL,NULL,NULL,NULL,NULL,NULL,NULL,NULL,NULL,NULL,NULL,'2023-09-14 10:17:36','2023-09-14 10:17:36'),
	(159,'1','Tri','Yatno',NULL,'triyatno@ekanuri.com',NULL,NULL,NULL,NULL,NULL,NULL,NULL,NULL,NULL,NULL,NULL,NULL,NULL,NULL,NULL,NULL,NULL,NULL,NULL,NULL,NULL,NULL,'2023-09-14 10:17:36','2023-09-14 10:17:36'),
	(160,'1','Triyanti','Primartiati',NULL,'159-1694661456@empty.com',NULL,NULL,NULL,NULL,NULL,NULL,NULL,NULL,NULL,NULL,NULL,NULL,NULL,NULL,NULL,NULL,NULL,NULL,NULL,NULL,NULL,NULL,'2023-09-14 10:17:36','2023-09-14 10:17:36'),
	(161,'1','Tyrsa','Krismedianty Putri',NULL,'Tyrsaputri@gmail.com',NULL,NULL,NULL,NULL,NULL,NULL,NULL,NULL,NULL,NULL,NULL,NULL,NULL,NULL,NULL,NULL,NULL,NULL,NULL,NULL,NULL,NULL,'2023-09-14 10:17:37','2023-09-14 10:17:37'),
	(162,'1','Yuliana','Halim',NULL,'161-1694661457@empty.com',NULL,NULL,NULL,NULL,NULL,NULL,NULL,NULL,NULL,NULL,NULL,NULL,NULL,NULL,NULL,NULL,NULL,NULL,NULL,NULL,NULL,NULL,'2023-09-14 10:17:37','2023-09-14 10:17:37'),
	(163,'1','Diah','Suriani',NULL,'DIAHSURIANI11@YAHOO.COM',NULL,NULL,NULL,NULL,NULL,NULL,NULL,NULL,NULL,NULL,NULL,NULL,NULL,NULL,NULL,NULL,NULL,NULL,NULL,NULL,NULL,NULL,'2023-09-14 10:17:37','2023-09-14 10:17:37'),
	(164,'1','Yudi','Wahyudi',NULL,'yudi.wahyudi@ekanuri.com',NULL,NULL,NULL,NULL,NULL,NULL,NULL,NULL,NULL,NULL,NULL,NULL,NULL,NULL,NULL,NULL,NULL,NULL,NULL,NULL,NULL,NULL,'2023-09-14 10:17:37','2023-09-14 10:17:37'),
	(165,'1','Novi','Auliya Istiqomah',NULL,'novi.auliya@ekanuri.com',NULL,NULL,NULL,NULL,NULL,NULL,NULL,NULL,NULL,NULL,NULL,NULL,NULL,NULL,NULL,NULL,NULL,NULL,NULL,NULL,NULL,NULL,'2023-09-14 10:17:37','2023-09-14 10:17:37'),
	(166,'1','Cut','Putrie Intan',NULL,'cutputrieintan@gmail.com',NULL,NULL,NULL,NULL,NULL,NULL,NULL,NULL,NULL,NULL,NULL,NULL,NULL,NULL,NULL,NULL,NULL,NULL,NULL,NULL,NULL,NULL,'2023-09-14 10:17:37','2023-09-14 10:17:37'),
	(167,'1','Ricky',NULL,NULL,'rickyarsa04@gmail.com',NULL,NULL,NULL,NULL,NULL,NULL,NULL,NULL,NULL,NULL,NULL,NULL,NULL,NULL,NULL,NULL,NULL,NULL,NULL,NULL,NULL,NULL,'2023-09-14 10:17:38','2023-09-14 10:17:38'),
	(168,'1','Retno','Agustiningsih',NULL,'retnoagustiningsih78@gmail.com',NULL,NULL,NULL,NULL,NULL,NULL,NULL,NULL,NULL,NULL,NULL,NULL,NULL,NULL,NULL,NULL,NULL,NULL,NULL,NULL,NULL,NULL,'2023-09-14 10:17:38','2023-09-14 10:17:38'),
	(169,'1','Riska','Destari',NULL,'riskadestari15@gmail.com',NULL,NULL,NULL,NULL,NULL,NULL,NULL,NULL,NULL,NULL,NULL,NULL,NULL,NULL,NULL,NULL,NULL,NULL,NULL,NULL,NULL,NULL,'2023-09-14 10:17:38','2023-09-14 10:17:38'),
	(170,'1','Rizka','Puji Hastuti',NULL,'rizkapujih@gmail.com',NULL,NULL,NULL,NULL,NULL,NULL,NULL,NULL,NULL,NULL,NULL,NULL,NULL,NULL,NULL,NULL,NULL,NULL,NULL,NULL,NULL,NULL,'2023-09-14 10:17:38','2023-09-14 10:17:38'),
	(171,'1','Ariyani','Kusuma Wardani',NULL,'ariyani@ekanuri.com',NULL,NULL,NULL,NULL,NULL,NULL,NULL,NULL,NULL,NULL,NULL,NULL,NULL,NULL,NULL,NULL,NULL,NULL,NULL,NULL,NULL,NULL,'2023-09-14 10:17:38','2023-09-14 10:17:38'),
	(172,'1','Aditya',NULL,NULL,'aditya@ekanuri.com',NULL,NULL,NULL,NULL,NULL,NULL,NULL,NULL,NULL,NULL,NULL,NULL,NULL,NULL,NULL,NULL,NULL,NULL,NULL,NULL,NULL,NULL,'2023-09-14 10:17:38','2023-09-14 10:17:38'),
	(173,'1','Hafiz','Ali','081314128991','hafiz.ali@ekanuri.com',NULL,NULL,NULL,NULL,NULL,NULL,NULL,'Male','Islam','1986-10-31','Jakarta','Married','14250','B','Indonesia','WNI','DKI Jakarta','Jakarta Utara','Jl. H. Oyar No. 52 RT/RW 003/02 Kel. Pegangsaan Dua, Kec. Kelapa Gading',NULL,NULL,NULL,'2023-09-14 10:17:38','2023-11-22 09:27:26'),
	(174,'1','Mega','Almirasari',NULL,'megaalmirasari@gmail.com',NULL,NULL,NULL,NULL,NULL,NULL,NULL,NULL,NULL,NULL,NULL,NULL,NULL,NULL,NULL,NULL,NULL,NULL,NULL,NULL,NULL,NULL,'2023-09-14 10:17:38','2023-09-14 10:17:38'),
	(175,'1','Gagat','Putra Santiko',NULL,'gagatputra9@gmail.com',NULL,NULL,NULL,NULL,NULL,NULL,NULL,NULL,NULL,NULL,NULL,NULL,NULL,NULL,NULL,NULL,NULL,NULL,NULL,NULL,NULL,NULL,'2023-09-14 10:17:39','2023-09-14 10:17:39'),
	(176,'1','Dion','M. Toduho',NULL,'diontoduho21@gmail.com',NULL,NULL,NULL,NULL,NULL,NULL,NULL,NULL,NULL,NULL,NULL,NULL,NULL,NULL,NULL,NULL,NULL,NULL,NULL,NULL,NULL,NULL,'2023-09-14 10:17:39','2023-09-14 10:17:39'),
	(177,'1','Debby','Veramitha Farhani',NULL,'176-1694661459@empty.com',NULL,NULL,NULL,NULL,NULL,NULL,NULL,NULL,NULL,NULL,NULL,NULL,NULL,NULL,NULL,NULL,NULL,NULL,NULL,NULL,NULL,NULL,'2023-09-14 10:17:39','2023-09-14 10:17:39'),
	(178,'1','Arif','Alfajar',NULL,'177-1694661459@empty.com',NULL,NULL,NULL,NULL,NULL,NULL,NULL,NULL,NULL,NULL,NULL,NULL,NULL,NULL,NULL,NULL,NULL,NULL,NULL,NULL,NULL,NULL,'2023-09-14 10:17:39','2023-09-14 10:17:39'),
	(179,'1','Christian','Daniel Abimanyu',NULL,'christiandanieltambunan@gmail.com',NULL,NULL,NULL,NULL,NULL,NULL,NULL,NULL,NULL,NULL,NULL,NULL,NULL,NULL,NULL,NULL,NULL,NULL,NULL,NULL,NULL,NULL,'2023-09-14 10:17:39','2023-09-14 10:17:39'),
	(180,'1','Friska','Rahmadhani',NULL,'friskarahmadhani7@gmail.com',NULL,NULL,NULL,NULL,NULL,NULL,NULL,NULL,NULL,NULL,NULL,NULL,NULL,NULL,NULL,NULL,NULL,NULL,NULL,NULL,NULL,NULL,'2023-09-14 10:17:39','2023-09-14 10:17:39'),
	(181,'1','Ria','Febrianti',NULL,'riafebrianti2115@gmail.com',NULL,NULL,NULL,NULL,NULL,NULL,NULL,NULL,NULL,NULL,NULL,NULL,NULL,NULL,NULL,NULL,NULL,NULL,NULL,NULL,NULL,NULL,'2023-09-14 10:17:39','2023-09-14 10:17:39'),
	(182,'1','Dudy','Iskandar',NULL,'181-1694661460@empty.com',NULL,NULL,NULL,NULL,NULL,NULL,NULL,NULL,NULL,NULL,NULL,NULL,NULL,NULL,NULL,NULL,NULL,NULL,NULL,NULL,NULL,NULL,'2023-09-14 10:17:40','2023-09-14 10:17:40'),
	(183,'1','Abdul','Malik',NULL,'Abdul.malik@ekanuri.com',NULL,NULL,NULL,NULL,NULL,NULL,NULL,NULL,NULL,NULL,NULL,NULL,NULL,NULL,NULL,NULL,NULL,NULL,NULL,NULL,NULL,NULL,'2023-09-14 10:17:40','2023-09-14 10:17:40'),
	(184,'1','Didi','Turmudi',NULL,'183-1694661460@empty.com',NULL,NULL,NULL,NULL,NULL,NULL,NULL,NULL,NULL,NULL,NULL,NULL,NULL,NULL,NULL,NULL,NULL,NULL,NULL,NULL,NULL,NULL,'2023-09-14 10:17:40','2023-09-14 10:17:40'),
	(185,'1','Didik','Dwi Priyadi',NULL,'didik@ekanuri.com',NULL,NULL,NULL,NULL,NULL,NULL,NULL,NULL,NULL,NULL,NULL,NULL,NULL,NULL,NULL,NULL,NULL,NULL,NULL,NULL,NULL,NULL,'2023-09-14 10:17:40','2023-09-14 10:17:40'),
	(186,'1','Eka','Cempaka Putri',NULL,'ekacempaka.putri@ekanuri.com',NULL,NULL,NULL,NULL,NULL,NULL,NULL,NULL,NULL,NULL,NULL,NULL,NULL,NULL,NULL,NULL,NULL,NULL,NULL,NULL,NULL,NULL,'2023-09-14 10:17:40','2023-09-14 10:17:40'),
	(187,'1','Punto','Wibisono',NULL,'Punto.wibisono@ekanuri.com',NULL,NULL,NULL,NULL,NULL,NULL,NULL,NULL,NULL,NULL,NULL,NULL,NULL,NULL,NULL,NULL,NULL,NULL,NULL,NULL,NULL,NULL,'2023-09-14 10:17:41','2023-09-14 10:17:41'),
	(188,'1','Rini','Anggraeni',NULL,'rini.anggraeni@ekanuri.com',NULL,NULL,NULL,NULL,NULL,NULL,NULL,NULL,NULL,NULL,NULL,NULL,NULL,NULL,NULL,NULL,NULL,NULL,NULL,NULL,NULL,NULL,'2023-09-14 10:17:41','2023-09-14 10:17:41'),
	(189,'1','Umar',NULL,NULL,'188-1694661461@empty.com',NULL,NULL,NULL,NULL,NULL,NULL,NULL,NULL,NULL,NULL,NULL,NULL,NULL,NULL,NULL,NULL,NULL,NULL,NULL,NULL,NULL,NULL,'2023-09-14 10:17:41','2023-09-14 10:17:41'),
	(190,'1','Muhamad Harist','Abdul Fattah',NULL,'tabtahharis@gmail.com',NULL,NULL,NULL,NULL,NULL,NULL,NULL,NULL,NULL,NULL,NULL,NULL,NULL,NULL,NULL,NULL,NULL,NULL,NULL,NULL,NULL,NULL,'2023-09-14 10:17:41','2023-09-14 10:17:41'),
	(191,'1','Suhardhian','Dwisaksana',NULL,'s.dwisaksana@gmail.com',NULL,NULL,NULL,NULL,NULL,NULL,NULL,NULL,NULL,NULL,NULL,NULL,NULL,NULL,NULL,NULL,NULL,NULL,NULL,NULL,NULL,NULL,'2023-09-14 10:17:41','2023-09-14 10:17:41'),
	(192,'1','Febry','Riawan Nizar',NULL,'febri.riawan@ekanuri.com',NULL,NULL,NULL,NULL,NULL,NULL,NULL,NULL,NULL,NULL,NULL,NULL,NULL,NULL,NULL,NULL,NULL,NULL,NULL,NULL,NULL,NULL,'2023-09-14 10:17:42','2023-09-14 10:17:42'),
	(193,'1','Riangga','Ferbi Ramadhan',NULL,'riangga@ekanuri.com',NULL,NULL,NULL,NULL,NULL,NULL,NULL,NULL,NULL,NULL,NULL,NULL,NULL,NULL,NULL,NULL,NULL,NULL,NULL,NULL,NULL,NULL,'2023-09-14 10:17:42','2023-09-14 10:17:42'),
	(194,'1','Aulia','Muhammad Luthfi',NULL,'auliamuhluthfi@gmail.com',NULL,NULL,NULL,NULL,NULL,NULL,NULL,NULL,NULL,NULL,NULL,NULL,NULL,NULL,NULL,NULL,NULL,NULL,NULL,NULL,NULL,NULL,'2023-09-14 10:17:42','2023-09-14 10:17:42'),
	(195,'1','Shafa','Athania Muldayanti',NULL,'194-1694661462@empty.com',NULL,NULL,NULL,NULL,NULL,NULL,NULL,NULL,NULL,NULL,NULL,NULL,NULL,NULL,NULL,NULL,NULL,NULL,NULL,NULL,NULL,NULL,'2023-09-14 10:17:42','2023-09-14 10:17:42'),
	(196,'1','Evi Nur','Setya Ningsih',NULL,'195-1694661462@empty.com',NULL,NULL,NULL,NULL,NULL,NULL,NULL,NULL,NULL,NULL,NULL,NULL,NULL,NULL,NULL,NULL,NULL,NULL,NULL,NULL,NULL,NULL,'2023-09-14 10:17:42','2023-09-14 10:17:42'),
	(197,'1','Rani','Oktaviani',NULL,'196-1694661462@empty.com',NULL,NULL,NULL,NULL,NULL,NULL,NULL,NULL,NULL,NULL,NULL,NULL,NULL,NULL,NULL,NULL,NULL,NULL,NULL,NULL,NULL,NULL,'2023-09-14 10:17:42','2023-09-14 10:17:42'),
	(198,'1','Yuni','Dwi Cahya',NULL,'197-1694661462@empty.com',NULL,NULL,NULL,NULL,NULL,NULL,NULL,NULL,NULL,NULL,NULL,NULL,NULL,NULL,NULL,NULL,NULL,NULL,NULL,NULL,NULL,NULL,'2023-09-14 10:17:42','2023-09-14 10:17:42'),
	(199,'1','Marcely','Caesaria',NULL,'marcelycaesaria07@gmail.com',NULL,NULL,NULL,NULL,NULL,NULL,NULL,NULL,NULL,NULL,NULL,NULL,NULL,NULL,NULL,NULL,NULL,NULL,NULL,NULL,NULL,NULL,'2023-09-14 10:17:43','2023-09-14 10:17:43'),
	(200,'1','Mad Nur',NULL,NULL,'199-1694661463@empty.com',NULL,NULL,NULL,NULL,NULL,NULL,NULL,NULL,NULL,NULL,NULL,NULL,NULL,NULL,NULL,NULL,NULL,NULL,NULL,NULL,NULL,NULL,'2023-09-14 10:17:43','2023-09-14 10:28:14'),
	(201,'1','Muhammad Amin',NULL,NULL,'200-1694661463@empty.com',NULL,NULL,NULL,NULL,NULL,NULL,NULL,NULL,NULL,NULL,NULL,NULL,NULL,NULL,NULL,NULL,NULL,NULL,NULL,NULL,NULL,NULL,'2023-09-14 10:17:43','2023-09-14 10:28:15'),
	(202,'1','Sukarno',NULL,NULL,'201-1694661463@empty.com',NULL,NULL,NULL,NULL,NULL,NULL,NULL,NULL,NULL,NULL,NULL,NULL,NULL,NULL,NULL,NULL,NULL,NULL,NULL,NULL,NULL,NULL,'2023-09-14 10:17:43','2023-09-14 10:28:15'),
	(203,'1','Andi',NULL,NULL,'202-1694661463@empty.com',NULL,NULL,NULL,NULL,NULL,NULL,NULL,NULL,NULL,NULL,NULL,NULL,NULL,NULL,NULL,NULL,NULL,NULL,NULL,NULL,NULL,NULL,'2023-09-14 10:17:43','2023-09-14 10:28:16'),
	(204,'1','Rendi Jayusman',NULL,NULL,'203-1694661464@empty.com',NULL,NULL,NULL,NULL,NULL,NULL,NULL,NULL,NULL,NULL,NULL,NULL,NULL,NULL,NULL,NULL,NULL,NULL,NULL,NULL,NULL,NULL,'2023-09-14 10:17:44','2023-09-14 10:28:16'),
	(205,'1','Daniel Chandra',NULL,NULL,'204-1694661464@empty.com',NULL,NULL,NULL,NULL,NULL,NULL,NULL,NULL,NULL,NULL,NULL,NULL,NULL,NULL,NULL,NULL,NULL,NULL,NULL,NULL,NULL,NULL,'2023-09-14 10:17:44','2023-09-14 10:28:17'),
	(206,'1','Muhamad Fachrurrozi',NULL,NULL,'205-1694661464@empty.com',NULL,NULL,NULL,NULL,NULL,NULL,NULL,NULL,NULL,NULL,NULL,NULL,NULL,NULL,NULL,NULL,NULL,NULL,NULL,NULL,NULL,NULL,'2023-09-14 10:17:44','2023-09-14 10:28:17'),
	(207,'1','Suryana',NULL,NULL,'206-1694661464@empty.com',NULL,NULL,NULL,NULL,NULL,NULL,NULL,NULL,NULL,NULL,NULL,NULL,NULL,NULL,NULL,NULL,NULL,NULL,NULL,NULL,NULL,NULL,'2023-09-14 10:17:44','2023-09-14 10:28:18'),
	(208,'1','Hermansyah B',NULL,NULL,'207-1694661464@empty.com',NULL,NULL,NULL,NULL,NULL,NULL,NULL,NULL,NULL,NULL,NULL,NULL,NULL,NULL,NULL,NULL,NULL,NULL,NULL,NULL,NULL,NULL,'2023-09-14 10:17:44','2023-09-14 10:28:18'),
	(209,'1','Hariyanto',NULL,NULL,'208-1694661464@empty.com',NULL,NULL,NULL,NULL,NULL,NULL,NULL,NULL,NULL,NULL,NULL,NULL,NULL,NULL,NULL,NULL,NULL,NULL,NULL,NULL,NULL,NULL,'2023-09-14 10:17:44','2023-09-14 10:28:19'),
	(210,'1','Abdul Malik',NULL,NULL,'209-1694661464@empty.com',NULL,NULL,NULL,NULL,NULL,NULL,NULL,NULL,NULL,NULL,NULL,NULL,NULL,NULL,NULL,NULL,NULL,NULL,NULL,NULL,NULL,NULL,'2023-09-14 10:17:44','2023-09-14 10:28:19'),
	(211,'1','Agus',NULL,NULL,'210-1694661464@empty.com',NULL,NULL,NULL,NULL,NULL,NULL,NULL,NULL,NULL,NULL,NULL,NULL,NULL,NULL,NULL,NULL,NULL,NULL,NULL,NULL,NULL,NULL,'2023-09-14 10:17:44','2023-09-14 10:28:20'),
	(212,'1','Carto',NULL,NULL,'211-1694661464@empty.com',NULL,NULL,NULL,NULL,NULL,NULL,NULL,NULL,NULL,NULL,NULL,NULL,NULL,NULL,NULL,NULL,NULL,NULL,NULL,NULL,NULL,NULL,'2023-09-14 10:17:44','2023-09-14 10:28:20'),
	(213,'1','Ciswanto',NULL,NULL,'212-1694661465@empty.com',NULL,NULL,NULL,NULL,NULL,NULL,NULL,NULL,NULL,NULL,NULL,NULL,NULL,NULL,NULL,NULL,NULL,NULL,NULL,NULL,NULL,NULL,'2023-09-14 10:17:45','2023-09-14 10:28:21'),
	(214,'1','Dotoy',NULL,NULL,'213-1694661465@empty.com',NULL,NULL,NULL,NULL,NULL,NULL,NULL,NULL,NULL,NULL,NULL,NULL,NULL,NULL,NULL,NULL,NULL,NULL,NULL,NULL,NULL,NULL,'2023-09-14 10:17:45','2023-09-14 10:28:21'),
	(215,'1','Emi Mujaemi',NULL,NULL,'214-1694661465@empty.com',NULL,NULL,NULL,NULL,NULL,NULL,NULL,NULL,NULL,NULL,NULL,NULL,NULL,NULL,NULL,NULL,NULL,NULL,NULL,NULL,NULL,NULL,'2023-09-14 10:17:45','2023-09-14 10:28:22'),
	(216,'1','Hardianto B. Sarmad',NULL,NULL,'215-1694661465@empty.com',NULL,NULL,NULL,NULL,NULL,NULL,NULL,NULL,NULL,NULL,NULL,NULL,NULL,NULL,NULL,NULL,NULL,NULL,NULL,NULL,NULL,NULL,'2023-09-14 10:17:45','2023-09-14 10:28:22'),
	(217,'1','Hermansyah',NULL,NULL,'216-1694661465@empty.com',NULL,NULL,NULL,NULL,NULL,NULL,NULL,NULL,NULL,NULL,NULL,NULL,NULL,NULL,NULL,NULL,NULL,NULL,NULL,NULL,NULL,NULL,'2023-09-14 10:17:45','2023-09-14 10:28:23'),
	(218,'1','Iyan Suryana',NULL,NULL,'217-1694661465@empty.com',NULL,NULL,NULL,NULL,NULL,NULL,NULL,NULL,NULL,NULL,NULL,NULL,NULL,NULL,NULL,NULL,NULL,NULL,NULL,NULL,NULL,NULL,'2023-09-14 10:17:45','2023-09-14 10:28:23'),
	(219,'1','Kusnadi',NULL,NULL,'218-1694661465@empty.com',NULL,NULL,NULL,NULL,NULL,NULL,NULL,NULL,NULL,NULL,NULL,NULL,NULL,NULL,NULL,NULL,NULL,NULL,NULL,NULL,NULL,NULL,'2023-09-14 10:17:45','2023-09-14 10:28:24'),
	(220,'1','Maskin',NULL,NULL,'219-1694661465@empty.com',NULL,NULL,NULL,NULL,NULL,NULL,NULL,NULL,NULL,NULL,NULL,NULL,NULL,NULL,NULL,NULL,NULL,NULL,NULL,NULL,NULL,NULL,'2023-09-14 10:17:45','2023-09-14 10:28:24'),
	(221,'1','Nanang',NULL,NULL,'220-1694661465@empty.com',NULL,NULL,NULL,NULL,NULL,NULL,NULL,NULL,NULL,NULL,NULL,NULL,NULL,NULL,NULL,NULL,NULL,NULL,NULL,NULL,NULL,NULL,'2023-09-14 10:17:45','2023-09-14 10:28:24'),
	(222,'1','Robbiq Sancoko',NULL,NULL,'221-1694661465@empty.com',NULL,NULL,NULL,NULL,NULL,NULL,NULL,NULL,NULL,NULL,NULL,NULL,NULL,NULL,NULL,NULL,NULL,NULL,NULL,NULL,NULL,NULL,'2023-09-14 10:17:45','2023-09-14 10:28:25'),
	(223,'1','Tatang Alyudin',NULL,NULL,'222-1694661466@empty.com',NULL,NULL,NULL,NULL,NULL,NULL,NULL,NULL,NULL,NULL,NULL,NULL,NULL,NULL,NULL,NULL,NULL,NULL,NULL,NULL,NULL,NULL,'2023-09-14 10:17:46','2023-09-14 10:28:25'),
	(224,'1','Waryo',NULL,NULL,'223-1694661466@empty.com',NULL,NULL,NULL,NULL,NULL,NULL,NULL,NULL,NULL,NULL,NULL,NULL,NULL,NULL,NULL,NULL,NULL,NULL,NULL,NULL,NULL,NULL,'2023-09-14 10:17:46','2023-09-14 10:28:26'),
	(225,'1','Yuyun Rahayu',NULL,NULL,'224-1694661466@empty.com',NULL,NULL,NULL,NULL,NULL,NULL,NULL,NULL,NULL,NULL,NULL,NULL,NULL,NULL,NULL,NULL,NULL,NULL,NULL,NULL,NULL,NULL,'2023-09-14 10:17:46','2023-09-14 10:28:26'),
	(226,'1','Muhamad Fikram',NULL,NULL,'225-1694661466@empty.com',NULL,NULL,NULL,NULL,NULL,NULL,NULL,NULL,NULL,NULL,NULL,NULL,NULL,NULL,NULL,NULL,NULL,NULL,NULL,NULL,NULL,NULL,'2023-09-14 10:17:46','2023-09-14 10:28:27'),
	(227,'1','Mauli Hartanto',NULL,NULL,'226-1694661466@empty.com',NULL,NULL,NULL,NULL,NULL,NULL,NULL,NULL,NULL,NULL,NULL,NULL,NULL,NULL,NULL,NULL,NULL,NULL,NULL,NULL,NULL,NULL,'2023-09-14 10:17:46','2023-09-14 10:28:27'),
	(228,'1','Niko Dwi Firmansyah',NULL,NULL,'227-1694661466@empty.com',NULL,NULL,NULL,NULL,NULL,NULL,NULL,NULL,NULL,NULL,NULL,NULL,NULL,NULL,NULL,NULL,NULL,NULL,NULL,NULL,NULL,NULL,'2023-09-14 10:17:46','2023-09-14 10:28:28'),
	(229,'1','Moch. Zaenury',NULL,NULL,'228-1694661466@empty.com',NULL,NULL,NULL,NULL,NULL,NULL,NULL,NULL,NULL,NULL,NULL,NULL,NULL,NULL,NULL,NULL,NULL,NULL,NULL,NULL,NULL,NULL,'2023-09-14 10:17:46','2023-09-14 10:28:29'),
	(230,'1','Madinah Nur',NULL,NULL,'229-1694661466@empty.com',NULL,NULL,NULL,NULL,NULL,NULL,NULL,NULL,NULL,NULL,NULL,NULL,NULL,NULL,NULL,NULL,NULL,NULL,NULL,NULL,NULL,NULL,'2023-09-14 10:17:46','2023-09-14 10:28:29'),
	(231,'1','Erwin Tri Putra Aditya',NULL,NULL,'230-1694661466@empty.com',NULL,NULL,NULL,NULL,NULL,NULL,NULL,NULL,NULL,NULL,NULL,NULL,NULL,NULL,NULL,NULL,NULL,NULL,NULL,NULL,NULL,NULL,'2023-09-14 10:17:46','2023-09-14 10:28:29'),
	(232,'1','Alif Pratama',NULL,NULL,'231-1694661467@empty.com',NULL,NULL,NULL,NULL,NULL,NULL,NULL,NULL,NULL,NULL,NULL,NULL,NULL,NULL,NULL,NULL,NULL,NULL,NULL,NULL,NULL,NULL,'2023-09-14 10:17:47','2023-09-14 10:28:30'),
	(233,'1','Yogi Annaf Ferdiansyah',NULL,NULL,'232-1694661467@empty.com',NULL,NULL,NULL,NULL,NULL,NULL,NULL,NULL,NULL,NULL,NULL,NULL,NULL,NULL,NULL,NULL,NULL,NULL,NULL,NULL,NULL,NULL,'2023-09-14 10:17:47','2023-09-14 10:28:30'),
	(234,'1','Rustam Afandi',NULL,NULL,'233-1694661467@empty.com',NULL,NULL,NULL,NULL,NULL,NULL,NULL,NULL,NULL,NULL,NULL,NULL,NULL,NULL,NULL,NULL,NULL,NULL,NULL,NULL,NULL,NULL,'2023-09-14 10:17:47','2023-09-14 10:28:31'),
	(235,'1','Wais Al Qurni',NULL,NULL,'234-1694661467@empty.com',NULL,NULL,NULL,NULL,NULL,NULL,NULL,NULL,NULL,NULL,NULL,NULL,NULL,NULL,NULL,NULL,NULL,NULL,NULL,NULL,NULL,NULL,'2023-09-14 10:17:47','2023-09-14 10:28:31'),
	(236,'1','Ali Budiyanto',NULL,NULL,'235-1694661467@empty.com',NULL,NULL,NULL,NULL,NULL,NULL,NULL,NULL,NULL,NULL,NULL,NULL,NULL,NULL,NULL,NULL,NULL,NULL,NULL,NULL,NULL,NULL,'2023-09-14 10:17:47','2023-09-14 10:28:32'),
	(237,'1','Mochamad Rio Rifaldi',NULL,NULL,'236-1694661467@empty.com',NULL,NULL,NULL,NULL,NULL,NULL,NULL,NULL,NULL,NULL,NULL,NULL,NULL,NULL,NULL,NULL,NULL,NULL,NULL,NULL,NULL,NULL,'2023-09-14 10:17:47','2023-09-14 10:28:32'),
	(238,'1','Dedi Suhendar',NULL,NULL,'237-1694661467@empty.com',NULL,NULL,NULL,NULL,NULL,NULL,NULL,NULL,NULL,NULL,NULL,NULL,NULL,NULL,NULL,NULL,NULL,NULL,NULL,NULL,NULL,NULL,'2023-09-14 10:17:47','2023-09-14 10:28:33'),
	(239,'1','Suhandi',NULL,NULL,'238-1694661467@empty.com',NULL,NULL,NULL,NULL,NULL,NULL,NULL,NULL,NULL,NULL,NULL,NULL,NULL,NULL,NULL,NULL,NULL,NULL,NULL,NULL,NULL,NULL,'2023-09-14 10:17:47','2023-09-14 10:28:33'),
	(240,'1','Heriyana',NULL,NULL,'239-1694661468@empty.com',NULL,NULL,NULL,NULL,NULL,NULL,NULL,NULL,NULL,NULL,NULL,NULL,NULL,NULL,NULL,NULL,NULL,NULL,NULL,NULL,NULL,NULL,'2023-09-14 10:17:48','2023-09-14 10:28:34'),
	(241,'1','Dandi Kurniawan',NULL,NULL,'240-1694661468@empty.com',NULL,NULL,NULL,NULL,NULL,NULL,NULL,NULL,NULL,NULL,NULL,NULL,NULL,NULL,NULL,NULL,NULL,NULL,NULL,NULL,NULL,NULL,'2023-09-14 10:17:48','2023-09-14 10:28:34'),
	(242,'1','Nanda Saputra',NULL,NULL,'241-1694661468@empty.com',NULL,NULL,NULL,NULL,NULL,NULL,NULL,NULL,NULL,NULL,NULL,NULL,NULL,NULL,NULL,NULL,NULL,NULL,NULL,NULL,NULL,NULL,'2023-09-14 10:17:48','2023-09-14 10:28:35'),
	(243,'1','Jenri Sirait',NULL,NULL,'242-1694661468@empty.com',NULL,NULL,NULL,NULL,NULL,NULL,NULL,NULL,NULL,NULL,NULL,NULL,NULL,NULL,NULL,NULL,NULL,NULL,NULL,NULL,NULL,NULL,'2023-09-14 10:17:48','2023-09-14 10:28:35'),
	(244,'1','Sri Kuncoro',NULL,NULL,'243-1694661468@empty.com',NULL,NULL,NULL,NULL,NULL,NULL,NULL,NULL,NULL,NULL,NULL,NULL,NULL,NULL,NULL,NULL,NULL,NULL,NULL,NULL,NULL,NULL,'2023-09-14 10:17:48','2023-09-14 10:28:36'),
	(245,'1','Wawan Suhendi',NULL,NULL,'244-1694661468@empty.com',NULL,NULL,NULL,NULL,NULL,NULL,NULL,NULL,NULL,NULL,NULL,NULL,NULL,NULL,NULL,NULL,NULL,NULL,NULL,NULL,NULL,NULL,'2023-09-14 10:17:48','2023-09-14 10:28:37'),
	(246,'1','Roma Gabe Oktavian',NULL,NULL,'245-1694661468@empty.com',NULL,NULL,NULL,NULL,NULL,NULL,NULL,NULL,NULL,NULL,NULL,NULL,NULL,NULL,NULL,NULL,NULL,NULL,NULL,NULL,NULL,NULL,'2023-09-14 10:17:48','2023-09-14 10:28:37'),
	(247,'1','Asep Supriyanto',NULL,NULL,'246-1694661469@empty.com',NULL,NULL,NULL,NULL,NULL,NULL,NULL,NULL,NULL,NULL,NULL,NULL,NULL,NULL,NULL,NULL,NULL,NULL,NULL,NULL,NULL,NULL,'2023-09-14 10:17:49','2023-09-14 10:28:37'),
	(248,'1','Ardiansyah Saputra',NULL,NULL,'247-1694661469@empty.com',NULL,NULL,NULL,NULL,NULL,NULL,NULL,NULL,NULL,NULL,NULL,NULL,NULL,NULL,NULL,NULL,NULL,NULL,NULL,NULL,NULL,NULL,'2023-09-14 10:17:49','2023-09-14 10:28:38'),
	(249,'1','Nanda Prasetyo Traya',NULL,NULL,'248-1694661469@empty.com',NULL,NULL,NULL,NULL,NULL,NULL,NULL,NULL,NULL,NULL,NULL,NULL,NULL,NULL,NULL,NULL,NULL,NULL,NULL,NULL,NULL,NULL,'2023-09-14 10:17:49','2023-09-14 10:28:38'),
	(250,'1','Aadon Syahputra',NULL,NULL,'249-1694661469@empty.com',NULL,NULL,NULL,NULL,NULL,NULL,NULL,NULL,NULL,NULL,NULL,NULL,NULL,NULL,NULL,NULL,NULL,NULL,NULL,NULL,NULL,NULL,'2023-09-14 10:17:49','2023-09-14 10:28:39'),
	(251,'1','Hendrik Hendriyana',NULL,NULL,'250-1694661469@empty.com',NULL,NULL,NULL,NULL,NULL,NULL,NULL,NULL,NULL,NULL,NULL,NULL,NULL,NULL,NULL,NULL,NULL,NULL,NULL,NULL,NULL,NULL,'2023-09-14 10:17:49','2023-09-14 10:28:40'),
	(252,'1','Ari Saputra',NULL,NULL,'251-1694661469@empty.com',NULL,NULL,NULL,NULL,NULL,NULL,NULL,NULL,NULL,NULL,NULL,NULL,NULL,NULL,NULL,NULL,NULL,NULL,NULL,NULL,NULL,NULL,'2023-09-14 10:17:49','2023-09-14 10:28:40'),
	(253,'1','Achmad Firmansyah',NULL,NULL,'252-1694661469@empty.com',NULL,NULL,NULL,NULL,NULL,NULL,NULL,NULL,NULL,NULL,NULL,NULL,NULL,NULL,NULL,NULL,NULL,NULL,NULL,NULL,NULL,NULL,'2023-09-14 10:17:49','2023-09-14 10:28:40'),
	(254,'1','Pandi Akbar',NULL,NULL,'253-1694661469@empty.com',NULL,NULL,NULL,NULL,NULL,NULL,NULL,NULL,NULL,NULL,NULL,NULL,NULL,NULL,NULL,NULL,NULL,NULL,NULL,NULL,NULL,NULL,'2023-09-14 10:17:49','2023-09-14 10:28:41'),
	(255,'1','M Yusuf Iskandar',NULL,NULL,'254-1694661470@empty.com',NULL,NULL,NULL,NULL,NULL,NULL,NULL,NULL,NULL,NULL,NULL,NULL,NULL,NULL,NULL,NULL,NULL,NULL,NULL,NULL,NULL,NULL,'2023-09-14 10:17:50','2023-09-14 10:28:41'),
	(256,'1','Sukardi',NULL,NULL,'255-1694661470@empty.com',NULL,NULL,NULL,NULL,NULL,NULL,NULL,NULL,NULL,NULL,NULL,NULL,NULL,NULL,NULL,NULL,NULL,NULL,NULL,NULL,NULL,NULL,'2023-09-14 10:17:50','2023-09-14 10:28:42'),
	(257,'1','Zulfikar',NULL,NULL,'256-1694661470@empty.com',NULL,NULL,NULL,NULL,NULL,NULL,NULL,NULL,NULL,NULL,NULL,NULL,NULL,NULL,NULL,NULL,NULL,NULL,NULL,NULL,NULL,NULL,'2023-09-14 10:17:50','2023-09-14 10:28:42'),
	(258,'1','Yosef Permana',NULL,NULL,'257-1694661471@empty.com',NULL,NULL,NULL,NULL,NULL,NULL,NULL,NULL,NULL,NULL,NULL,NULL,NULL,NULL,NULL,NULL,NULL,NULL,NULL,NULL,NULL,NULL,'2023-09-14 10:17:51','2023-09-14 10:28:43'),
	(259,'1','Dwi Liskardiana',NULL,NULL,'258-1694661471@empty.com',NULL,NULL,NULL,NULL,NULL,NULL,NULL,NULL,NULL,NULL,NULL,NULL,NULL,NULL,NULL,NULL,NULL,NULL,NULL,NULL,NULL,NULL,'2023-09-14 10:17:51','2023-09-14 10:28:43'),
	(260,'1','Hendri B.',NULL,NULL,'259-1694661471@empty.com',NULL,NULL,NULL,NULL,NULL,NULL,NULL,NULL,NULL,NULL,NULL,NULL,NULL,NULL,NULL,NULL,NULL,NULL,NULL,NULL,NULL,NULL,'2023-09-14 10:17:51','2023-09-14 10:28:44'),
	(261,'1','Lukman',NULL,NULL,'260-1694661472@empty.com',NULL,NULL,NULL,NULL,NULL,NULL,NULL,NULL,NULL,NULL,NULL,NULL,NULL,NULL,NULL,NULL,NULL,NULL,NULL,NULL,NULL,NULL,'2023-09-14 10:17:52','2023-09-14 10:28:44'),
	(262,'1','Rasidi',NULL,NULL,'261-1694661472@empty.com',NULL,NULL,NULL,NULL,NULL,NULL,NULL,NULL,NULL,NULL,NULL,NULL,NULL,NULL,NULL,NULL,NULL,NULL,NULL,NULL,NULL,NULL,'2023-09-14 10:17:52','2023-09-14 10:28:45'),
	(263,'1','M. Aris Risnandar',NULL,NULL,'262-1694661472@empty.com',NULL,NULL,NULL,NULL,NULL,NULL,NULL,NULL,NULL,NULL,NULL,NULL,NULL,NULL,NULL,NULL,NULL,NULL,NULL,NULL,NULL,NULL,'2023-09-14 10:17:52','2023-09-14 10:28:45'),
	(264,'1','Pangky R Arnanda P',NULL,NULL,'263-1694661472@empty.com',NULL,NULL,NULL,NULL,NULL,NULL,NULL,NULL,NULL,NULL,NULL,NULL,NULL,NULL,NULL,NULL,NULL,NULL,NULL,NULL,NULL,NULL,'2023-09-14 10:17:52','2023-09-14 10:28:46'),
	(265,'1','Ade Sobandi',NULL,NULL,'264-1694661472@empty.com',NULL,NULL,NULL,NULL,NULL,NULL,NULL,NULL,NULL,NULL,NULL,NULL,NULL,NULL,NULL,NULL,NULL,NULL,NULL,NULL,NULL,NULL,'2023-09-14 10:17:52','2023-09-14 10:28:46'),
	(266,'1','Hari Romadhon',NULL,NULL,'265-1694661472@empty.com',NULL,NULL,NULL,NULL,NULL,NULL,NULL,NULL,NULL,NULL,NULL,NULL,NULL,NULL,NULL,NULL,NULL,NULL,NULL,NULL,NULL,NULL,'2023-09-14 10:17:52','2023-09-14 10:28:47'),
	(267,'1','Suwandi',NULL,NULL,'266-1694661473@empty.com',NULL,NULL,NULL,NULL,NULL,NULL,NULL,NULL,NULL,NULL,NULL,NULL,NULL,NULL,NULL,NULL,NULL,NULL,NULL,NULL,NULL,NULL,'2023-09-14 10:17:53','2023-09-14 10:28:47'),
	(268,'1','Muhammad Darmadji',NULL,NULL,'267-1694661473@empty.com',NULL,NULL,NULL,NULL,NULL,NULL,NULL,NULL,NULL,NULL,NULL,NULL,NULL,NULL,NULL,NULL,NULL,NULL,NULL,NULL,NULL,NULL,'2023-09-14 10:17:53','2023-09-14 10:28:48'),
	(269,'1','Dede Kurniawan',NULL,NULL,'268-1694661473@empty.com',NULL,NULL,NULL,NULL,NULL,NULL,NULL,NULL,NULL,NULL,NULL,NULL,NULL,NULL,NULL,NULL,NULL,NULL,NULL,NULL,NULL,NULL,'2023-09-14 10:17:53','2023-09-14 10:28:48'),
	(270,'1','Wahid Kamil',NULL,NULL,'269-1694661473@empty.com',NULL,NULL,NULL,NULL,NULL,NULL,NULL,NULL,NULL,NULL,NULL,NULL,NULL,NULL,NULL,NULL,NULL,NULL,NULL,NULL,NULL,NULL,'2023-09-14 10:17:53','2023-09-14 10:28:49'),
	(271,'1','Boby Anggara',NULL,NULL,'270-1694661473@empty.com',NULL,NULL,NULL,NULL,NULL,NULL,NULL,NULL,NULL,NULL,NULL,NULL,NULL,NULL,NULL,NULL,NULL,NULL,NULL,NULL,NULL,NULL,'2023-09-14 10:17:53','2023-09-14 10:28:49'),
	(272,'1','Yoga Permana',NULL,NULL,'271-1694661473@empty.com',NULL,NULL,NULL,NULL,NULL,NULL,NULL,NULL,NULL,NULL,NULL,NULL,NULL,NULL,NULL,NULL,NULL,NULL,NULL,NULL,NULL,NULL,'2023-09-14 10:17:53','2023-09-14 10:28:50'),
	(273,'1','Muhammad Muchair ',NULL,NULL,'272-1694661473@empty.com',NULL,NULL,NULL,NULL,NULL,NULL,NULL,NULL,NULL,NULL,NULL,NULL,NULL,NULL,NULL,NULL,NULL,NULL,NULL,NULL,NULL,NULL,'2023-09-14 10:17:53','2023-09-14 10:28:50'),
	(274,'1','Doni Saepudin',NULL,NULL,'273-1694661473@empty.com',NULL,NULL,NULL,NULL,NULL,NULL,NULL,NULL,NULL,NULL,NULL,NULL,NULL,NULL,NULL,NULL,NULL,NULL,NULL,NULL,NULL,NULL,'2023-09-14 10:17:53','2023-09-14 10:28:51'),
	(275,'1','Muhammad Panji',NULL,NULL,'274-1694661474@empty.com',NULL,NULL,NULL,NULL,NULL,NULL,NULL,NULL,NULL,NULL,NULL,NULL,NULL,NULL,NULL,NULL,NULL,NULL,NULL,NULL,NULL,NULL,'2023-09-14 10:17:54','2023-09-14 10:28:51'),
	(276,'1','Syarif Hidayat',NULL,NULL,'275-1694661474@empty.com',NULL,NULL,NULL,NULL,NULL,NULL,NULL,NULL,NULL,NULL,NULL,NULL,NULL,NULL,NULL,NULL,NULL,NULL,NULL,NULL,NULL,NULL,'2023-09-14 10:17:54','2023-09-14 10:28:52'),
	(277,'1','Ali Akbar',NULL,NULL,'276-1694661474@empty.com',NULL,NULL,NULL,NULL,NULL,NULL,NULL,NULL,NULL,NULL,NULL,NULL,NULL,NULL,NULL,NULL,NULL,NULL,NULL,NULL,NULL,NULL,'2023-09-14 10:17:54','2023-09-14 10:28:52'),
	(278,'1','Achmad Syaiful',NULL,NULL,'277-1694661474@empty.com',NULL,NULL,NULL,NULL,NULL,NULL,NULL,NULL,NULL,NULL,NULL,NULL,NULL,NULL,NULL,NULL,NULL,NULL,NULL,NULL,NULL,NULL,'2023-09-14 10:17:54','2023-09-14 10:28:53'),
	(279,'1','Suhanda',NULL,NULL,'278-1694661474@empty.com',NULL,NULL,NULL,NULL,NULL,NULL,NULL,NULL,NULL,NULL,NULL,NULL,NULL,NULL,NULL,NULL,NULL,NULL,NULL,NULL,NULL,NULL,'2023-09-14 10:17:54','2023-09-14 10:28:53'),
	(280,'1','Reza Rizqi Oktaviani',NULL,NULL,'279-1694661475@empty.com',NULL,NULL,NULL,NULL,NULL,NULL,NULL,NULL,NULL,NULL,NULL,NULL,NULL,NULL,NULL,NULL,NULL,NULL,NULL,NULL,NULL,NULL,'2023-09-14 10:17:55','2023-09-14 10:28:54'),
	(281,'1','Kurnia Misar',NULL,NULL,'280-1694661475@empty.com',NULL,NULL,NULL,NULL,NULL,NULL,NULL,NULL,NULL,NULL,NULL,NULL,NULL,NULL,NULL,NULL,NULL,NULL,NULL,NULL,NULL,NULL,'2023-09-14 10:17:55','2023-09-14 10:28:54'),
	(282,'1','Suyitno',NULL,NULL,'281-1694661475@empty.com',NULL,NULL,NULL,NULL,NULL,NULL,NULL,NULL,NULL,NULL,NULL,NULL,NULL,NULL,NULL,NULL,NULL,NULL,NULL,NULL,NULL,NULL,'2023-09-14 10:17:55','2023-09-14 10:28:55'),
	(283,'1','Aditya Hermawan',NULL,NULL,'282-1694661475@empty.com',NULL,NULL,NULL,NULL,NULL,NULL,NULL,NULL,NULL,NULL,NULL,NULL,NULL,NULL,NULL,NULL,NULL,NULL,NULL,NULL,NULL,NULL,'2023-09-14 10:17:55','2023-09-14 10:28:55'),
	(284,'1','Alia Palestina',NULL,NULL,'283-1694661475@empty.com',NULL,NULL,NULL,NULL,NULL,NULL,NULL,NULL,NULL,NULL,NULL,NULL,NULL,NULL,NULL,NULL,NULL,NULL,NULL,NULL,NULL,NULL,'2023-09-14 10:17:55','2023-09-14 10:28:56'),
	(285,'1','Rasisno',NULL,NULL,'284-1694661475@empty.com',NULL,NULL,NULL,NULL,NULL,NULL,NULL,NULL,NULL,NULL,NULL,NULL,NULL,NULL,NULL,NULL,NULL,NULL,NULL,NULL,NULL,NULL,'2023-09-14 10:17:55','2023-09-14 10:28:56'),
	(286,'1','Lisnawati',NULL,NULL,'285-1694661476@empty.com',NULL,NULL,NULL,NULL,NULL,NULL,NULL,NULL,NULL,NULL,NULL,NULL,NULL,NULL,NULL,NULL,NULL,NULL,NULL,NULL,NULL,NULL,'2023-09-14 10:17:56','2023-09-14 10:28:57'),
	(287,'1','Tubagus Sukarnan',NULL,NULL,'286-1694661476@empty.com',NULL,NULL,NULL,NULL,NULL,NULL,NULL,NULL,NULL,NULL,NULL,NULL,NULL,NULL,NULL,NULL,NULL,NULL,NULL,NULL,NULL,NULL,'2023-09-14 10:17:56','2023-09-14 10:28:57'),
	(288,'1','Ayu Lestari',NULL,NULL,'287-1694661476@empty.com',NULL,NULL,NULL,NULL,NULL,NULL,NULL,NULL,NULL,NULL,NULL,NULL,NULL,NULL,NULL,NULL,NULL,NULL,NULL,NULL,NULL,NULL,'2023-09-14 10:17:56','2023-09-14 10:28:58'),
	(289,'1','Ananda Wulandari',NULL,NULL,'288-1694661476@empty.com',NULL,NULL,NULL,NULL,NULL,NULL,NULL,NULL,NULL,NULL,NULL,NULL,NULL,NULL,NULL,NULL,NULL,NULL,NULL,NULL,NULL,NULL,'2023-09-14 10:17:56','2023-09-14 10:28:58'),
	(290,'1','Mohammad Ali',NULL,NULL,'289-1694661477@empty.com',NULL,NULL,NULL,NULL,NULL,NULL,NULL,NULL,NULL,NULL,NULL,NULL,NULL,NULL,NULL,NULL,NULL,NULL,NULL,NULL,NULL,NULL,'2023-09-14 10:17:57','2023-09-14 10:28:59'),
	(291,'1','Fenly Yerri Bororing',NULL,NULL,'290-1694661477@empty.com',NULL,NULL,NULL,NULL,NULL,NULL,NULL,NULL,NULL,NULL,NULL,NULL,NULL,NULL,NULL,NULL,NULL,NULL,NULL,NULL,NULL,NULL,'2023-09-14 10:17:57','2023-09-14 10:28:59'),
	(292,'1','Achmad Sanusi',NULL,NULL,'291-1694661477@empty.com',NULL,NULL,NULL,NULL,NULL,NULL,NULL,NULL,NULL,NULL,NULL,NULL,NULL,NULL,NULL,NULL,NULL,NULL,NULL,NULL,NULL,NULL,'2023-09-14 10:17:57','2023-09-14 10:29:00'),
	(293,'1','Sunara',NULL,NULL,'292-1694661477@empty.com',NULL,NULL,NULL,NULL,NULL,NULL,NULL,NULL,NULL,NULL,NULL,NULL,NULL,NULL,NULL,NULL,NULL,NULL,NULL,NULL,NULL,NULL,'2023-09-14 10:17:57','2023-09-14 10:29:00'),
	(294,'1','Agnanto Adi Wibowo',NULL,NULL,'293-1694661477@empty.com',NULL,NULL,NULL,NULL,NULL,NULL,NULL,NULL,NULL,NULL,NULL,NULL,NULL,NULL,NULL,NULL,NULL,NULL,NULL,NULL,NULL,NULL,'2023-09-14 10:17:57','2023-09-14 10:29:01'),
	(295,'1','Helip Prawoto',NULL,NULL,'294-1694661478@empty.com',NULL,NULL,NULL,NULL,NULL,NULL,NULL,NULL,NULL,NULL,NULL,NULL,NULL,NULL,NULL,NULL,NULL,NULL,NULL,NULL,NULL,NULL,'2023-09-14 10:17:58','2023-09-14 10:29:01'),
	(296,'1','Ikhsan',NULL,NULL,'295-1694661478@empty.com',NULL,NULL,NULL,NULL,NULL,NULL,NULL,NULL,NULL,NULL,NULL,NULL,NULL,NULL,NULL,NULL,NULL,NULL,NULL,NULL,NULL,NULL,'2023-09-14 10:17:58','2023-09-14 10:29:02'),
	(297,'1','Rio Sulaksono',NULL,NULL,'296-1694661478@empty.com',NULL,NULL,NULL,NULL,NULL,NULL,NULL,NULL,NULL,NULL,NULL,NULL,NULL,NULL,NULL,NULL,NULL,NULL,NULL,NULL,NULL,NULL,'2023-09-14 10:17:58','2023-09-14 10:29:02'),
	(298,'1','Dedy Hermawan',NULL,NULL,'297-1694661478@empty.com',NULL,NULL,NULL,NULL,NULL,NULL,NULL,NULL,NULL,NULL,NULL,NULL,NULL,NULL,NULL,NULL,NULL,NULL,NULL,NULL,NULL,NULL,'2023-09-14 10:17:58','2023-09-14 10:29:03'),
	(299,'1','Ratnawulan Endah Pratiwi',NULL,NULL,'298-1694661478@empty.com',NULL,NULL,NULL,NULL,NULL,NULL,NULL,NULL,NULL,NULL,NULL,NULL,NULL,NULL,NULL,NULL,NULL,NULL,NULL,NULL,NULL,NULL,'2023-09-14 10:17:58','2023-09-14 10:29:03'),
	(300,'1','Yenny Yessica',NULL,NULL,'299-1694661479@empty.com',NULL,NULL,NULL,NULL,NULL,NULL,NULL,NULL,NULL,NULL,NULL,NULL,NULL,NULL,NULL,NULL,NULL,NULL,NULL,NULL,NULL,NULL,'2023-09-14 10:17:59','2023-09-14 10:29:04'),
	(301,'1','Abdul Rozak',NULL,NULL,'300-1694661479@empty.com',NULL,NULL,NULL,NULL,NULL,NULL,NULL,NULL,NULL,NULL,NULL,NULL,NULL,NULL,NULL,NULL,NULL,NULL,NULL,NULL,NULL,NULL,'2023-09-14 10:17:59','2023-09-14 10:29:04'),
	(302,'1','Aden Sukma Mulia',NULL,NULL,'301-1694661479@empty.com',NULL,NULL,NULL,NULL,NULL,NULL,NULL,NULL,NULL,NULL,NULL,NULL,NULL,NULL,NULL,NULL,NULL,NULL,NULL,NULL,NULL,NULL,'2023-09-14 10:17:59','2023-09-14 10:29:05'),
	(303,'1','Sun Wahyono',NULL,NULL,'302-1694661480@empty.com',NULL,NULL,NULL,NULL,NULL,NULL,NULL,NULL,NULL,NULL,NULL,NULL,NULL,NULL,NULL,NULL,NULL,NULL,NULL,NULL,NULL,NULL,'2023-09-14 10:18:00','2023-09-14 10:29:05'),
	(304,'1','Andi Susanto',NULL,NULL,'303-1694661480@empty.com',NULL,NULL,NULL,NULL,NULL,NULL,NULL,NULL,NULL,NULL,NULL,NULL,NULL,NULL,NULL,NULL,NULL,NULL,NULL,NULL,NULL,NULL,'2023-09-14 10:18:00','2023-09-14 10:29:06'),
	(305,'1','Agus Dwiantoro',NULL,NULL,'304-1694661480@empty.com',NULL,NULL,NULL,NULL,NULL,NULL,NULL,NULL,NULL,NULL,NULL,NULL,NULL,NULL,NULL,NULL,NULL,NULL,NULL,NULL,NULL,NULL,'2023-09-14 10:18:00','2023-09-14 10:29:06'),
	(306,'1','Zulham Rahimi',NULL,NULL,'305-1694661481@empty.com',NULL,NULL,NULL,NULL,NULL,NULL,NULL,NULL,NULL,NULL,NULL,NULL,NULL,NULL,NULL,NULL,NULL,NULL,NULL,NULL,NULL,NULL,'2023-09-14 10:18:01','2023-09-14 10:29:07'),
	(307,'1','Andriyan',NULL,NULL,'306-1694661481@empty.com',NULL,NULL,NULL,NULL,NULL,NULL,NULL,NULL,NULL,NULL,NULL,NULL,NULL,NULL,NULL,NULL,NULL,NULL,NULL,NULL,NULL,NULL,'2023-09-14 10:18:01','2023-09-14 10:29:07'),
	(308,'1','Ikbal Budi Ardi',NULL,NULL,'307-1694661481@empty.com',NULL,NULL,NULL,NULL,NULL,NULL,NULL,NULL,NULL,NULL,NULL,NULL,NULL,NULL,NULL,NULL,NULL,NULL,NULL,NULL,NULL,NULL,'2023-09-14 10:18:01','2023-09-14 10:29:08'),
	(309,'1','Fachri Reza Bey',NULL,NULL,'308-1694661481@empty.com',NULL,NULL,NULL,NULL,NULL,NULL,NULL,NULL,NULL,NULL,NULL,NULL,NULL,NULL,NULL,NULL,NULL,NULL,NULL,NULL,NULL,NULL,'2023-09-14 10:18:01','2023-09-14 10:29:08'),
	(310,'1','Zuhdi Ilmawan',NULL,NULL,'309-1694661481@empty.com',NULL,NULL,NULL,NULL,NULL,NULL,NULL,NULL,NULL,NULL,NULL,NULL,NULL,NULL,NULL,NULL,NULL,NULL,NULL,NULL,NULL,NULL,'2023-09-14 10:18:01','2023-09-14 10:29:09'),
	(311,'1','Laksono Jati Utomo',NULL,NULL,'310-1694661482@empty.com',NULL,NULL,NULL,NULL,NULL,NULL,NULL,NULL,NULL,NULL,NULL,NULL,NULL,NULL,NULL,NULL,NULL,NULL,NULL,NULL,NULL,NULL,'2023-09-14 10:18:02','2023-09-14 10:29:09'),
	(312,'1','Rahmadi Manurung',NULL,NULL,'311-1694661482@empty.com',NULL,NULL,NULL,NULL,NULL,NULL,NULL,NULL,NULL,NULL,NULL,NULL,NULL,NULL,NULL,NULL,NULL,NULL,NULL,NULL,NULL,NULL,'2023-09-14 10:18:02','2023-09-14 10:29:10'),
	(313,'1','Muhamad Fikrie Pamungkas',NULL,NULL,'312-1694661482@empty.com',NULL,NULL,NULL,NULL,NULL,NULL,NULL,NULL,NULL,NULL,NULL,NULL,NULL,NULL,NULL,NULL,NULL,NULL,NULL,NULL,NULL,NULL,'2023-09-14 10:18:02','2023-09-14 10:29:10'),
	(314,'1','Saeful Rohman',NULL,NULL,'313-1694661482@empty.com',NULL,NULL,NULL,NULL,NULL,NULL,NULL,NULL,NULL,NULL,NULL,NULL,NULL,NULL,NULL,NULL,NULL,NULL,NULL,NULL,NULL,NULL,'2023-09-14 10:18:02','2023-09-14 10:29:10'),
	(315,'1','Budi Sofyan',NULL,NULL,'314-1694661482@empty.com',NULL,NULL,NULL,NULL,NULL,NULL,NULL,NULL,NULL,NULL,NULL,NULL,NULL,NULL,NULL,NULL,NULL,NULL,NULL,NULL,NULL,NULL,'2023-09-14 10:18:02','2023-09-14 10:29:11'),
	(316,'1','Maria Christi Oktaviana',NULL,NULL,'315-1694661482@empty.com',NULL,NULL,NULL,NULL,NULL,NULL,NULL,NULL,NULL,NULL,NULL,NULL,NULL,NULL,NULL,NULL,NULL,NULL,NULL,NULL,NULL,NULL,'2023-09-14 10:18:02','2023-09-14 10:29:11'),
	(317,'1','Abdul Latief',NULL,NULL,'316-1694661483@empty.com',NULL,NULL,NULL,NULL,NULL,NULL,NULL,NULL,NULL,NULL,NULL,NULL,NULL,NULL,NULL,NULL,NULL,NULL,NULL,NULL,NULL,NULL,'2023-09-14 10:18:03','2023-09-14 10:29:12'),
	(318,'1','Juwahir',NULL,NULL,'317-1694661483@empty.com',NULL,NULL,NULL,NULL,NULL,NULL,NULL,NULL,NULL,NULL,NULL,NULL,NULL,NULL,NULL,NULL,NULL,NULL,NULL,NULL,NULL,NULL,'2023-09-14 10:18:03','2023-09-14 10:29:12'),
	(319,'1','Arif Budianto',NULL,NULL,'318-1694661483@empty.com',NULL,NULL,NULL,NULL,NULL,NULL,NULL,NULL,NULL,NULL,NULL,NULL,NULL,NULL,NULL,NULL,NULL,NULL,NULL,NULL,NULL,NULL,'2023-09-14 10:18:03','2023-09-14 10:29:13'),
	(320,'1','Ady Imam Prasetyo',NULL,NULL,'319-1694661483@empty.com',NULL,NULL,NULL,NULL,NULL,NULL,NULL,NULL,NULL,NULL,NULL,NULL,NULL,NULL,NULL,NULL,NULL,NULL,NULL,NULL,NULL,NULL,'2023-09-14 10:18:03','2023-09-14 10:29:13'),
	(321,'1','Muhammad Indra Saputra',NULL,NULL,'320-1694661484@empty.com',NULL,NULL,NULL,NULL,NULL,NULL,NULL,NULL,NULL,NULL,NULL,NULL,NULL,NULL,NULL,NULL,NULL,NULL,NULL,NULL,NULL,NULL,'2023-09-14 10:18:04','2023-09-14 10:29:14'),
	(322,'1','Deri Heriyana',NULL,NULL,'321-1694661484@empty.com',NULL,NULL,NULL,NULL,NULL,NULL,NULL,NULL,NULL,NULL,NULL,NULL,NULL,NULL,NULL,NULL,NULL,NULL,NULL,NULL,NULL,NULL,'2023-09-14 10:18:04','2023-09-14 10:29:14'),
	(323,'1','Widiya Intan Ayu Haryono',NULL,NULL,'322-1694661484@empty.com',NULL,NULL,NULL,NULL,NULL,NULL,NULL,NULL,NULL,NULL,NULL,NULL,NULL,NULL,NULL,NULL,NULL,NULL,NULL,NULL,NULL,NULL,'2023-09-14 10:18:04','2023-09-14 10:29:15'),
	(324,'1','Hilmy Afrian',NULL,NULL,'323-1694661485@empty.com',NULL,NULL,NULL,NULL,NULL,NULL,NULL,NULL,NULL,NULL,NULL,NULL,NULL,NULL,NULL,NULL,NULL,NULL,NULL,NULL,NULL,NULL,'2023-09-14 10:18:05','2023-09-14 10:29:15'),
	(325,'1','Aris Kristiyanto',NULL,NULL,'324-1694661485@empty.com',NULL,NULL,NULL,NULL,NULL,NULL,NULL,NULL,NULL,NULL,NULL,NULL,NULL,NULL,NULL,NULL,NULL,NULL,NULL,NULL,NULL,NULL,'2023-09-14 10:18:05','2023-09-14 10:29:16'),
	(326,'1','Ibnu Ahmad Fauzi',NULL,NULL,'325-1694661485@empty.com',NULL,NULL,NULL,NULL,NULL,NULL,NULL,NULL,NULL,NULL,NULL,NULL,NULL,NULL,NULL,NULL,NULL,NULL,NULL,NULL,NULL,NULL,'2023-09-14 10:18:05','2023-09-14 10:29:16'),
	(327,'1','Dimas Yanuar Adhi Purwopranggoro',NULL,NULL,'326-1694661485@empty.com',NULL,NULL,NULL,NULL,NULL,NULL,NULL,NULL,NULL,NULL,NULL,NULL,NULL,NULL,NULL,NULL,NULL,NULL,NULL,NULL,NULL,NULL,'2023-09-14 10:18:05','2023-09-14 10:29:17'),
	(328,'1','Solikul Huda',NULL,NULL,'327-1694661485@empty.com',NULL,NULL,NULL,NULL,NULL,NULL,NULL,NULL,NULL,NULL,NULL,NULL,NULL,NULL,NULL,NULL,NULL,NULL,NULL,NULL,NULL,NULL,'2023-09-14 10:18:05','2023-09-14 10:29:17'),
	(329,'1','Muhammad Syauqi Bayano',NULL,NULL,'328-1694661485@empty.com',NULL,NULL,NULL,NULL,NULL,NULL,NULL,NULL,NULL,NULL,NULL,NULL,NULL,NULL,NULL,NULL,NULL,NULL,NULL,NULL,NULL,NULL,'2023-09-14 10:18:05','2023-09-14 10:29:18'),
	(330,'1','Ahmad Sulhan Masrur',NULL,NULL,'329-1694661485@empty.com',NULL,NULL,NULL,NULL,NULL,NULL,NULL,NULL,NULL,NULL,NULL,NULL,NULL,NULL,NULL,NULL,NULL,NULL,NULL,NULL,NULL,NULL,'2023-09-14 10:18:05','2023-09-14 10:29:18'),
	(331,'1','Ridho Ibnu Said',NULL,NULL,'330-1694661486@empty.com',NULL,NULL,NULL,NULL,NULL,NULL,NULL,NULL,NULL,NULL,NULL,NULL,NULL,NULL,NULL,NULL,NULL,NULL,NULL,NULL,NULL,NULL,'2023-09-14 10:18:06','2023-09-14 10:29:19'),
	(332,'1','Khoirul Faisal Fadli',NULL,NULL,'331-1694661486@empty.com',NULL,NULL,NULL,NULL,NULL,NULL,NULL,NULL,NULL,NULL,NULL,NULL,NULL,NULL,NULL,NULL,NULL,NULL,NULL,NULL,NULL,NULL,'2023-09-14 10:18:06','2023-09-14 10:29:19'),
	(333,'1','Dear Arita Pratama Saragih',NULL,NULL,'332-1694661486@empty.com',NULL,NULL,NULL,NULL,NULL,NULL,NULL,NULL,NULL,NULL,NULL,NULL,NULL,NULL,NULL,NULL,NULL,NULL,NULL,NULL,NULL,NULL,'2023-09-14 10:18:06','2023-09-14 10:29:20'),
	(334,'1','Wahyuni Sukma Tyaswari',NULL,NULL,'333-1694661486@empty.com',NULL,NULL,NULL,NULL,NULL,NULL,NULL,NULL,NULL,NULL,NULL,NULL,NULL,NULL,NULL,NULL,NULL,NULL,NULL,NULL,NULL,NULL,'2023-09-14 10:18:06','2023-09-14 10:29:20'),
	(335,'1','Bimo Fajar Aditama',NULL,NULL,'334-1694661486@empty.com',NULL,NULL,NULL,NULL,NULL,NULL,NULL,NULL,NULL,NULL,NULL,NULL,NULL,NULL,NULL,NULL,NULL,NULL,NULL,NULL,NULL,NULL,'2023-09-14 10:18:06','2023-09-14 10:29:21'),
	(336,'1','Muhammad Anggito Wibisono',NULL,NULL,'335-1694661486@empty.com',NULL,NULL,NULL,NULL,NULL,NULL,NULL,NULL,NULL,NULL,NULL,NULL,NULL,NULL,NULL,NULL,NULL,NULL,NULL,NULL,NULL,NULL,'2023-09-14 10:18:06','2023-09-14 10:29:21'),
	(337,'1','Muh. Syaiffudin',NULL,NULL,'336-1694661487@empty.com',NULL,NULL,NULL,NULL,NULL,NULL,NULL,NULL,NULL,NULL,NULL,NULL,NULL,NULL,NULL,NULL,NULL,NULL,NULL,NULL,NULL,NULL,'2023-09-14 10:18:07','2023-09-14 10:29:22'),
	(338,'1','Ruslani Wira Kusuma',NULL,NULL,'337-1694661487@empty.com',NULL,NULL,NULL,NULL,NULL,NULL,NULL,NULL,NULL,NULL,NULL,NULL,NULL,NULL,NULL,NULL,NULL,NULL,NULL,NULL,NULL,NULL,'2023-09-14 10:18:07','2023-09-14 10:29:22'),
	(339,'1','Azhary Walid Tanjung',NULL,NULL,'338-1694661487@empty.com',NULL,NULL,NULL,NULL,NULL,NULL,NULL,NULL,NULL,NULL,NULL,NULL,NULL,NULL,NULL,NULL,NULL,NULL,NULL,NULL,NULL,NULL,'2023-09-14 10:18:07','2023-09-14 10:29:23'),
	(340,'1','Fadhil Muammar',NULL,NULL,'339-1694661487@empty.com',NULL,NULL,NULL,NULL,NULL,NULL,NULL,NULL,NULL,NULL,NULL,NULL,NULL,NULL,NULL,NULL,NULL,NULL,NULL,NULL,NULL,NULL,'2023-09-14 10:18:07','2023-09-14 10:29:23'),
	(341,'1','Hendri Budiantoro',NULL,NULL,'340-1694661487@empty.com',NULL,NULL,NULL,NULL,NULL,NULL,NULL,NULL,NULL,NULL,NULL,NULL,NULL,NULL,NULL,NULL,NULL,NULL,NULL,NULL,NULL,NULL,'2023-09-14 10:18:07','2023-09-14 10:29:24'),
	(342,'1','Ariep Syaripudin',NULL,NULL,'341-1694661487@empty.com',NULL,NULL,NULL,NULL,NULL,NULL,NULL,NULL,NULL,NULL,NULL,NULL,NULL,NULL,NULL,NULL,NULL,NULL,NULL,NULL,NULL,NULL,'2023-09-14 10:18:07','2023-09-14 10:29:24'),
	(343,'1','Sunaedi',NULL,NULL,'342-1694661487@empty.com',NULL,NULL,NULL,NULL,NULL,NULL,NULL,NULL,NULL,NULL,NULL,NULL,NULL,NULL,NULL,NULL,NULL,NULL,NULL,NULL,NULL,NULL,'2023-09-14 10:18:07','2023-09-14 10:29:24'),
	(344,'1','Adhan Karisma Rudi Akhmadi',NULL,NULL,'343-1694661488@empty.com',NULL,NULL,NULL,NULL,NULL,NULL,NULL,NULL,NULL,NULL,NULL,NULL,NULL,NULL,NULL,NULL,NULL,NULL,NULL,NULL,NULL,NULL,'2023-09-14 10:18:08','2023-09-14 10:29:25'),
	(345,'1','Ahmad Ismail',NULL,NULL,'344-1694661488@empty.com',NULL,NULL,NULL,NULL,NULL,NULL,NULL,NULL,NULL,NULL,NULL,NULL,NULL,NULL,NULL,NULL,NULL,NULL,NULL,NULL,NULL,NULL,'2023-09-14 10:18:08','2023-09-14 10:29:25'),
	(346,'1','Alvino Shelvion',NULL,NULL,'345-1694661489@empty.com',NULL,NULL,NULL,NULL,NULL,NULL,NULL,NULL,NULL,NULL,NULL,NULL,NULL,NULL,NULL,NULL,NULL,NULL,NULL,NULL,NULL,NULL,'2023-09-14 10:18:09','2023-09-14 10:29:26'),
	(347,'1','Dadang Jalu Widya Bakti',NULL,NULL,'346-1694661489@empty.com',NULL,NULL,NULL,NULL,NULL,NULL,NULL,NULL,NULL,NULL,NULL,NULL,NULL,NULL,NULL,NULL,NULL,NULL,NULL,NULL,NULL,NULL,'2023-09-14 10:18:09','2023-09-14 10:29:26'),
	(348,'1','Ayu Wulandevi Hahijary',NULL,NULL,'347-1694661489@empty.com',NULL,NULL,NULL,NULL,NULL,NULL,NULL,NULL,NULL,NULL,NULL,NULL,NULL,NULL,NULL,NULL,NULL,NULL,NULL,NULL,NULL,NULL,'2023-09-14 10:18:09','2023-09-14 10:29:27'),
	(349,'1','Gheno Mellino',NULL,NULL,'348-1694661489@empty.com',NULL,NULL,NULL,NULL,NULL,NULL,NULL,NULL,NULL,NULL,NULL,NULL,NULL,NULL,NULL,NULL,NULL,NULL,NULL,NULL,NULL,NULL,'2023-09-14 10:18:09','2023-09-14 10:29:27'),
	(350,'1','Jeremia Dewanto Pradana',NULL,NULL,'349-1694661489@empty.com',NULL,NULL,NULL,NULL,NULL,NULL,NULL,NULL,NULL,NULL,NULL,NULL,NULL,NULL,NULL,NULL,NULL,NULL,NULL,NULL,NULL,NULL,'2023-09-14 10:18:09','2023-09-14 10:29:28'),
	(351,'1','Boby Pratama',NULL,NULL,'350-1694661489@empty.com',NULL,NULL,NULL,NULL,NULL,NULL,NULL,NULL,NULL,NULL,NULL,NULL,NULL,NULL,NULL,NULL,NULL,NULL,NULL,NULL,NULL,NULL,'2023-09-14 10:18:09','2023-09-14 10:29:28'),
	(352,'1','Ade Apri Yansyah',NULL,NULL,'351-1694661490@empty.com',NULL,NULL,NULL,NULL,NULL,NULL,NULL,NULL,NULL,NULL,NULL,NULL,NULL,NULL,NULL,NULL,NULL,NULL,NULL,NULL,NULL,NULL,'2023-09-14 10:18:10','2023-09-14 10:29:29'),
	(353,'1','Yal Ahmadi',NULL,NULL,'352-1694661490@empty.com',NULL,NULL,NULL,NULL,NULL,NULL,NULL,NULL,NULL,NULL,NULL,NULL,NULL,NULL,NULL,NULL,NULL,NULL,NULL,NULL,NULL,NULL,'2023-09-14 10:18:10','2023-09-14 10:29:29'),
	(354,'1','Pabiansyah',NULL,NULL,'353-1694661490@empty.com',NULL,NULL,NULL,NULL,NULL,NULL,NULL,NULL,NULL,NULL,NULL,NULL,NULL,NULL,NULL,NULL,NULL,NULL,NULL,NULL,NULL,NULL,'2023-09-14 10:18:10','2023-09-14 10:29:30'),
	(355,'1','Mustar',NULL,NULL,'354-1694661490@empty.com',NULL,NULL,NULL,NULL,NULL,NULL,NULL,NULL,NULL,NULL,NULL,NULL,NULL,NULL,NULL,NULL,NULL,NULL,NULL,NULL,NULL,NULL,'2023-09-14 10:18:10','2023-09-14 10:29:30'),
	(356,'1','Ilham Salasa',NULL,NULL,'355-1694661490@empty.com',NULL,NULL,NULL,NULL,NULL,NULL,NULL,NULL,NULL,NULL,NULL,NULL,NULL,NULL,NULL,NULL,NULL,NULL,NULL,NULL,NULL,NULL,'2023-09-14 10:18:10','2023-09-14 10:29:31'),
	(357,'1','Heri Vrianto',NULL,NULL,'356-1694661490@empty.com',NULL,NULL,NULL,NULL,NULL,NULL,NULL,NULL,NULL,NULL,NULL,NULL,NULL,NULL,NULL,NULL,NULL,NULL,NULL,NULL,NULL,NULL,'2023-09-14 10:18:10','2023-09-14 10:29:31'),
	(358,'1','Yoga Pratama',NULL,NULL,'357-1694661490@empty.com',NULL,NULL,NULL,NULL,NULL,NULL,NULL,NULL,NULL,NULL,NULL,NULL,NULL,NULL,NULL,NULL,NULL,NULL,NULL,NULL,NULL,NULL,'2023-09-14 10:18:10','2023-09-14 10:29:32'),
	(359,'1','Septi Mardiyani',NULL,NULL,'358-1694661490@empty.com',NULL,NULL,NULL,NULL,NULL,NULL,NULL,NULL,NULL,NULL,NULL,NULL,NULL,NULL,NULL,NULL,NULL,NULL,NULL,NULL,NULL,NULL,'2023-09-14 10:18:10','2023-09-14 10:29:33'),
	(360,'1','Rizki Fikri Ramadhan',NULL,NULL,'359-1694661491@empty.com',NULL,NULL,NULL,NULL,NULL,NULL,NULL,NULL,NULL,NULL,NULL,NULL,NULL,NULL,NULL,NULL,NULL,NULL,NULL,NULL,NULL,NULL,'2023-09-14 10:18:11','2023-09-14 10:29:33'),
	(361,'1','Muhamad Ramdhan',NULL,NULL,'360-1694661491@empty.com',NULL,NULL,NULL,NULL,NULL,NULL,NULL,NULL,NULL,NULL,NULL,NULL,NULL,NULL,NULL,NULL,NULL,NULL,NULL,NULL,NULL,NULL,'2023-09-14 10:18:11','2023-09-14 10:29:34'),
	(362,'1','Dedy Prihadi',NULL,NULL,'361-1694661491@empty.com',NULL,NULL,NULL,NULL,NULL,NULL,NULL,NULL,NULL,NULL,NULL,NULL,NULL,NULL,NULL,NULL,NULL,NULL,NULL,NULL,NULL,NULL,'2023-09-14 10:18:11','2023-09-14 10:29:35'),
	(363,'1','Imam Febriyuwanto',NULL,NULL,'362-1694661491@empty.com',NULL,NULL,NULL,NULL,NULL,NULL,NULL,NULL,NULL,NULL,NULL,NULL,NULL,NULL,NULL,NULL,NULL,NULL,NULL,NULL,NULL,NULL,'2023-09-14 10:18:11','2023-09-14 10:29:35'),
	(364,'1','Khaerul Anwar',NULL,NULL,'363-1694661491@empty.com',NULL,NULL,NULL,NULL,NULL,NULL,NULL,NULL,NULL,NULL,NULL,NULL,NULL,NULL,NULL,NULL,NULL,NULL,NULL,NULL,NULL,NULL,'2023-09-14 10:18:11','2023-09-14 10:29:35'),
	(365,'1','Yoga Sathya Primandani',NULL,NULL,'364-1694661492@empty.com',NULL,NULL,NULL,NULL,NULL,NULL,NULL,NULL,NULL,NULL,NULL,NULL,NULL,NULL,NULL,NULL,NULL,NULL,NULL,NULL,NULL,NULL,'2023-09-14 10:18:12','2023-09-14 10:29:36'),
	(366,'1','Yusuf Fikrie Ramadhany',NULL,NULL,'365-1694661492@empty.com',NULL,NULL,NULL,NULL,NULL,NULL,NULL,NULL,NULL,NULL,NULL,NULL,NULL,NULL,NULL,NULL,NULL,NULL,NULL,NULL,NULL,NULL,'2023-09-14 10:18:12','2023-09-14 10:29:36'),
	(367,'1','Salsabila Aulya Rahma',NULL,NULL,'366-1694661492@empty.com',NULL,NULL,NULL,NULL,NULL,NULL,NULL,NULL,NULL,NULL,NULL,NULL,NULL,NULL,NULL,NULL,NULL,NULL,NULL,NULL,NULL,NULL,'2023-09-14 10:18:12','2023-09-14 10:29:37'),
	(368,'1','Zahra Syahrika',NULL,NULL,'367-1694661493@empty.com',NULL,NULL,NULL,NULL,NULL,NULL,NULL,NULL,NULL,NULL,NULL,NULL,NULL,NULL,NULL,NULL,NULL,NULL,NULL,NULL,NULL,NULL,'2023-09-14 10:18:13','2023-09-14 10:29:37'),
	(369,'2','Jaenal Abidin',NULL,NULL,'368-1694661493@empty.com',NULL,NULL,NULL,NULL,NULL,NULL,NULL,NULL,NULL,NULL,NULL,NULL,NULL,NULL,NULL,NULL,NULL,NULL,NULL,NULL,NULL,NULL,'2023-09-14 10:18:13','2023-11-22 09:28:13'),
	(370,'1','Syafwardi',NULL,NULL,'369-1694661493@empty.com',NULL,NULL,NULL,NULL,NULL,NULL,NULL,NULL,NULL,NULL,NULL,NULL,NULL,NULL,NULL,NULL,NULL,NULL,NULL,NULL,NULL,NULL,'2023-09-14 10:18:13','2023-09-14 10:29:38'),
	(473,'1','Ahmaddd','Hidayat','089912313213','aht5@gmail.com',NULL,NULL,NULL,NULL,NULL,NULL,NULL,'Male',NULL,NULL,NULL,NULL,NULL,NULL,NULL,NULL,NULL,NULL,'Jl. Arco Raya',NULL,NULL,NULL,'2024-07-10 11:02:14','2024-07-10 11:14:25'),
	(474,'1','Rahmattt','Juantoro','08212232133','rj4@gmail.com',NULL,NULL,NULL,NULL,NULL,NULL,NULL,'Male',NULL,NULL,NULL,NULL,NULL,NULL,NULL,NULL,NULL,NULL,'Parung Panjang',NULL,NULL,NULL,'2024-07-10 11:02:14','2024-07-10 11:15:14');

/*!40000 ALTER TABLE `biodatas` ENABLE KEYS */;
UNLOCK TABLES;


# Dump of table commissions
# ------------------------------------------------------------

DROP TABLE IF EXISTS `commissions`;

CREATE TABLE `commissions` (
  `id` bigint(20) unsigned NOT NULL AUTO_INCREMENT,
  `employee_id` int(11) NOT NULL,
  `option` varchar(255) DEFAULT NULL,
  `amount_option` varchar(255) DEFAULT NULL,
  `amount` varchar(255) DEFAULT NULL,
  `title` varchar(255) DEFAULT NULL,
  `created_at` timestamp NULL DEFAULT NULL,
  `updated_at` timestamp NULL DEFAULT NULL,
  PRIMARY KEY (`id`)
) ENGINE=InnoDB DEFAULT CHARSET=utf8mb4 COLLATE=utf8mb4_unicode_ci;



# Dump of table compositions
# ------------------------------------------------------------

DROP TABLE IF EXISTS `compositions`;

CREATE TABLE `compositions` (
  `id` bigint(20) unsigned NOT NULL AUTO_INCREMENT,
  `created_at` timestamp NULL DEFAULT NULL,
  `updated_at` timestamp NULL DEFAULT NULL,
  PRIMARY KEY (`id`)
) ENGINE=InnoDB DEFAULT CHARSET=utf8mb4 COLLATE=utf8mb4_unicode_ci;



# Dump of table contracts
# ------------------------------------------------------------

DROP TABLE IF EXISTS `contracts`;

CREATE TABLE `contracts` (
  `id` bigint(20) unsigned NOT NULL AUTO_INCREMENT,
  `id_no` varchar(255) DEFAULT NULL,
  `unit_id` int(11) DEFAULT NULL,
  `department_id` int(11) DEFAULT NULL,
  `designation_id` int(11) DEFAULT NULL,
  `shift_id` int(11) DEFAULT NULL,
  `project` varchar(255) DEFAULT NULL,
  `location` varchar(255) DEFAULT NULL,
  `salary` int(11) DEFAULT NULL,
  `hourly_rate` int(11) DEFAULT NULL,
  `payslip` varchar(255) DEFAULT NULL,
  `date` date DEFAULT NULL,
  `start` date DEFAULT NULL,
  `end` date DEFAULT NULL,
  `desc` varchar(255) DEFAULT NULL,
  `created_at` timestamp NULL DEFAULT NULL,
  `updated_at` timestamp NULL DEFAULT NULL,
  `type` varchar(255) DEFAULT NULL,
  `determination` date DEFAULT NULL,
  `employee_id` int(11) DEFAULT NULL,
  `status` int(11) DEFAULT NULL,
  `cuti` int(11) DEFAULT NULL,
  `position_id` int(11) DEFAULT NULL,
  `loc` varchar(255) DEFAULT NULL,
  `sub_dept_id` int(11) DEFAULT NULL,
  `note` varchar(255) DEFAULT NULL,
  PRIMARY KEY (`id`)
) ENGINE=InnoDB DEFAULT CHARSET=utf8mb4 COLLATE=utf8mb4_unicode_ci;

LOCK TABLES `contracts` WRITE;
/*!40000 ALTER TABLE `contracts` DISABLE KEYS */;

INSERT INTO `contracts` (`id`, `id_no`, `unit_id`, `department_id`, `designation_id`, `shift_id`, `project`, `location`, `salary`, `hourly_rate`, `payslip`, `date`, `start`, `end`, `desc`, `created_at`, `updated_at`, `type`, `determination`, `employee_id`, `status`, `cuti`, `position_id`, `loc`, `sub_dept_id`, `note`)
VALUES
	(2,'EN-4-013',2,2,6,1,NULL,NULL,0,NULL,'Month',NULL,NULL,NULL,NULL,'2023-09-14 10:17:10','2024-06-14 09:39:30',NULL,NULL,NULL,NULL,NULL,NULL,NULL,NULL,NULL),
	(3,'EN-4-025',2,2,2,1,NULL,NULL,0,NULL,'Month',NULL,NULL,NULL,NULL,'2023-09-14 10:17:10','2024-06-14 09:39:30',NULL,NULL,NULL,NULL,NULL,NULL,NULL,NULL,NULL),
	(4,'EN-4-046',2,2,2,1,NULL,NULL,0,NULL,NULL,NULL,'2024-07-01','2025-07-01',NULL,'2023-09-14 10:17:10','2024-07-03 10:02:33','Kontrak',NULL,NULL,1,NULL,3,'kj4',NULL,NULL),
	(5,'EN-4-047',2,2,2,1,NULL,NULL,0,NULL,NULL,NULL,'2015-06-03',NULL,NULL,'2023-09-14 10:17:11','2024-07-03 09:23:27','Tetap','2020-06-03',NULL,1,NULL,3,'jgc',NULL,NULL),
	(6,'EN-4-021',2,2,1,1,NULL,NULL,0,NULL,NULL,NULL,'2013-01-26',NULL,'IT Helpdesk, mengelola dokumen, melakukan pengajuan','2023-09-14 10:17:11','2024-06-26 16:36:31','Tetap','2016-01-26',NULL,1,9,4,'HW',NULL,NULL),
	(7,'EN-6-001',2,3,1,1,NULL,NULL,0,NULL,'Month',NULL,NULL,NULL,NULL,'2023-09-14 10:17:11','2024-06-14 09:39:30',NULL,NULL,NULL,NULL,NULL,NULL,NULL,NULL,NULL),
	(8,'EK-PR-170',2,3,1,1,NULL,NULL,0,NULL,'Month',NULL,NULL,NULL,NULL,'2023-09-14 10:17:11','2024-06-14 09:39:30',NULL,NULL,NULL,NULL,NULL,NULL,NULL,NULL,NULL),
	(9,'EK-CH-297',2,3,1,1,NULL,NULL,0,NULL,'Month',NULL,NULL,NULL,NULL,'2023-09-14 10:17:12','2024-06-14 09:39:30',NULL,NULL,NULL,NULL,NULL,NULL,NULL,NULL,NULL),
	(10,'EN-4-034',2,2,4,1,NULL,NULL,0,NULL,NULL,NULL,'2015-01-11',NULL,'Pengawasan IT Support, IT Develope, IT Helpdesk','2023-09-14 10:17:12','2024-06-26 10:24:39','Tetap','2020-01-07',NULL,1,NULL,8,'HW',NULL,NULL),
	(11,'EK-PR-328',2,4,4,1,NULL,NULL,0,NULL,'Month',NULL,NULL,NULL,NULL,'2023-09-14 10:17:12','2024-06-14 09:39:30',NULL,NULL,NULL,NULL,NULL,NULL,NULL,NULL,NULL),
	(12,'EN-5-001',2,4,1,1,NULL,NULL,0,NULL,'Month',NULL,NULL,NULL,NULL,'2023-09-14 10:17:12','2024-06-14 09:39:30',NULL,NULL,NULL,NULL,NULL,NULL,NULL,NULL,NULL),
	(13,'EN-6-002',2,3,1,1,NULL,NULL,0,NULL,'Month',NULL,NULL,NULL,NULL,'2023-09-14 10:17:13','2024-06-14 09:39:30',NULL,NULL,NULL,NULL,NULL,NULL,NULL,NULL,NULL),
	(14,'KJ-4-014',2,4,1,1,NULL,NULL,0,NULL,'Month',NULL,NULL,NULL,NULL,'2023-09-14 10:17:13','2024-06-14 09:39:30',NULL,NULL,NULL,NULL,NULL,NULL,NULL,NULL,NULL),
	(15,'EN-4-072',2,2,2,1,NULL,NULL,NULL,NULL,NULL,NULL,NULL,NULL,NULL,'2023-09-14 10:17:13','2024-01-29 17:07:53',NULL,NULL,NULL,NULL,NULL,NULL,NULL,NULL,NULL),
	(16,'EN-4-077',2,2,2,1,NULL,NULL,0,NULL,'Month',NULL,NULL,NULL,NULL,'2023-09-14 10:17:13','2024-06-14 09:39:30',NULL,NULL,NULL,NULL,NULL,NULL,NULL,NULL,NULL),
	(17,'EN-4-086',2,2,2,1,NULL,NULL,12000000,NULL,NULL,NULL,'2024-01-20','2025-01-26','IT Support, Network, CCTV','2023-09-14 10:17:13','2024-06-25 14:32:08','PKWT',NULL,17,0,5,3,NULL,NULL,NULL),
	(18,'EN-4-088',2,2,2,1,NULL,NULL,8000000,NULL,NULL,NULL,'2024-07-01','2025-07-03','Support Troubleshoot','2023-09-14 10:17:13','2024-07-03 13:14:52','Kontrak',NULL,NULL,1,7,3,'hw',NULL,'28 juni sampai 30 juni off'),
	(19,'EN-4-095',2,2,2,1,NULL,NULL,0,NULL,'Month',NULL,NULL,NULL,NULL,'2023-09-14 10:17:13','2024-06-14 09:39:30',NULL,NULL,NULL,NULL,NULL,NULL,NULL,NULL,NULL),
	(20,'KJ-4-004',2,5,3,1,NULL,NULL,0,NULL,'Month',NULL,NULL,NULL,NULL,'2023-09-14 10:17:14','2024-06-14 09:39:30',NULL,NULL,NULL,NULL,NULL,NULL,NULL,NULL,NULL),
	(21,'KJ-6-162',2,5,1,1,NULL,NULL,0,NULL,'Month',NULL,NULL,NULL,NULL,'2023-09-14 10:17:14','2024-06-14 09:39:30',NULL,NULL,NULL,NULL,NULL,NULL,NULL,NULL,NULL),
	(22,'KJ-5-171',2,5,2,1,NULL,NULL,0,NULL,'Month',NULL,NULL,NULL,NULL,'2023-09-14 10:17:14','2024-06-14 09:39:30',NULL,NULL,NULL,NULL,NULL,NULL,NULL,NULL,NULL),
	(23,'KJ-6-065',2,5,2,1,NULL,NULL,0,NULL,'Month',NULL,NULL,NULL,NULL,'2023-09-14 10:17:14','2024-06-14 09:39:30',NULL,NULL,NULL,NULL,NULL,NULL,NULL,NULL,NULL),
	(24,'KJ-5-167',2,5,2,1,NULL,NULL,0,NULL,'Month',NULL,NULL,NULL,NULL,'2023-09-14 10:17:14','2024-06-14 09:39:30',NULL,NULL,NULL,NULL,NULL,NULL,NULL,NULL,NULL),
	(25,'KJ-5-151',2,5,2,1,NULL,NULL,0,NULL,'Month',NULL,NULL,NULL,NULL,'2023-09-14 10:17:15','2024-06-14 09:39:30',NULL,NULL,NULL,NULL,NULL,NULL,NULL,NULL,NULL),
	(26,'KJ-5-156',2,5,2,1,NULL,NULL,0,NULL,'Month',NULL,NULL,NULL,NULL,'2023-09-14 10:17:15','2024-06-14 09:39:30',NULL,NULL,NULL,NULL,NULL,NULL,NULL,NULL,NULL),
	(27,'KJ-4-005',2,5,3,1,NULL,NULL,0,NULL,'Month',NULL,NULL,NULL,NULL,'2023-09-14 10:17:15','2024-06-14 09:39:30',NULL,NULL,NULL,NULL,NULL,NULL,NULL,NULL,NULL),
	(28,'KJ-5-176',2,5,2,1,NULL,NULL,0,NULL,'Month',NULL,NULL,NULL,NULL,'2023-09-14 10:17:15','2024-06-14 09:39:30',NULL,NULL,NULL,NULL,NULL,NULL,NULL,NULL,NULL),
	(29,'KJ-6-059',2,5,2,1,NULL,NULL,0,NULL,'Month',NULL,NULL,NULL,NULL,'2023-09-14 10:17:15','2024-06-14 09:39:30',NULL,NULL,NULL,NULL,NULL,NULL,NULL,NULL,NULL),
	(30,'KJ-5-175',2,5,2,1,NULL,NULL,0,NULL,'Month',NULL,NULL,NULL,NULL,'2023-09-14 10:17:15','2024-06-14 09:39:30',NULL,NULL,NULL,NULL,NULL,NULL,NULL,NULL,NULL),
	(31,'KJ-6-085',2,4,1,1,NULL,NULL,0,NULL,'Month',NULL,NULL,NULL,NULL,'2023-09-14 10:17:16','2024-06-14 09:39:30',NULL,NULL,NULL,NULL,NULL,NULL,NULL,NULL,NULL),
	(32,'KJ-6-084',2,4,1,1,NULL,NULL,0,NULL,'Month',NULL,NULL,NULL,NULL,'2023-09-14 10:17:16','2024-06-14 09:39:30',NULL,NULL,NULL,NULL,NULL,NULL,NULL,NULL,NULL),
	(33,'KJ-6-174',2,5,1,1,NULL,NULL,0,NULL,'Month',NULL,NULL,NULL,NULL,'2023-09-14 10:17:16','2024-06-14 09:39:30',NULL,NULL,NULL,NULL,NULL,NULL,NULL,NULL,NULL),
	(34,'KJ-6-069',2,5,2,1,NULL,NULL,0,NULL,'Month',NULL,NULL,NULL,NULL,'2023-09-14 10:17:16','2024-06-14 09:39:30',NULL,NULL,NULL,NULL,NULL,NULL,NULL,NULL,NULL),
	(35,'KJ-6-062',2,5,2,1,NULL,NULL,0,NULL,'Month',NULL,NULL,NULL,NULL,'2023-09-14 10:17:17','2024-06-14 09:39:30',NULL,NULL,NULL,NULL,NULL,NULL,NULL,NULL,NULL),
	(36,'KJ-6-014',2,5,1,1,NULL,NULL,0,NULL,'Month',NULL,NULL,NULL,NULL,'2023-09-14 10:17:17','2024-06-14 09:39:30',NULL,NULL,NULL,NULL,NULL,NULL,NULL,NULL,NULL),
	(37,'KJ-5-111',2,5,1,1,NULL,NULL,0,NULL,'Month',NULL,NULL,NULL,NULL,'2023-09-14 10:17:17','2024-06-14 09:39:30',NULL,NULL,NULL,NULL,NULL,NULL,NULL,NULL,NULL),
	(38,'KJ-5-154',2,5,2,1,NULL,NULL,0,NULL,'Month',NULL,NULL,NULL,NULL,'2023-09-14 10:17:17','2024-06-14 09:39:30',NULL,NULL,NULL,NULL,NULL,NULL,NULL,NULL,NULL),
	(39,'KJ-6-168',2,5,2,1,NULL,NULL,0,NULL,'Month',NULL,NULL,NULL,NULL,'2023-09-14 10:17:17','2024-06-14 09:39:30',NULL,NULL,NULL,NULL,NULL,NULL,NULL,NULL,NULL),
	(40,'KJ-5-132',2,5,1,1,NULL,NULL,0,NULL,'Month',NULL,NULL,NULL,NULL,'2023-09-14 10:17:17','2024-06-14 09:39:30',NULL,NULL,NULL,NULL,NULL,NULL,NULL,NULL,NULL),
	(41,'KJ-5-169',2,5,2,1,NULL,NULL,0,NULL,'Month',NULL,NULL,NULL,NULL,'2023-09-14 10:17:17','2024-06-14 09:39:30',NULL,NULL,NULL,NULL,NULL,NULL,NULL,NULL,NULL),
	(42,'KJ-6-007',2,4,1,1,NULL,NULL,0,NULL,'Month',NULL,NULL,NULL,NULL,'2023-09-14 10:17:18','2024-06-14 09:39:30',NULL,NULL,NULL,NULL,NULL,NULL,NULL,NULL,NULL),
	(43,'KJ-6-136',2,5,1,1,NULL,NULL,0,NULL,'Month',NULL,NULL,NULL,NULL,'2023-09-14 10:17:18','2024-06-14 09:39:30',NULL,NULL,NULL,NULL,NULL,NULL,NULL,NULL,NULL),
	(44,'KJ-5-101',2,5,2,1,NULL,NULL,0,NULL,'Month',NULL,NULL,NULL,NULL,'2023-09-14 10:17:18','2024-06-14 09:39:30',NULL,NULL,NULL,NULL,NULL,NULL,NULL,NULL,NULL),
	(45,'KJ-5-110',2,5,2,1,NULL,NULL,0,NULL,'Month',NULL,NULL,NULL,NULL,'2023-09-14 10:17:18','2024-06-14 09:39:30',NULL,NULL,NULL,NULL,NULL,NULL,NULL,NULL,NULL),
	(46,'KJ-5-177',2,5,1,1,NULL,NULL,0,NULL,'Month',NULL,NULL,NULL,NULL,'2023-09-14 10:17:18','2024-06-14 09:39:30',NULL,NULL,NULL,NULL,NULL,NULL,NULL,NULL,NULL),
	(47,'KJ-5-122',2,5,2,1,NULL,NULL,0,NULL,'Month',NULL,NULL,NULL,NULL,'2023-09-14 10:17:18','2024-06-14 09:39:30',NULL,NULL,NULL,NULL,NULL,NULL,NULL,NULL,NULL),
	(48,'KJ-5-179',2,5,1,1,NULL,NULL,0,NULL,'Month',NULL,NULL,NULL,NULL,'2023-09-14 10:17:18','2024-06-14 09:39:30',NULL,NULL,NULL,NULL,NULL,NULL,NULL,NULL,NULL),
	(49,'KJ-5-194',2,5,2,1,NULL,NULL,0,NULL,'Month',NULL,NULL,NULL,NULL,'2023-09-14 10:17:18','2024-06-14 09:39:30',NULL,NULL,NULL,NULL,NULL,NULL,NULL,NULL,NULL),
	(50,'KJ-5-197',2,5,1,1,NULL,NULL,0,NULL,'Month',NULL,NULL,NULL,NULL,'2023-09-14 10:17:19','2024-06-14 09:39:30',NULL,NULL,NULL,NULL,NULL,NULL,NULL,NULL,NULL),
	(51,'KJ-2-003',2,5,6,1,NULL,NULL,0,NULL,'Month',NULL,NULL,NULL,NULL,'2023-09-14 10:17:19','2024-06-14 09:39:30',NULL,NULL,NULL,NULL,NULL,NULL,NULL,NULL,NULL),
	(52,'KJ-3-012',2,5,5,1,NULL,NULL,0,NULL,'Month',NULL,NULL,NULL,NULL,'2023-09-14 10:17:19','2024-06-14 09:39:30',NULL,NULL,NULL,NULL,NULL,NULL,NULL,NULL,NULL),
	(53,'KJ-6-142',2,5,2,1,NULL,NULL,0,NULL,'Month',NULL,NULL,NULL,NULL,'2023-09-14 10:17:19','2024-06-14 09:39:30',NULL,NULL,NULL,NULL,NULL,NULL,NULL,NULL,NULL),
	(54,'KJ-6-185',2,6,1,1,NULL,NULL,0,NULL,'Month',NULL,NULL,NULL,NULL,'2023-09-14 10:17:20','2024-06-14 09:39:30',NULL,NULL,NULL,NULL,NULL,NULL,NULL,NULL,NULL),
	(55,'KJ-5-148',2,5,2,1,NULL,NULL,0,NULL,'Month',NULL,NULL,NULL,NULL,'2023-09-14 10:17:20','2024-06-14 09:39:30',NULL,NULL,NULL,NULL,NULL,NULL,NULL,NULL,NULL),
	(56,'KJ-6-236',2,6,1,1,NULL,NULL,0,NULL,'Month',NULL,NULL,NULL,NULL,'2023-09-14 10:17:20','2024-06-14 09:39:30',NULL,NULL,NULL,NULL,NULL,NULL,NULL,NULL,NULL),
	(57,'KJ-6-088',2,5,2,1,NULL,NULL,0,NULL,'Month',NULL,NULL,NULL,NULL,'2023-09-14 10:17:20','2024-06-14 09:39:30',NULL,NULL,NULL,NULL,NULL,NULL,NULL,NULL,NULL),
	(58,'KJ-6-164',2,4,2,1,NULL,NULL,0,NULL,'Month',NULL,NULL,NULL,NULL,'2023-09-14 10:17:20','2024-06-14 09:39:30',NULL,NULL,NULL,NULL,NULL,NULL,NULL,NULL,NULL),
	(59,'KJ-6-055',2,4,1,1,NULL,NULL,0,NULL,'Month',NULL,NULL,NULL,NULL,'2023-09-14 10:17:20','2024-06-14 09:39:30',NULL,NULL,NULL,NULL,NULL,NULL,NULL,NULL,NULL),
	(60,'KJ-6-025',2,3,1,1,NULL,NULL,0,NULL,'Month',NULL,NULL,NULL,NULL,'2023-09-14 10:17:21','2024-06-14 09:39:30',NULL,NULL,NULL,NULL,NULL,NULL,NULL,NULL,NULL),
	(61,'KJ-6-139',2,5,2,1,NULL,NULL,0,NULL,'Month',NULL,NULL,NULL,NULL,'2023-09-14 10:17:21','2024-06-14 09:39:30',NULL,NULL,NULL,NULL,NULL,NULL,NULL,NULL,NULL),
	(62,'KJ-6-188',2,4,2,1,NULL,NULL,0,NULL,'Month',NULL,NULL,NULL,NULL,'2023-09-14 10:17:21','2024-06-14 09:39:30',NULL,NULL,NULL,NULL,NULL,NULL,NULL,NULL,NULL),
	(63,'KJ-5-153',2,4,2,1,NULL,NULL,0,NULL,'Month',NULL,NULL,NULL,NULL,'2023-09-14 10:17:21','2024-06-14 09:39:30',NULL,NULL,NULL,NULL,NULL,NULL,NULL,NULL,NULL),
	(64,'KJ-5-144',2,4,2,1,NULL,NULL,0,NULL,'Month',NULL,NULL,NULL,NULL,'2023-09-14 10:17:21','2024-06-14 09:39:30',NULL,NULL,NULL,NULL,NULL,NULL,NULL,NULL,NULL),
	(65,'KJ-6-047',2,4,1,1,NULL,NULL,0,NULL,'Month',NULL,NULL,NULL,NULL,'2023-09-14 10:17:21','2024-06-14 09:39:30',NULL,NULL,NULL,NULL,NULL,NULL,NULL,NULL,NULL),
	(66,'KJ-5-147',2,5,2,1,NULL,NULL,0,NULL,'Month',NULL,NULL,NULL,NULL,'2023-09-14 10:17:22','2024-06-14 09:39:30',NULL,NULL,NULL,NULL,NULL,NULL,NULL,NULL,NULL),
	(67,'KJ-5-152',2,5,3,1,NULL,NULL,0,NULL,'Month',NULL,NULL,NULL,NULL,'2023-09-14 10:17:22','2024-06-14 09:39:30',NULL,NULL,NULL,NULL,NULL,NULL,NULL,NULL,NULL),
	(68,'KJ-6-012',2,4,1,1,NULL,NULL,0,NULL,'Month',NULL,NULL,NULL,NULL,'2023-09-14 10:17:22','2024-06-14 09:39:30',NULL,NULL,NULL,NULL,NULL,NULL,NULL,NULL,NULL),
	(69,'KJ-5-025',2,5,2,1,NULL,NULL,0,NULL,'Month',NULL,NULL,NULL,NULL,'2023-09-14 10:17:22','2024-06-14 09:39:30',NULL,NULL,NULL,NULL,NULL,NULL,NULL,NULL,NULL),
	(70,'KJ-5-134',2,5,2,1,NULL,NULL,0,NULL,'Month',NULL,NULL,NULL,NULL,'2023-09-14 10:17:22','2024-06-14 09:39:30',NULL,NULL,NULL,NULL,NULL,NULL,NULL,NULL,NULL),
	(71,'KJ-6-029',2,4,1,1,NULL,NULL,0,NULL,'Month',NULL,NULL,NULL,NULL,'2023-09-14 10:17:22','2024-06-14 09:39:30',NULL,NULL,NULL,NULL,NULL,NULL,NULL,NULL,NULL),
	(72,'KJ-5-024',2,5,2,1,NULL,NULL,0,NULL,'Month',NULL,NULL,NULL,NULL,'2023-09-14 10:17:22','2024-06-14 09:39:30',NULL,NULL,NULL,NULL,NULL,NULL,NULL,NULL,NULL),
	(73,'KJ-5-016',2,5,4,1,NULL,NULL,0,NULL,'Month',NULL,NULL,NULL,NULL,'2023-09-14 10:17:23','2024-06-14 09:39:30',NULL,NULL,NULL,NULL,NULL,NULL,NULL,NULL,NULL),
	(74,'KJ-6-111',2,4,2,1,NULL,NULL,0,NULL,'Month',NULL,NULL,NULL,NULL,'2023-09-14 10:17:23','2024-06-14 09:39:30',NULL,NULL,NULL,NULL,NULL,NULL,NULL,NULL,NULL),
	(75,'KJ-6-199',2,6,1,1,NULL,NULL,0,NULL,'Month',NULL,NULL,NULL,NULL,'2023-09-14 10:17:23','2024-06-14 09:39:30',NULL,NULL,NULL,NULL,NULL,NULL,NULL,NULL,NULL),
	(76,'KJ-6-242',2,4,1,1,NULL,NULL,0,NULL,'Month',NULL,NULL,NULL,NULL,'2023-09-14 10:17:23','2024-06-14 09:39:30',NULL,NULL,NULL,NULL,NULL,NULL,NULL,NULL,NULL),
	(77,'KJ-5-143',2,5,2,1,NULL,NULL,0,NULL,'Month',NULL,NULL,NULL,NULL,'2023-09-14 10:17:23','2024-06-14 09:39:30',NULL,NULL,NULL,NULL,NULL,NULL,NULL,NULL,NULL),
	(78,'KJ-4-015',2,5,1,1,NULL,NULL,0,NULL,'Month',NULL,NULL,NULL,NULL,'2023-09-14 10:17:23','2024-06-14 09:39:30',NULL,NULL,NULL,NULL,NULL,NULL,NULL,NULL,NULL),
	(79,'KJ-5-131',2,4,2,1,NULL,NULL,0,NULL,'Month',NULL,NULL,NULL,NULL,'2023-09-14 10:17:24','2024-06-14 09:39:30',NULL,NULL,NULL,NULL,NULL,NULL,NULL,NULL,NULL),
	(80,'KJ-6-223',2,4,1,1,NULL,NULL,0,NULL,'Month',NULL,NULL,NULL,NULL,'2023-09-14 10:17:24','2024-06-14 09:39:30',NULL,NULL,NULL,NULL,NULL,NULL,NULL,NULL,NULL),
	(81,'KJ-6-119',2,5,2,1,NULL,NULL,0,NULL,'Month',NULL,NULL,NULL,NULL,'2023-09-14 10:17:24','2024-06-14 09:39:30',NULL,NULL,NULL,NULL,NULL,NULL,NULL,NULL,NULL),
	(82,'KJ-6-054',2,4,3,1,NULL,NULL,0,NULL,'Month',NULL,NULL,NULL,NULL,'2023-09-14 10:17:24','2024-06-14 09:39:30',NULL,NULL,NULL,NULL,NULL,NULL,NULL,NULL,NULL),
	(83,'KJ-6-181',2,5,2,1,NULL,NULL,0,NULL,'Month',NULL,NULL,NULL,NULL,'2023-09-14 10:17:24','2024-06-14 09:39:30',NULL,NULL,NULL,NULL,NULL,NULL,NULL,NULL,NULL),
	(84,'KJ-5-043',2,5,1,1,NULL,NULL,0,NULL,'Month',NULL,NULL,NULL,NULL,'2023-09-14 10:17:24','2024-06-14 09:39:30',NULL,NULL,NULL,NULL,NULL,NULL,NULL,NULL,NULL),
	(85,'KJ-6-257',2,4,1,1,NULL,NULL,0,NULL,'Month',NULL,NULL,NULL,NULL,'2023-09-14 10:17:24','2024-06-14 09:39:30',NULL,NULL,NULL,NULL,NULL,NULL,NULL,NULL,NULL),
	(86,'KJ-5-130',2,6,2,1,NULL,NULL,0,NULL,'Month',NULL,NULL,NULL,NULL,'2023-09-14 10:17:25','2024-06-14 09:39:30',NULL,NULL,NULL,NULL,NULL,NULL,NULL,NULL,NULL),
	(87,'KJ-6-220',2,4,1,1,NULL,NULL,0,NULL,'Month',NULL,NULL,NULL,NULL,'2023-09-14 10:17:25','2024-06-14 09:39:30',NULL,NULL,NULL,NULL,NULL,NULL,NULL,NULL,NULL),
	(88,'KJ-5-003',2,5,1,1,NULL,NULL,0,NULL,'Month',NULL,NULL,NULL,NULL,'2023-09-14 10:17:25','2024-06-14 09:39:30',NULL,NULL,NULL,NULL,NULL,NULL,NULL,NULL,NULL),
	(89,'KJ-5-038',2,5,1,1,NULL,NULL,0,NULL,'Month',NULL,NULL,NULL,NULL,'2023-09-14 10:17:25','2024-06-14 09:39:30',NULL,NULL,NULL,NULL,NULL,NULL,NULL,NULL,NULL),
	(90,'KJ-5-021',2,5,2,1,NULL,NULL,0,NULL,'Month',NULL,NULL,NULL,NULL,'2023-09-14 10:17:25','2024-06-14 09:39:30',NULL,NULL,NULL,NULL,NULL,NULL,NULL,NULL,NULL),
	(91,'KJ-6-004',2,4,3,1,NULL,NULL,0,NULL,'Month',NULL,NULL,NULL,NULL,'2023-09-14 10:17:25','2024-06-14 09:39:30',NULL,NULL,NULL,NULL,NULL,NULL,NULL,NULL,NULL),
	(92,'KJ-6-128',2,4,1,1,NULL,NULL,0,NULL,'Month',NULL,NULL,NULL,NULL,'2023-09-14 10:17:26','2024-06-14 09:39:30',NULL,NULL,NULL,NULL,NULL,NULL,NULL,NULL,NULL),
	(93,'KJ-5-029',2,4,4,1,NULL,NULL,0,NULL,'Month',NULL,NULL,NULL,NULL,'2023-09-14 10:17:26','2024-06-14 09:39:30',NULL,NULL,NULL,NULL,NULL,NULL,NULL,NULL,NULL),
	(94,'KJ-6-131',2,4,1,1,NULL,NULL,0,NULL,'Month',NULL,NULL,NULL,NULL,'2023-09-14 10:17:26','2024-06-14 09:39:30',NULL,NULL,NULL,NULL,NULL,NULL,NULL,NULL,NULL),
	(95,'KJ-5-001',2,4,1,1,NULL,NULL,0,NULL,'Month',NULL,NULL,NULL,NULL,'2023-09-14 10:17:26','2024-06-14 09:39:30',NULL,NULL,NULL,NULL,NULL,NULL,NULL,NULL,NULL),
	(96,'KJ-5-036',2,5,2,1,NULL,NULL,0,NULL,'Month',NULL,NULL,NULL,NULL,'2023-09-14 10:17:26','2024-06-14 09:39:30',NULL,NULL,NULL,NULL,NULL,NULL,NULL,NULL,NULL),
	(97,'KJ-6-198',2,4,1,1,NULL,NULL,0,NULL,'Month',NULL,NULL,NULL,NULL,'2023-09-14 10:17:26','2024-06-14 09:39:30',NULL,NULL,NULL,NULL,NULL,NULL,NULL,NULL,NULL),
	(98,'KJ-6-089',2,6,1,1,NULL,NULL,0,NULL,'Month',NULL,NULL,NULL,NULL,'2023-09-14 10:17:26','2024-06-14 09:39:30',NULL,NULL,NULL,NULL,NULL,NULL,NULL,NULL,NULL),
	(99,'KJ-5-048',2,5,2,1,NULL,NULL,0,NULL,'Month',NULL,NULL,NULL,NULL,'2023-09-14 10:17:27','2024-06-14 09:39:30',NULL,NULL,NULL,NULL,NULL,NULL,NULL,NULL,NULL),
	(100,'KJ-6-189',2,4,2,1,NULL,NULL,0,NULL,'Month',NULL,NULL,NULL,NULL,'2023-09-14 10:17:27','2024-06-14 09:39:30',NULL,NULL,NULL,NULL,NULL,NULL,NULL,NULL,NULL),
	(101,'KJ-6-133',2,5,2,1,NULL,NULL,0,NULL,'Month',NULL,NULL,NULL,NULL,'2023-09-14 10:17:27','2024-06-14 09:39:30',NULL,NULL,NULL,NULL,NULL,NULL,NULL,NULL,NULL),
	(102,'KJ-6-030',2,4,1,1,NULL,NULL,0,NULL,'Month',NULL,NULL,NULL,NULL,'2023-09-14 10:17:27','2024-06-14 09:39:30',NULL,NULL,NULL,NULL,NULL,NULL,NULL,NULL,NULL),
	(103,'KJ-6-037',2,4,1,1,NULL,NULL,0,NULL,'Month',NULL,NULL,NULL,NULL,'2023-09-14 10:17:27','2024-06-14 09:39:30',NULL,NULL,NULL,NULL,NULL,NULL,NULL,NULL,NULL),
	(104,'KJ-6-100',2,4,1,1,NULL,NULL,0,NULL,'Month',NULL,NULL,NULL,NULL,'2023-09-14 10:17:27','2024-06-14 09:39:30',NULL,NULL,NULL,NULL,NULL,NULL,NULL,NULL,NULL),
	(105,'KJ-5-168',2,5,2,1,NULL,NULL,0,NULL,'Month',NULL,NULL,NULL,NULL,'2023-09-14 10:17:28','2024-06-14 09:39:30',NULL,NULL,NULL,NULL,NULL,NULL,NULL,NULL,NULL),
	(106,'KJ-6-157',2,4,1,1,NULL,NULL,0,NULL,'Month',NULL,NULL,NULL,NULL,'2023-09-14 10:17:28','2024-06-14 09:39:30',NULL,NULL,NULL,NULL,NULL,NULL,NULL,NULL,NULL),
	(107,'KJ-5-041',2,5,2,1,NULL,NULL,0,NULL,'Month',NULL,NULL,NULL,NULL,'2023-09-14 10:17:28','2024-06-14 09:39:30',NULL,NULL,NULL,NULL,NULL,NULL,NULL,NULL,NULL),
	(108,'KJ-5-208',2,5,2,1,NULL,NULL,0,NULL,'Month',NULL,NULL,NULL,NULL,'2023-09-14 10:17:28','2024-06-14 09:39:30',NULL,NULL,NULL,NULL,NULL,NULL,NULL,NULL,NULL),
	(109,'KJ-5-209',2,5,1,1,NULL,NULL,0,NULL,'Month',NULL,NULL,NULL,NULL,'2023-09-14 10:17:28','2024-06-14 09:39:30',NULL,NULL,NULL,NULL,NULL,NULL,NULL,NULL,NULL),
	(110,'KJ-6-053',2,4,1,1,NULL,NULL,0,NULL,'Month',NULL,NULL,NULL,NULL,'2023-09-14 10:17:28','2024-06-14 09:39:30',NULL,NULL,NULL,NULL,NULL,NULL,NULL,NULL,NULL),
	(111,'KJ-6-254',2,4,1,1,NULL,NULL,0,NULL,'Month',NULL,NULL,NULL,NULL,'2023-09-14 10:17:28','2024-06-14 09:39:30',NULL,NULL,NULL,NULL,NULL,NULL,NULL,NULL,NULL),
	(112,'KJ-6-140',2,4,2,1,NULL,NULL,0,NULL,'Month',NULL,NULL,NULL,NULL,'2023-09-14 10:17:28','2024-06-14 09:39:30',NULL,NULL,NULL,NULL,NULL,NULL,NULL,NULL,NULL),
	(113,'KJ-6-167',2,4,2,1,NULL,NULL,0,NULL,'Month',NULL,NULL,NULL,NULL,'2023-09-14 10:17:28','2024-06-14 09:39:30',NULL,NULL,NULL,NULL,NULL,NULL,NULL,NULL,NULL),
	(114,'KJ-5-180',2,5,2,1,NULL,NULL,0,NULL,'Month',NULL,NULL,NULL,NULL,'2023-09-14 10:17:29','2024-06-14 09:39:30',NULL,NULL,NULL,NULL,NULL,NULL,NULL,NULL,NULL),
	(115,'KJ-5-181',2,5,2,1,NULL,NULL,0,NULL,'Month',NULL,NULL,NULL,NULL,'2023-09-14 10:17:29','2024-06-14 09:39:30',NULL,NULL,NULL,NULL,NULL,NULL,NULL,NULL,NULL),
	(116,'KJ-5-187',2,5,1,1,NULL,NULL,0,NULL,'Month',NULL,NULL,NULL,NULL,'2023-09-14 10:17:29','2024-06-14 09:39:30',NULL,NULL,NULL,NULL,NULL,NULL,NULL,NULL,NULL),
	(117,'KJ-5-189',2,5,1,1,NULL,NULL,0,NULL,'Month',NULL,NULL,NULL,NULL,'2023-09-14 10:17:29','2024-06-14 09:39:30',NULL,NULL,NULL,NULL,NULL,NULL,NULL,NULL,NULL),
	(118,'KJ-3-018',2,6,4,1,NULL,NULL,0,NULL,'Month',NULL,NULL,NULL,NULL,'2023-09-14 10:17:29','2024-06-14 09:39:30',NULL,NULL,NULL,NULL,NULL,NULL,NULL,NULL,NULL),
	(119,'KJ-6-227',2,5,2,1,NULL,NULL,0,NULL,'Month',NULL,NULL,NULL,NULL,'2023-09-14 10:17:29','2024-06-14 09:39:30',NULL,NULL,NULL,NULL,NULL,NULL,NULL,NULL,NULL),
	(120,'KJ-5-053',2,5,3,1,NULL,NULL,0,NULL,'Month',NULL,NULL,NULL,NULL,'2023-09-14 10:17:29','2024-06-14 09:39:30',NULL,NULL,NULL,NULL,NULL,NULL,NULL,NULL,NULL),
	(121,'KJ-4-002',2,5,3,1,NULL,NULL,0,NULL,'Month',NULL,NULL,NULL,NULL,'2023-09-14 10:17:30','2024-06-14 09:39:30',NULL,NULL,NULL,NULL,NULL,NULL,NULL,NULL,NULL),
	(122,'KJ-6-212',2,5,2,1,NULL,NULL,0,NULL,'Month',NULL,NULL,NULL,NULL,'2023-09-14 10:17:30','2024-06-14 09:39:30',NULL,NULL,NULL,NULL,NULL,NULL,NULL,NULL,NULL),
	(123,'KJ-6-173',2,5,2,1,NULL,NULL,0,NULL,'Month',NULL,NULL,NULL,NULL,'2023-09-14 10:17:30','2024-06-14 09:39:30',NULL,NULL,NULL,NULL,NULL,NULL,NULL,NULL,NULL),
	(124,'KJ-6-137',2,5,2,1,NULL,NULL,0,NULL,'Month',NULL,NULL,NULL,NULL,'2023-09-14 10:17:30','2024-06-14 09:39:30',NULL,NULL,NULL,NULL,NULL,NULL,NULL,NULL,NULL),
	(125,'KJ-5-188',2,5,1,1,NULL,NULL,0,NULL,'Month',NULL,NULL,NULL,NULL,'2023-09-14 10:17:30','2024-06-14 09:39:30',NULL,NULL,NULL,NULL,NULL,NULL,NULL,NULL,NULL),
	(126,'KJ-5-190',2,5,1,1,NULL,NULL,0,NULL,'Month',NULL,NULL,NULL,NULL,'2023-09-14 10:17:30','2024-06-14 09:39:30',NULL,NULL,NULL,NULL,NULL,NULL,NULL,NULL,NULL),
	(127,'00030',2,4,1,1,NULL,NULL,0,NULL,'Month',NULL,NULL,NULL,NULL,'2023-09-14 10:17:30','2024-06-14 09:39:30',NULL,NULL,NULL,NULL,NULL,NULL,NULL,NULL,NULL),
	(128,'KJ-5-201',2,4,4,1,NULL,NULL,0,NULL,'Month',NULL,NULL,NULL,NULL,'2023-09-14 10:17:31','2024-06-14 09:39:30',NULL,NULL,NULL,NULL,NULL,NULL,NULL,NULL,NULL),
	(129,'KJ-6-299',2,3,1,1,NULL,NULL,0,NULL,'Month',NULL,NULL,NULL,NULL,'2023-09-14 10:17:31','2024-06-14 09:39:30',NULL,NULL,NULL,NULL,NULL,NULL,NULL,NULL,NULL),
	(130,'KJ-6-304',2,5,1,1,NULL,NULL,0,NULL,'Month',NULL,NULL,NULL,NULL,'2023-09-14 10:17:31','2024-06-14 09:39:30',NULL,NULL,NULL,NULL,NULL,NULL,NULL,NULL,NULL),
	(131,'KJ-5-204',2,4,2,1,NULL,NULL,0,NULL,'Month',NULL,NULL,NULL,NULL,'2023-09-14 10:17:31','2024-06-14 09:39:30',NULL,NULL,NULL,NULL,NULL,NULL,NULL,NULL,NULL),
	(132,'KJ-5-205',2,4,2,1,NULL,NULL,0,NULL,'Month',NULL,NULL,NULL,NULL,'2023-09-14 10:17:31','2024-06-14 09:39:30',NULL,NULL,NULL,NULL,NULL,NULL,NULL,NULL,NULL),
	(133,'KJ-5-206',2,5,2,1,NULL,NULL,0,NULL,'Month',NULL,NULL,NULL,NULL,'2023-09-14 10:17:31','2024-06-14 09:39:30',NULL,NULL,NULL,NULL,NULL,NULL,NULL,NULL,NULL),
	(134,'KJ-6-243',2,5,2,1,NULL,NULL,0,NULL,'Month',NULL,NULL,NULL,NULL,'2023-09-14 10:17:31','2024-06-14 09:39:30',NULL,NULL,NULL,NULL,NULL,NULL,NULL,NULL,NULL),
	(135,'KJ-6-259',2,5,2,1,NULL,NULL,0,NULL,'Month',NULL,NULL,NULL,NULL,'2023-09-14 10:17:32','2024-06-14 09:39:30',NULL,NULL,NULL,NULL,NULL,NULL,NULL,NULL,NULL),
	(136,'KJ-6-248',2,5,2,1,NULL,NULL,0,NULL,'Month',NULL,NULL,NULL,NULL,'2023-09-14 10:17:32','2024-06-14 09:39:30',NULL,NULL,NULL,NULL,NULL,NULL,NULL,NULL,NULL),
	(137,'KJ-6-200',2,5,2,1,NULL,NULL,0,NULL,'Month',NULL,NULL,NULL,NULL,'2023-09-14 10:17:32','2024-06-14 09:39:30',NULL,NULL,NULL,NULL,NULL,NULL,NULL,NULL,NULL),
	(138,'KJ-6-171',2,5,2,1,NULL,NULL,0,NULL,'Month',NULL,NULL,NULL,NULL,'2023-09-14 10:17:32','2024-06-14 09:39:30',NULL,NULL,NULL,NULL,NULL,NULL,NULL,NULL,NULL),
	(139,'EK-PR-378',2,3,1,1,NULL,NULL,0,NULL,'Month',NULL,NULL,NULL,NULL,'2023-09-14 10:17:32','2024-06-14 09:39:30',NULL,NULL,NULL,NULL,NULL,NULL,NULL,NULL,NULL),
	(140,'EN-6-003',2,3,1,1,NULL,NULL,0,NULL,'Month',NULL,NULL,NULL,NULL,'2023-09-14 10:17:32','2024-06-14 09:39:30',NULL,NULL,NULL,NULL,NULL,NULL,NULL,NULL,NULL),
	(141,'KJ-6-310',2,6,1,1,NULL,NULL,0,NULL,'Month',NULL,NULL,NULL,NULL,'2023-09-14 10:17:33','2024-06-14 09:39:30',NULL,NULL,NULL,NULL,NULL,NULL,NULL,NULL,NULL),
	(142,'KJ-5-210',2,6,2,1,NULL,NULL,0,NULL,'Month',NULL,NULL,NULL,NULL,'2023-09-14 10:17:33','2024-06-14 09:39:30',NULL,NULL,NULL,NULL,NULL,NULL,NULL,NULL,NULL),
	(143,'EK-PR-329',2,3,1,1,NULL,NULL,0,NULL,'Month',NULL,NULL,NULL,NULL,'2023-09-14 10:17:33','2024-06-14 09:39:30',NULL,NULL,NULL,NULL,NULL,NULL,NULL,NULL,NULL),
	(144,'KJ-6-232',2,4,1,1,NULL,NULL,0,NULL,'Month',NULL,NULL,NULL,NULL,'2023-09-14 10:17:33','2024-06-14 09:39:30',NULL,NULL,NULL,NULL,NULL,NULL,NULL,NULL,NULL),
	(145,'EN-2-006',3,7,7,1,NULL,NULL,0,NULL,'Month',NULL,NULL,NULL,NULL,'2023-09-14 10:17:33','2024-06-14 09:39:30',NULL,NULL,NULL,NULL,NULL,NULL,NULL,NULL,NULL),
	(146,'11304',3,7,6,1,NULL,NULL,0,NULL,'Month',NULL,NULL,NULL,NULL,'2023-09-14 10:17:33','2024-06-14 09:39:30',NULL,NULL,NULL,NULL,NULL,NULL,NULL,NULL,NULL),
	(147,'EN-2-001',3,8,6,1,NULL,NULL,0,NULL,'Month',NULL,NULL,NULL,NULL,'2023-09-14 10:17:34','2024-06-14 09:39:30',NULL,NULL,NULL,NULL,NULL,NULL,NULL,NULL,NULL),
	(148,'EN-2-007',3,7,6,1,NULL,NULL,0,NULL,'Month',NULL,NULL,NULL,NULL,'2023-09-14 10:17:34','2024-06-14 09:39:30',NULL,NULL,NULL,NULL,NULL,NULL,NULL,NULL,NULL),
	(149,'EN-4-033',3,7,2,1,NULL,NULL,0,NULL,'Month',NULL,NULL,NULL,NULL,'2023-09-14 10:17:34','2024-06-14 09:39:30',NULL,NULL,NULL,NULL,NULL,NULL,NULL,NULL,NULL),
	(150,'EN-4-038',3,7,1,1,NULL,NULL,0,NULL,'Month',NULL,NULL,NULL,NULL,'2023-09-14 10:17:35','2024-06-14 09:39:30',NULL,NULL,NULL,NULL,NULL,NULL,NULL,NULL,NULL),
	(151,'EN-3-003',3,7,4,1,NULL,NULL,0,NULL,'Month',NULL,NULL,NULL,NULL,'2023-09-14 10:17:35','2024-06-14 09:39:30',NULL,NULL,NULL,NULL,NULL,NULL,NULL,NULL,NULL),
	(152,'EN-4-036',3,7,2,1,NULL,NULL,0,NULL,'Month',NULL,NULL,NULL,NULL,'2023-09-14 10:17:35','2024-06-14 09:39:30',NULL,NULL,NULL,NULL,NULL,NULL,NULL,NULL,NULL),
	(153,'10025',3,7,2,1,NULL,NULL,0,NULL,'Month',NULL,NULL,NULL,NULL,'2023-09-14 10:17:35','2024-06-14 09:39:30',NULL,NULL,NULL,NULL,NULL,NULL,NULL,NULL,NULL),
	(154,'KCI-001',3,7,2,1,NULL,NULL,0,NULL,'Month',NULL,NULL,NULL,NULL,'2023-09-14 10:17:35','2024-06-14 09:39:30',NULL,NULL,NULL,NULL,NULL,NULL,NULL,NULL,NULL),
	(155,'EN-4-020',3,7,2,1,NULL,NULL,0,NULL,'Month',NULL,NULL,NULL,NULL,'2023-09-14 10:17:35','2024-06-14 09:39:30',NULL,NULL,NULL,NULL,NULL,NULL,NULL,NULL,NULL),
	(156,'EN-4-042',3,7,3,1,NULL,NULL,0,NULL,'Month',NULL,NULL,NULL,NULL,'2023-09-14 10:17:36','2024-06-14 09:39:30',NULL,NULL,NULL,NULL,NULL,NULL,NULL,NULL,NULL),
	(157,'EN-4-015',3,7,4,1,NULL,NULL,0,NULL,'Month',NULL,NULL,NULL,NULL,'2023-09-14 10:17:36','2024-06-14 09:39:30',NULL,NULL,NULL,NULL,NULL,NULL,NULL,NULL,NULL),
	(158,'EN-4-012',3,8,2,1,NULL,NULL,0,NULL,'Month',NULL,NULL,NULL,NULL,'2023-09-14 10:17:36','2024-06-14 09:39:30',NULL,NULL,NULL,NULL,NULL,NULL,NULL,NULL,NULL),
	(159,'EN-4-044',3,7,1,1,NULL,NULL,0,NULL,'Month',NULL,NULL,NULL,NULL,'2023-09-14 10:17:36','2024-06-14 09:39:30',NULL,NULL,NULL,NULL,NULL,NULL,NULL,NULL,NULL),
	(160,'EN-4-004',3,7,5,1,NULL,NULL,0,NULL,'Month',NULL,NULL,NULL,NULL,'2023-09-14 10:17:36','2024-06-14 09:39:30',NULL,NULL,NULL,NULL,NULL,NULL,NULL,NULL,NULL),
	(161,'EN-4-043',3,8,2,1,NULL,NULL,0,NULL,'Month',NULL,NULL,NULL,NULL,'2023-09-14 10:17:37','2024-06-14 09:39:30',NULL,NULL,NULL,NULL,NULL,NULL,NULL,NULL,NULL),
	(162,'EN-4-003',3,9,2,1,NULL,NULL,0,NULL,'Month',NULL,NULL,NULL,NULL,'2023-09-14 10:17:37','2024-06-14 09:39:30',NULL,NULL,NULL,NULL,NULL,NULL,NULL,NULL,NULL),
	(163,'EN-4-058',3,7,2,1,NULL,NULL,0,NULL,'Month',NULL,NULL,NULL,NULL,'2023-09-14 10:17:37','2024-06-14 09:39:30',NULL,NULL,NULL,NULL,NULL,NULL,NULL,NULL,NULL),
	(164,'01.12.239',3,7,4,1,NULL,NULL,0,NULL,'Month',NULL,NULL,NULL,NULL,'2023-09-14 10:17:37','2024-06-14 09:39:30',NULL,NULL,NULL,NULL,NULL,NULL,NULL,NULL,NULL),
	(165,'EN-4-062',3,8,2,1,NULL,NULL,0,NULL,'Month',NULL,NULL,NULL,NULL,'2023-09-14 10:17:37','2024-06-14 09:39:30',NULL,NULL,NULL,NULL,NULL,NULL,NULL,NULL,NULL),
	(166,'EN-4-063',3,8,2,1,NULL,NULL,NULL,NULL,NULL,NULL,NULL,NULL,NULL,'2023-09-14 10:17:37','2024-01-29 17:09:06',NULL,NULL,NULL,NULL,NULL,NULL,NULL,NULL,NULL),
	(167,'EN-4-068',3,7,2,1,NULL,NULL,0,NULL,'Month',NULL,NULL,NULL,NULL,'2023-09-14 10:17:38','2024-06-14 09:39:30',NULL,NULL,NULL,NULL,NULL,NULL,NULL,NULL,NULL),
	(168,'EN-4-070',3,7,2,1,NULL,NULL,0,NULL,'Month',NULL,NULL,NULL,NULL,'2023-09-14 10:17:38','2024-06-14 09:39:30',NULL,NULL,NULL,NULL,NULL,NULL,NULL,NULL,NULL),
	(169,'EN-4-071',3,7,2,1,NULL,NULL,0,NULL,'Month',NULL,NULL,NULL,NULL,'2023-09-14 10:17:38','2024-06-14 09:39:30',NULL,NULL,NULL,NULL,NULL,NULL,NULL,NULL,NULL),
	(170,'EN-4-076',3,7,2,1,NULL,NULL,0,NULL,'Month',NULL,NULL,NULL,NULL,'2023-09-14 10:17:38','2024-06-14 09:39:30',NULL,NULL,NULL,NULL,NULL,NULL,NULL,NULL,NULL),
	(171,'EN-4-078',3,7,2,1,NULL,NULL,0,NULL,'Month',NULL,NULL,NULL,NULL,'2023-09-14 10:17:38','2024-06-14 09:39:30',NULL,NULL,NULL,NULL,NULL,NULL,NULL,NULL,NULL),
	(172,'EN-2-008',3,7,5,1,NULL,NULL,0,NULL,'Month',NULL,NULL,NULL,NULL,'2023-09-14 10:17:38','2024-06-14 09:39:30',NULL,NULL,NULL,NULL,NULL,NULL,NULL,NULL,NULL),
	(173,'EN-4-093',3,8,4,1,NULL,NULL,0,NULL,'Month',NULL,NULL,NULL,NULL,'2023-09-14 10:17:38','2023-09-21 10:10:44',NULL,NULL,NULL,NULL,NULL,NULL,NULL,NULL,NULL),
	(174,'EN-4-094',3,7,2,1,NULL,NULL,0,NULL,'Month',NULL,NULL,NULL,NULL,'2023-09-14 10:17:38','2024-06-14 09:39:30',NULL,NULL,NULL,NULL,NULL,NULL,NULL,NULL,NULL),
	(175,'EN-4-097',3,7,2,1,NULL,NULL,0,NULL,'Month',NULL,NULL,NULL,NULL,'2023-09-14 10:17:39','2024-06-14 09:39:30',NULL,NULL,NULL,NULL,NULL,NULL,NULL,NULL,NULL),
	(176,'EN-4-098',3,7,2,1,NULL,NULL,0,NULL,'Month',NULL,NULL,NULL,NULL,'2023-09-14 10:17:39','2024-06-14 09:39:30',NULL,NULL,NULL,NULL,NULL,NULL,NULL,NULL,NULL),
	(177,'EN-4-099',3,7,2,1,NULL,NULL,0,NULL,NULL,NULL,NULL,NULL,NULL,'2023-09-14 10:17:39','2024-07-04 15:24:53','Kontrak',NULL,NULL,1,NULL,72,NULL,NULL,NULL),
	(178,'EN-4-100',3,7,2,1,NULL,NULL,0,NULL,'Month',NULL,NULL,NULL,NULL,'2023-09-14 10:17:39','2024-06-14 09:39:31',NULL,NULL,NULL,NULL,NULL,NULL,NULL,NULL,NULL),
	(179,'EN-4-101',3,7,2,1,NULL,NULL,0,NULL,NULL,NULL,NULL,NULL,NULL,'2023-09-14 10:17:39','2024-07-04 15:28:30','Kontrak',NULL,NULL,1,NULL,72,NULL,NULL,NULL),
	(180,'EN-4-102',3,7,2,1,NULL,NULL,0,NULL,'Month',NULL,NULL,NULL,NULL,'2023-09-14 10:17:39','2024-06-14 09:39:31',NULL,NULL,NULL,NULL,NULL,NULL,NULL,NULL,NULL),
	(181,'KJ-5-185',3,7,2,1,NULL,NULL,0,NULL,'Month',NULL,NULL,NULL,NULL,'2023-09-14 10:17:39','2024-06-14 09:39:31',NULL,NULL,NULL,NULL,NULL,NULL,NULL,NULL,NULL),
	(182,'KJ-2-002',3,10,6,1,NULL,NULL,0,NULL,'Month',NULL,NULL,NULL,NULL,'2023-09-14 10:17:40','2024-06-14 09:39:31',NULL,NULL,NULL,NULL,NULL,NULL,NULL,NULL,NULL),
	(183,'00001',3,10,2,1,NULL,NULL,0,NULL,'Month',NULL,NULL,NULL,NULL,'2023-09-14 10:17:40','2024-06-14 09:39:31',NULL,NULL,NULL,NULL,NULL,NULL,NULL,NULL,NULL),
	(184,'KJ-4-022',3,10,3,1,NULL,NULL,0,NULL,'Month',NULL,NULL,NULL,NULL,'2023-09-14 10:17:40','2024-06-14 09:39:31',NULL,NULL,NULL,NULL,NULL,NULL,NULL,NULL,NULL),
	(185,'KJ-4-010',3,10,3,1,NULL,NULL,0,NULL,'Month',NULL,NULL,NULL,NULL,'2023-09-14 10:17:40','2024-06-14 09:39:31',NULL,NULL,NULL,NULL,NULL,NULL,NULL,NULL,NULL),
	(186,'KJ-3-017',3,10,5,1,NULL,NULL,0,NULL,'Month',NULL,NULL,NULL,NULL,'2023-09-14 10:17:40','2024-06-14 09:39:31',NULL,NULL,NULL,NULL,NULL,NULL,NULL,NULL,NULL),
	(187,'KJ-3-002',3,10,2,1,NULL,NULL,0,NULL,'Month',NULL,NULL,NULL,NULL,'2023-09-14 10:17:41','2024-06-14 09:39:31',NULL,NULL,NULL,NULL,NULL,NULL,NULL,NULL,NULL),
	(188,'KJ-5-139',3,10,2,1,NULL,NULL,0,NULL,'Month',NULL,NULL,NULL,NULL,'2023-09-14 10:17:41','2024-06-14 09:39:31',NULL,NULL,NULL,NULL,NULL,NULL,NULL,NULL,NULL),
	(189,'KJ-5-013',3,8,2,1,NULL,NULL,0,NULL,'Month',NULL,NULL,NULL,NULL,'2023-09-14 10:17:41','2024-06-14 09:39:31',NULL,NULL,NULL,NULL,NULL,NULL,NULL,NULL,NULL),
	(190,'KJ-5-182',3,10,2,1,NULL,NULL,0,NULL,'Month',NULL,NULL,NULL,NULL,'2023-09-14 10:17:41','2024-06-14 09:39:31',NULL,NULL,NULL,NULL,NULL,NULL,NULL,NULL,NULL),
	(191,'KJ-5-198',3,10,2,1,NULL,NULL,0,NULL,'Month',NULL,NULL,NULL,NULL,'2023-09-14 10:17:41','2024-06-14 09:39:31',NULL,NULL,NULL,NULL,NULL,NULL,NULL,NULL,NULL),
	(192,'KJ-5-200',3,7,2,1,NULL,NULL,0,NULL,'Month',NULL,NULL,NULL,NULL,'2023-09-14 10:17:42','2024-06-14 09:39:31',NULL,NULL,NULL,NULL,NULL,NULL,NULL,NULL,NULL),
	(193,'KJ-5-207',3,8,2,1,NULL,NULL,0,NULL,'Month',NULL,NULL,NULL,NULL,'2023-09-14 10:17:42','2024-06-14 09:39:31',NULL,NULL,NULL,NULL,NULL,NULL,NULL,NULL,NULL),
	(194,'EN-4-103',3,7,2,1,NULL,NULL,0,NULL,'Month',NULL,NULL,NULL,NULL,'2023-09-14 10:17:42','2024-01-04 15:33:43',NULL,NULL,NULL,NULL,NULL,NULL,NULL,NULL,NULL),
	(195,'EN-4-104',3,7,2,1,NULL,NULL,0,NULL,NULL,NULL,NULL,NULL,NULL,'2023-09-14 10:17:42','2024-07-04 15:28:05','Kontrak',NULL,NULL,1,NULL,72,NULL,NULL,NULL),
	(196,'EN-4-105',3,7,2,1,NULL,NULL,0,NULL,'Month',NULL,NULL,NULL,NULL,'2023-09-14 10:17:42','2024-06-14 09:39:31',NULL,NULL,NULL,NULL,NULL,NULL,NULL,NULL,NULL),
	(197,'EN-4-106',3,7,2,1,NULL,NULL,0,NULL,'Month',NULL,NULL,NULL,NULL,'2023-09-14 10:17:42','2024-06-14 09:39:31',NULL,NULL,NULL,NULL,NULL,NULL,NULL,NULL,NULL),
	(198,'EN-4-107',3,7,2,1,NULL,NULL,0,NULL,'Month',NULL,NULL,NULL,NULL,'2023-09-14 10:17:42','2024-06-14 09:39:31',NULL,NULL,NULL,NULL,NULL,NULL,NULL,NULL,NULL),
	(199,'EN-4-108',3,10,2,1,NULL,NULL,0,NULL,'Month',NULL,NULL,NULL,NULL,'2023-09-14 10:17:43','2024-06-14 09:39:31',NULL,NULL,NULL,NULL,NULL,NULL,NULL,NULL,NULL),
	(200,'KJ-6-155',4,11,1,1,NULL,NULL,NULL,NULL,NULL,NULL,NULL,NULL,NULL,'2023-09-14 10:17:43','2024-06-14 09:39:31',NULL,NULL,NULL,NULL,NULL,NULL,NULL,NULL,NULL),
	(201,'KJ-6-218',4,11,1,1,NULL,NULL,NULL,NULL,NULL,NULL,NULL,NULL,NULL,'2023-09-14 10:17:43','2024-06-14 09:39:31',NULL,NULL,NULL,NULL,NULL,NULL,NULL,NULL,NULL),
	(202,'KJ-6-090',4,11,1,1,NULL,NULL,NULL,NULL,NULL,NULL,NULL,NULL,NULL,'2023-09-14 10:17:43','2024-06-14 09:39:31',NULL,NULL,NULL,NULL,NULL,NULL,NULL,NULL,NULL),
	(203,'KJ-6-221',4,11,1,1,NULL,NULL,NULL,NULL,NULL,NULL,NULL,NULL,NULL,'2023-09-14 10:17:43','2024-06-14 09:39:31',NULL,NULL,NULL,NULL,NULL,NULL,NULL,NULL,NULL),
	(204,'KJ-6-229',4,11,1,1,NULL,NULL,NULL,NULL,NULL,NULL,NULL,NULL,NULL,'2023-09-14 10:17:44','2024-06-14 09:39:31',NULL,NULL,NULL,NULL,NULL,NULL,NULL,NULL,NULL),
	(205,'KJ-6-260',4,11,1,1,NULL,NULL,NULL,NULL,NULL,NULL,NULL,NULL,NULL,'2023-09-14 10:17:44','2024-06-14 09:39:31',NULL,NULL,NULL,NULL,NULL,NULL,NULL,NULL,NULL),
	(206,'KJ-6-272',4,11,1,1,NULL,NULL,NULL,NULL,NULL,NULL,NULL,NULL,NULL,'2023-09-14 10:17:44','2024-06-14 09:39:31',NULL,NULL,NULL,NULL,NULL,NULL,NULL,NULL,NULL),
	(207,'KJ-6-134',4,11,1,1,NULL,NULL,NULL,NULL,NULL,NULL,NULL,NULL,NULL,'2023-09-14 10:17:44','2024-06-14 09:39:31',NULL,NULL,NULL,NULL,NULL,NULL,NULL,NULL,NULL),
	(208,'KJ-6-145',4,11,1,1,NULL,NULL,NULL,NULL,NULL,NULL,NULL,NULL,NULL,'2023-09-14 10:17:44','2024-06-14 09:39:31',NULL,NULL,NULL,NULL,NULL,NULL,NULL,NULL,NULL),
	(209,'KJ-6-078',4,11,1,1,NULL,NULL,NULL,NULL,NULL,NULL,NULL,NULL,NULL,'2023-09-14 10:17:44','2024-06-14 09:39:31',NULL,NULL,NULL,NULL,NULL,NULL,NULL,NULL,NULL),
	(210,'KJ-6-092',4,11,1,1,NULL,NULL,NULL,NULL,NULL,NULL,NULL,NULL,NULL,'2023-09-14 10:17:44','2024-06-14 09:39:31',NULL,NULL,NULL,NULL,NULL,NULL,NULL,NULL,NULL),
	(211,'KJ-6-103',4,11,1,1,NULL,NULL,NULL,NULL,NULL,NULL,NULL,NULL,NULL,'2023-09-14 10:17:44','2024-06-14 09:39:31',NULL,NULL,NULL,NULL,NULL,NULL,NULL,NULL,NULL),
	(212,'KJ-6-104',4,11,1,1,NULL,NULL,NULL,NULL,NULL,NULL,NULL,NULL,NULL,'2023-09-14 10:17:44','2024-06-14 09:39:31',NULL,NULL,NULL,NULL,NULL,NULL,NULL,NULL,NULL),
	(213,'KJ-6-209',4,11,1,1,NULL,NULL,NULL,NULL,NULL,NULL,NULL,NULL,NULL,'2023-09-14 10:17:45','2024-06-14 09:39:31',NULL,NULL,NULL,NULL,NULL,NULL,NULL,NULL,NULL),
	(214,'KJ-6-107',4,11,1,1,NULL,NULL,NULL,NULL,NULL,NULL,NULL,NULL,NULL,'2023-09-14 10:17:45','2024-06-14 09:39:31',NULL,NULL,NULL,NULL,NULL,NULL,NULL,NULL,NULL),
	(215,'KJ-6-108',4,11,1,1,NULL,NULL,NULL,NULL,NULL,NULL,NULL,NULL,NULL,'2023-09-14 10:17:45','2024-06-14 09:39:31',NULL,NULL,NULL,NULL,NULL,NULL,NULL,NULL,NULL),
	(216,'KJ-6-216',4,11,1,1,NULL,NULL,NULL,NULL,NULL,NULL,NULL,NULL,NULL,'2023-09-14 10:17:45','2024-06-14 09:39:31',NULL,NULL,NULL,NULL,NULL,NULL,NULL,NULL,NULL),
	(217,'KJ-6-113',4,11,1,1,NULL,NULL,NULL,NULL,NULL,NULL,NULL,NULL,NULL,'2023-09-14 10:17:45','2024-06-14 09:39:31',NULL,NULL,NULL,NULL,NULL,NULL,NULL,NULL,NULL),
	(218,'KJ-6-115',4,11,1,1,NULL,NULL,NULL,NULL,NULL,NULL,NULL,NULL,NULL,'2023-09-14 10:17:45','2024-06-14 09:39:31',NULL,NULL,NULL,NULL,NULL,NULL,NULL,NULL,NULL),
	(219,'KJ-6-118',4,11,1,1,NULL,NULL,NULL,NULL,NULL,NULL,NULL,NULL,NULL,'2023-09-14 10:17:45','2024-06-14 09:39:31',NULL,NULL,NULL,NULL,NULL,NULL,NULL,NULL,NULL),
	(220,'KJ-6-122',4,11,1,1,NULL,NULL,NULL,NULL,NULL,NULL,NULL,NULL,NULL,'2023-09-14 10:17:45','2024-06-14 09:39:31',NULL,NULL,NULL,NULL,NULL,NULL,NULL,NULL,NULL),
	(221,'KJ-6-125',4,11,1,1,NULL,NULL,NULL,NULL,NULL,NULL,NULL,NULL,NULL,'2023-09-14 10:17:45','2024-06-14 09:39:31',NULL,NULL,NULL,NULL,NULL,NULL,NULL,NULL,NULL),
	(222,'KJ-6-126',4,11,1,1,NULL,NULL,NULL,NULL,NULL,NULL,NULL,NULL,NULL,'2023-09-14 10:17:45','2024-06-14 09:39:31',NULL,NULL,NULL,NULL,NULL,NULL,NULL,NULL,NULL),
	(223,'KJ-6-184',4,11,1,1,NULL,NULL,NULL,NULL,NULL,NULL,NULL,NULL,NULL,'2023-09-14 10:17:46','2024-06-14 09:39:31',NULL,NULL,NULL,NULL,NULL,NULL,NULL,NULL,NULL),
	(224,'KJ-6-138',4,11,1,1,NULL,NULL,NULL,NULL,NULL,NULL,NULL,NULL,NULL,'2023-09-14 10:17:46','2024-06-14 09:39:31',NULL,NULL,NULL,NULL,NULL,NULL,NULL,NULL,NULL),
	(225,'KJ-6-141',4,11,1,1,NULL,NULL,NULL,NULL,NULL,NULL,NULL,NULL,NULL,'2023-09-14 10:17:46','2024-06-14 09:39:31',NULL,NULL,NULL,NULL,NULL,NULL,NULL,NULL,NULL),
	(226,'KJ-6-253',4,11,1,1,NULL,NULL,NULL,NULL,NULL,NULL,NULL,NULL,NULL,'2023-09-14 10:17:46','2024-06-14 09:39:31',NULL,NULL,NULL,NULL,NULL,NULL,NULL,NULL,NULL),
	(227,'KJ-6-258',4,11,1,1,NULL,NULL,NULL,NULL,NULL,NULL,NULL,NULL,NULL,'2023-09-14 10:17:46','2024-06-14 09:39:31',NULL,NULL,NULL,NULL,NULL,NULL,NULL,NULL,NULL),
	(228,'KJ-6-278',4,11,1,1,NULL,NULL,NULL,NULL,NULL,NULL,NULL,NULL,NULL,'2023-09-14 10:17:46','2024-06-14 09:39:31',NULL,NULL,NULL,NULL,NULL,NULL,NULL,NULL,NULL),
	(229,'KJ-6-292',4,11,1,1,NULL,NULL,NULL,NULL,NULL,NULL,NULL,NULL,NULL,'2023-09-14 10:17:46','2024-06-14 09:39:31',NULL,NULL,NULL,NULL,NULL,NULL,NULL,NULL,NULL),
	(230,'KJ-6-294',4,11,1,1,NULL,NULL,NULL,NULL,NULL,NULL,NULL,NULL,NULL,'2023-09-14 10:17:46','2024-06-14 09:39:31',NULL,NULL,NULL,NULL,NULL,NULL,NULL,NULL,NULL),
	(231,'KJ-6-293',4,11,1,1,NULL,NULL,NULL,NULL,NULL,NULL,NULL,NULL,NULL,'2023-09-14 10:17:46','2024-06-14 09:39:31',NULL,NULL,NULL,NULL,NULL,NULL,NULL,NULL,NULL),
	(232,'KJ-6-291',4,11,1,1,NULL,NULL,NULL,NULL,NULL,NULL,NULL,NULL,NULL,'2023-09-14 10:17:47','2024-06-14 09:39:31',NULL,NULL,NULL,NULL,NULL,NULL,NULL,NULL,NULL),
	(233,'KJ-6-289',4,11,1,1,NULL,NULL,NULL,NULL,NULL,NULL,NULL,NULL,NULL,'2023-09-14 10:17:47','2024-06-14 09:39:31',NULL,NULL,NULL,NULL,NULL,NULL,NULL,NULL,NULL),
	(234,'KJ-6-281',4,11,1,1,NULL,NULL,NULL,NULL,NULL,NULL,NULL,NULL,NULL,'2023-09-14 10:17:47','2024-06-14 09:39:31',NULL,NULL,NULL,NULL,NULL,NULL,NULL,NULL,NULL),
	(235,'KJ-6-282',4,11,1,1,NULL,NULL,NULL,NULL,NULL,NULL,NULL,NULL,NULL,'2023-09-14 10:17:47','2024-06-14 09:39:31',NULL,NULL,NULL,NULL,NULL,NULL,NULL,NULL,NULL),
	(236,'KJ-6-279',4,11,1,1,NULL,NULL,NULL,NULL,NULL,NULL,NULL,NULL,NULL,'2023-09-14 10:17:47','2024-06-14 09:39:31',NULL,NULL,NULL,NULL,NULL,NULL,NULL,NULL,NULL),
	(237,'KJ-6-295',4,11,1,1,NULL,NULL,NULL,NULL,NULL,NULL,NULL,NULL,NULL,'2023-09-14 10:17:47','2024-06-14 09:39:31',NULL,NULL,NULL,NULL,NULL,NULL,NULL,NULL,NULL),
	(238,'KJ-6-296',4,11,1,1,NULL,NULL,NULL,NULL,NULL,NULL,NULL,NULL,NULL,'2023-09-14 10:17:47','2024-06-14 09:39:31',NULL,NULL,NULL,NULL,NULL,NULL,NULL,NULL,NULL),
	(239,'KJ-6-261',4,11,1,1,NULL,NULL,NULL,NULL,NULL,NULL,NULL,NULL,NULL,'2023-09-14 10:17:47','2024-06-14 09:39:31',NULL,NULL,NULL,NULL,NULL,NULL,NULL,NULL,NULL),
	(240,'KJ-6-041',4,11,1,1,NULL,NULL,NULL,NULL,NULL,NULL,NULL,NULL,NULL,'2023-09-14 10:17:48','2024-06-14 09:39:31',NULL,NULL,NULL,NULL,NULL,NULL,NULL,NULL,NULL),
	(241,'KJ-6-265',4,11,1,1,NULL,NULL,NULL,NULL,NULL,NULL,NULL,NULL,NULL,'2023-09-14 10:17:48','2024-06-14 09:39:31',NULL,NULL,NULL,NULL,NULL,NULL,NULL,NULL,NULL),
	(242,'KJ-6-273',4,11,1,1,NULL,NULL,NULL,NULL,NULL,NULL,NULL,NULL,NULL,'2023-09-14 10:17:48','2024-06-14 09:39:31',NULL,NULL,NULL,NULL,NULL,NULL,NULL,NULL,NULL),
	(243,'KJ-6-172',4,11,1,1,NULL,NULL,NULL,NULL,NULL,NULL,NULL,NULL,NULL,'2023-09-14 10:17:48','2024-06-14 09:39:31',NULL,NULL,NULL,NULL,NULL,NULL,NULL,NULL,NULL),
	(244,'KJ-6-179',4,11,1,1,NULL,NULL,NULL,NULL,NULL,NULL,NULL,NULL,NULL,'2023-09-14 10:17:48','2024-06-14 09:39:31',NULL,NULL,NULL,NULL,NULL,NULL,NULL,NULL,NULL),
	(245,'KJ-6-178',4,11,1,1,NULL,NULL,NULL,NULL,NULL,NULL,NULL,NULL,NULL,'2023-09-14 10:17:48','2024-06-14 09:39:31',NULL,NULL,NULL,NULL,NULL,NULL,NULL,NULL,NULL),
	(246,'KJ-6-276',4,11,1,1,NULL,NULL,NULL,NULL,NULL,NULL,NULL,NULL,NULL,'2023-09-14 10:17:48','2024-06-14 09:39:31',NULL,NULL,NULL,NULL,NULL,NULL,NULL,NULL,NULL),
	(247,'KJ-6-298',4,11,1,1,NULL,NULL,NULL,NULL,NULL,NULL,NULL,NULL,NULL,'2023-09-14 10:17:49','2024-06-14 09:39:31',NULL,NULL,NULL,NULL,NULL,NULL,NULL,NULL,NULL),
	(248,'KJ-6-303',4,11,1,1,NULL,NULL,NULL,NULL,NULL,NULL,NULL,NULL,NULL,'2023-09-14 10:17:49','2024-06-14 09:39:31',NULL,NULL,NULL,NULL,NULL,NULL,NULL,NULL,NULL),
	(249,'KJ-6-302',4,11,1,1,NULL,NULL,NULL,NULL,NULL,NULL,NULL,NULL,NULL,'2023-09-14 10:17:49','2024-06-14 09:39:31',NULL,NULL,NULL,NULL,NULL,NULL,NULL,NULL,NULL),
	(250,'KJ-6-300',4,11,1,1,NULL,NULL,NULL,NULL,NULL,NULL,NULL,NULL,NULL,'2023-09-14 10:17:49','2024-06-14 09:39:31',NULL,NULL,NULL,NULL,NULL,NULL,NULL,NULL,NULL),
	(251,'KJ-6-301',4,11,1,1,NULL,NULL,NULL,NULL,NULL,NULL,NULL,NULL,NULL,'2023-09-14 10:17:49','2024-06-14 09:39:31',NULL,NULL,NULL,NULL,NULL,NULL,NULL,NULL,NULL),
	(252,'KJ-6-305',4,11,1,1,NULL,NULL,NULL,NULL,NULL,NULL,NULL,NULL,NULL,'2023-09-14 10:17:49','2024-06-14 09:39:31',NULL,NULL,NULL,NULL,NULL,NULL,NULL,NULL,NULL),
	(253,'KJ-6-312',4,11,1,1,NULL,NULL,NULL,NULL,NULL,NULL,NULL,NULL,NULL,'2023-09-14 10:17:49','2024-06-14 09:39:31',NULL,NULL,NULL,NULL,NULL,NULL,NULL,NULL,NULL),
	(254,'KJ-6-311',4,11,1,1,NULL,NULL,NULL,NULL,NULL,NULL,NULL,NULL,NULL,'2023-09-14 10:17:49','2024-06-14 09:39:31',NULL,NULL,NULL,NULL,NULL,NULL,NULL,NULL,NULL),
	(255,'EK-CH-163',5,12,4,1,NULL,NULL,NULL,NULL,NULL,NULL,NULL,NULL,NULL,'2023-09-14 10:17:50','2024-06-14 09:39:31',NULL,NULL,NULL,NULL,NULL,NULL,NULL,NULL,NULL),
	(256,'KJ-6-169',5,12,1,1,NULL,NULL,NULL,NULL,NULL,NULL,NULL,NULL,NULL,'2023-09-14 10:17:50','2024-06-14 09:39:31',NULL,NULL,NULL,NULL,NULL,NULL,NULL,NULL,NULL),
	(257,'KJ-6-196',5,13,1,1,NULL,NULL,NULL,NULL,NULL,NULL,NULL,NULL,NULL,'2023-09-14 10:17:50','2024-06-14 09:39:31',NULL,NULL,NULL,NULL,NULL,NULL,NULL,NULL,NULL),
	(258,'EK-PR-326',5,14,6,1,NULL,NULL,NULL,NULL,NULL,NULL,NULL,NULL,NULL,'2023-09-14 10:17:51','2024-06-14 09:39:31',NULL,NULL,NULL,NULL,NULL,NULL,NULL,NULL,NULL),
	(259,'EK-CH-181',5,14,3,1,NULL,NULL,NULL,NULL,NULL,NULL,NULL,NULL,NULL,'2023-09-14 10:17:51','2024-06-14 09:39:31',NULL,NULL,NULL,NULL,NULL,NULL,NULL,NULL,NULL),
	(260,'EK-CH-179',5,15,4,1,NULL,NULL,NULL,NULL,NULL,NULL,NULL,NULL,NULL,'2023-09-14 10:17:51','2024-06-14 09:39:31',NULL,NULL,NULL,NULL,NULL,NULL,NULL,NULL,NULL),
	(261,'EN-4-008',5,15,1,1,NULL,NULL,NULL,NULL,NULL,NULL,NULL,NULL,NULL,'2023-09-14 10:17:52','2024-06-14 09:39:31',NULL,NULL,NULL,NULL,NULL,NULL,NULL,NULL,NULL),
	(262,'EK-CH-186',5,15,1,1,NULL,NULL,NULL,NULL,NULL,NULL,NULL,NULL,NULL,'2023-09-14 10:17:52','2024-06-14 09:39:31',NULL,NULL,NULL,NULL,NULL,NULL,NULL,NULL,NULL),
	(263,'EK-PR-383',5,14,4,1,NULL,NULL,NULL,NULL,NULL,NULL,NULL,NULL,NULL,'2023-09-14 10:17:52','2024-06-14 09:39:31',NULL,NULL,NULL,NULL,NULL,NULL,NULL,NULL,NULL),
	(264,'KJ-6-266',5,13,1,1,NULL,NULL,NULL,NULL,NULL,NULL,NULL,NULL,NULL,'2023-09-14 10:17:52','2024-06-14 09:39:31',NULL,NULL,NULL,NULL,NULL,NULL,NULL,NULL,NULL),
	(265,'KJ-6-102',5,13,1,1,NULL,NULL,NULL,NULL,NULL,NULL,NULL,NULL,NULL,'2023-09-14 10:17:52','2024-06-14 09:39:31',NULL,NULL,NULL,NULL,NULL,NULL,NULL,NULL,NULL),
	(266,'KJ-6-195',5,13,1,1,NULL,NULL,NULL,NULL,NULL,NULL,NULL,NULL,NULL,'2023-09-14 10:17:52','2024-06-14 09:39:31',NULL,NULL,NULL,NULL,NULL,NULL,NULL,NULL,NULL),
	(267,'KJ-6-135',5,13,1,1,NULL,NULL,NULL,NULL,NULL,NULL,NULL,NULL,NULL,'2023-09-14 10:17:53','2024-06-14 09:39:31',NULL,NULL,NULL,NULL,NULL,NULL,NULL,NULL,NULL),
	(268,'KJ-6-268',5,13,1,1,NULL,NULL,NULL,NULL,NULL,NULL,NULL,NULL,NULL,'2023-09-14 10:17:53','2024-06-14 09:39:31',NULL,NULL,NULL,NULL,NULL,NULL,NULL,NULL,NULL),
	(269,'KJ-6-269',5,13,1,1,NULL,NULL,NULL,NULL,NULL,NULL,NULL,NULL,NULL,'2023-09-14 10:17:53','2024-06-14 09:39:31',NULL,NULL,NULL,NULL,NULL,NULL,NULL,NULL,NULL),
	(270,'KJ-6-306',5,13,1,1,NULL,NULL,NULL,NULL,NULL,NULL,NULL,NULL,NULL,'2023-09-14 10:17:53','2024-06-14 09:39:31',NULL,NULL,NULL,NULL,NULL,NULL,NULL,NULL,NULL),
	(271,'EN-6-307',5,13,1,1,NULL,NULL,NULL,NULL,NULL,NULL,NULL,NULL,NULL,'2023-09-14 10:17:53','2024-06-14 09:39:31',NULL,NULL,NULL,NULL,NULL,NULL,NULL,NULL,NULL),
	(272,'KJ-6-308',5,13,1,1,NULL,NULL,NULL,NULL,NULL,NULL,NULL,NULL,NULL,'2023-09-14 10:17:53','2024-06-14 09:39:31',NULL,NULL,NULL,NULL,NULL,NULL,NULL,NULL,NULL),
	(273,'KJ-6-309',5,13,1,1,NULL,NULL,NULL,NULL,NULL,NULL,NULL,NULL,NULL,'2023-09-14 10:17:53','2024-06-14 09:39:31',NULL,NULL,NULL,NULL,NULL,NULL,NULL,NULL,NULL),
	(274,'EK-R2-004',5,16,4,1,NULL,NULL,NULL,NULL,NULL,NULL,NULL,NULL,NULL,'2023-09-14 10:17:53','2024-06-14 09:39:31',NULL,NULL,NULL,NULL,NULL,NULL,NULL,NULL,NULL),
	(275,'EK-R3-012',5,16,1,1,NULL,NULL,NULL,NULL,NULL,NULL,NULL,NULL,NULL,'2023-09-14 10:17:54','2024-06-14 09:39:31',NULL,NULL,NULL,NULL,NULL,NULL,NULL,NULL,NULL),
	(276,'EK-R3-010',5,16,1,1,NULL,NULL,NULL,NULL,NULL,NULL,NULL,NULL,NULL,'2023-09-14 10:17:54','2024-06-14 09:39:31',NULL,NULL,NULL,NULL,NULL,NULL,NULL,NULL,NULL),
	(277,'EK-R3-042',5,16,1,1,NULL,NULL,NULL,NULL,NULL,NULL,NULL,NULL,NULL,'2023-09-14 10:17:54','2024-06-14 09:39:31',NULL,NULL,NULL,NULL,NULL,NULL,NULL,NULL,NULL),
	(278,'EK-R3-026',5,16,1,1,NULL,NULL,NULL,NULL,NULL,NULL,NULL,NULL,NULL,'2023-09-14 10:17:54','2024-06-14 09:39:31',NULL,NULL,NULL,NULL,NULL,NULL,NULL,NULL,NULL),
	(279,'EK-R3-021',5,16,1,1,NULL,NULL,NULL,NULL,NULL,NULL,NULL,NULL,NULL,'2023-09-14 10:17:54','2024-06-14 09:39:31',NULL,NULL,NULL,NULL,NULL,NULL,NULL,NULL,NULL),
	(280,'EK-R3-055',5,16,1,1,NULL,NULL,NULL,NULL,NULL,NULL,NULL,NULL,NULL,'2023-09-14 10:17:55','2024-06-14 09:39:31',NULL,NULL,NULL,NULL,NULL,NULL,NULL,NULL,NULL),
	(281,'EK-R3-054',5,16,1,1,NULL,NULL,NULL,NULL,NULL,NULL,NULL,NULL,NULL,'2023-09-14 10:17:55','2024-06-14 09:39:31',NULL,NULL,NULL,NULL,NULL,NULL,NULL,NULL,NULL),
	(282,'EK-R3-067',5,16,1,1,NULL,NULL,NULL,NULL,NULL,NULL,NULL,NULL,NULL,'2023-09-14 10:17:55','2024-06-14 09:39:31',NULL,NULL,NULL,NULL,NULL,NULL,NULL,NULL,NULL),
	(283,'EK-R3-057',5,16,1,1,NULL,NULL,NULL,NULL,NULL,NULL,NULL,NULL,NULL,'2023-09-14 10:17:55','2024-06-14 09:39:31',NULL,NULL,NULL,NULL,NULL,NULL,NULL,NULL,NULL),
	(284,'EK-R3-061',5,16,1,1,NULL,NULL,NULL,NULL,NULL,NULL,NULL,NULL,NULL,'2023-09-14 10:17:55','2024-06-14 09:39:31',NULL,NULL,NULL,NULL,NULL,NULL,NULL,NULL,NULL),
	(285,'EK-R3-062',5,16,1,1,NULL,NULL,NULL,NULL,NULL,NULL,NULL,NULL,NULL,'2023-09-14 10:17:55','2024-06-14 09:39:31',NULL,NULL,NULL,NULL,NULL,NULL,NULL,NULL,NULL),
	(286,'EK-R3-065',5,16,1,1,NULL,NULL,NULL,NULL,NULL,NULL,NULL,NULL,NULL,'2023-09-14 10:17:56','2024-06-14 09:39:31',NULL,NULL,NULL,NULL,NULL,NULL,NULL,NULL,NULL),
	(287,'EK-R3-064',5,16,1,1,NULL,NULL,NULL,NULL,NULL,NULL,NULL,NULL,NULL,'2023-09-14 10:17:56','2024-06-14 09:39:31',NULL,NULL,NULL,NULL,NULL,NULL,NULL,NULL,NULL),
	(288,'EK-R3-066',5,16,1,1,NULL,NULL,NULL,NULL,NULL,NULL,NULL,NULL,NULL,'2023-09-14 10:17:56','2024-06-14 09:39:31',NULL,NULL,NULL,NULL,NULL,NULL,NULL,NULL,NULL),
	(289,'EK-R3-068',5,16,1,1,NULL,NULL,NULL,NULL,NULL,NULL,NULL,NULL,NULL,'2023-09-14 10:17:56','2024-06-14 09:39:31',NULL,NULL,NULL,NULL,NULL,NULL,NULL,NULL,NULL),
	(290,'G00021',6,17,1,1,NULL,NULL,NULL,NULL,NULL,NULL,NULL,NULL,NULL,'2023-09-14 10:17:57','2024-06-14 09:39:31',NULL,NULL,NULL,NULL,NULL,NULL,NULL,NULL,NULL),
	(291,'G00028',6,17,1,1,NULL,NULL,NULL,NULL,NULL,NULL,NULL,NULL,NULL,'2023-09-14 10:17:57','2024-06-14 09:39:31',NULL,NULL,NULL,NULL,NULL,NULL,NULL,NULL,NULL),
	(292,'G00040',6,17,1,1,NULL,NULL,NULL,NULL,NULL,NULL,NULL,NULL,NULL,'2023-09-14 10:17:57','2024-06-14 09:39:31',NULL,NULL,NULL,NULL,NULL,NULL,NULL,NULL,NULL),
	(293,'G00041',6,17,1,1,NULL,NULL,NULL,NULL,NULL,NULL,NULL,NULL,NULL,'2023-09-14 10:17:57','2024-06-14 09:39:31',NULL,NULL,NULL,NULL,NULL,NULL,NULL,NULL,NULL),
	(294,'EN-4-041',6,18,3,1,NULL,NULL,NULL,NULL,NULL,NULL,NULL,NULL,NULL,'2023-09-14 10:17:57','2024-06-14 09:39:31',NULL,NULL,NULL,NULL,NULL,NULL,NULL,NULL,NULL),
	(295,'G00032',6,17,1,1,NULL,NULL,NULL,NULL,NULL,NULL,NULL,NULL,NULL,'2023-09-14 10:17:58','2024-06-14 09:39:31',NULL,NULL,NULL,NULL,NULL,NULL,NULL,NULL,NULL),
	(296,'G00015',6,17,1,1,NULL,NULL,NULL,NULL,NULL,NULL,NULL,NULL,NULL,'2023-09-14 10:17:58','2024-06-14 09:39:31',NULL,NULL,NULL,NULL,NULL,NULL,NULL,NULL,NULL),
	(297,'G00027',6,17,1,1,NULL,NULL,NULL,NULL,NULL,NULL,NULL,NULL,NULL,'2023-09-14 10:17:58','2024-06-14 09:39:31',NULL,NULL,NULL,NULL,NULL,NULL,NULL,NULL,NULL),
	(298,'G00025',6,17,4,1,NULL,NULL,NULL,NULL,NULL,NULL,NULL,NULL,NULL,'2023-09-14 10:17:58','2024-06-14 09:39:31',NULL,NULL,NULL,NULL,NULL,NULL,NULL,NULL,NULL),
	(299,'10027',6,17,2,1,NULL,NULL,NULL,NULL,NULL,NULL,NULL,NULL,NULL,'2023-09-14 10:17:58','2024-06-14 09:39:31',NULL,NULL,NULL,NULL,NULL,NULL,NULL,NULL,NULL),
	(300,'00041',7,19,2,1,NULL,NULL,NULL,NULL,NULL,NULL,NULL,NULL,NULL,'2023-09-14 10:17:59','2024-06-14 09:39:31',NULL,NULL,NULL,NULL,NULL,NULL,NULL,NULL,NULL),
	(301,'00002',7,20,3,1,NULL,NULL,NULL,NULL,NULL,NULL,NULL,NULL,NULL,'2023-09-14 10:17:59','2024-06-14 09:39:31',NULL,NULL,NULL,NULL,NULL,NULL,NULL,NULL,NULL),
	(302,'00006',7,20,3,1,NULL,NULL,NULL,NULL,NULL,NULL,NULL,NULL,NULL,'2023-09-14 10:17:59','2024-06-14 09:39:31',NULL,NULL,NULL,NULL,NULL,NULL,NULL,NULL,NULL),
	(303,'00027',7,20,1,1,NULL,NULL,NULL,NULL,NULL,NULL,NULL,NULL,NULL,'2023-09-14 10:18:00','2024-06-14 09:39:31',NULL,NULL,NULL,NULL,NULL,NULL,NULL,NULL,NULL),
	(304,'10070',8,21,2,1,NULL,NULL,NULL,NULL,NULL,NULL,NULL,NULL,NULL,'2023-09-14 10:18:00','2024-06-14 09:39:31',NULL,NULL,NULL,NULL,NULL,NULL,NULL,NULL,NULL),
	(305,'EN-2-004',8,22,6,1,NULL,NULL,NULL,NULL,NULL,NULL,NULL,NULL,NULL,'2023-09-14 10:18:00','2024-06-14 09:39:31',NULL,NULL,NULL,NULL,NULL,NULL,NULL,NULL,NULL),
	(306,'10073',8,21,1,1,NULL,NULL,NULL,NULL,NULL,NULL,NULL,NULL,NULL,'2023-09-14 10:18:01','2024-06-14 09:39:31',NULL,NULL,NULL,NULL,NULL,NULL,NULL,NULL,NULL),
	(307,'10074',8,21,1,1,NULL,NULL,NULL,NULL,NULL,NULL,NULL,NULL,NULL,'2023-09-14 10:18:01','2024-06-14 09:39:31',NULL,NULL,NULL,NULL,NULL,NULL,NULL,NULL,NULL),
	(308,'10076',8,21,1,1,NULL,NULL,NULL,NULL,NULL,NULL,NULL,NULL,NULL,'2023-09-14 10:18:01','2024-06-14 09:39:31',NULL,NULL,NULL,NULL,NULL,NULL,NULL,NULL,NULL),
	(309,'10083',8,23,3,1,NULL,NULL,NULL,NULL,NULL,NULL,NULL,NULL,NULL,'2023-09-14 10:18:01','2024-06-14 09:39:31',NULL,NULL,NULL,NULL,NULL,NULL,NULL,NULL,NULL),
	(310,'10082',8,21,3,1,NULL,NULL,NULL,NULL,NULL,NULL,NULL,NULL,NULL,'2023-09-14 10:18:01','2024-06-14 09:39:31',NULL,NULL,NULL,NULL,NULL,NULL,NULL,NULL,NULL),
	(311,'KJ-5-120',8,21,3,1,NULL,NULL,NULL,NULL,NULL,NULL,NULL,NULL,NULL,'2023-09-14 10:18:02','2024-06-14 09:39:31',NULL,NULL,NULL,NULL,NULL,NULL,NULL,NULL,NULL),
	(312,'KJ-6-240',8,21,1,1,NULL,NULL,NULL,NULL,NULL,NULL,NULL,NULL,NULL,'2023-09-14 10:18:02','2024-06-14 09:39:31',NULL,NULL,NULL,NULL,NULL,NULL,NULL,NULL,NULL),
	(313,'10088',8,21,1,1,NULL,NULL,NULL,NULL,NULL,NULL,NULL,NULL,NULL,'2023-09-14 10:18:02','2024-06-14 09:39:31',NULL,NULL,NULL,NULL,NULL,NULL,NULL,NULL,NULL),
	(314,'10086',8,21,1,1,NULL,NULL,NULL,NULL,NULL,NULL,NULL,NULL,NULL,'2023-09-14 10:18:02','2024-06-14 09:39:31',NULL,NULL,NULL,NULL,NULL,NULL,NULL,NULL,NULL),
	(315,'10094',8,21,2,1,NULL,NULL,NULL,NULL,NULL,NULL,NULL,NULL,NULL,'2023-09-14 10:18:02','2024-06-14 09:39:31',NULL,NULL,NULL,NULL,NULL,NULL,NULL,NULL,NULL),
	(316,'10095',8,21,1,1,NULL,NULL,NULL,NULL,NULL,NULL,NULL,NULL,NULL,'2023-09-14 10:18:02','2024-06-14 09:39:31',NULL,NULL,NULL,NULL,NULL,NULL,NULL,NULL,NULL),
	(317,'10096',8,21,1,1,NULL,NULL,NULL,NULL,NULL,NULL,NULL,NULL,NULL,'2023-09-14 10:18:03','2024-06-14 09:39:31',NULL,NULL,NULL,NULL,NULL,NULL,NULL,NULL,NULL),
	(318,'00009',9,24,2,1,NULL,NULL,NULL,NULL,NULL,NULL,NULL,NULL,NULL,'2023-09-14 10:18:03','2024-06-14 09:39:31',NULL,NULL,NULL,NULL,NULL,NULL,NULL,NULL,NULL),
	(319,'00004',9,24,2,1,NULL,NULL,NULL,NULL,NULL,NULL,NULL,NULL,NULL,'2023-09-14 10:18:03','2024-06-14 09:39:31',NULL,NULL,NULL,NULL,NULL,NULL,NULL,NULL,NULL),
	(320,'00003',9,24,2,1,NULL,NULL,NULL,NULL,NULL,NULL,NULL,NULL,NULL,'2023-09-14 10:18:03','2024-06-14 09:39:31',NULL,NULL,NULL,NULL,NULL,NULL,NULL,NULL,NULL),
	(321,'00037',9,24,1,1,NULL,NULL,NULL,NULL,NULL,NULL,NULL,NULL,NULL,'2023-09-14 10:18:04','2024-06-14 09:39:31',NULL,NULL,NULL,NULL,NULL,NULL,NULL,NULL,NULL),
	(322,'00048',9,25,2,1,NULL,NULL,NULL,NULL,NULL,NULL,NULL,NULL,NULL,'2023-09-14 10:18:04','2024-06-14 09:39:31',NULL,NULL,NULL,NULL,NULL,NULL,NULL,NULL,NULL),
	(323,'00057',9,26,1,1,NULL,NULL,NULL,NULL,NULL,NULL,NULL,NULL,NULL,'2023-09-14 10:18:04','2024-06-14 09:39:31',NULL,NULL,NULL,NULL,NULL,NULL,NULL,NULL,NULL),
	(324,'20013',9,24,1,1,NULL,NULL,NULL,NULL,NULL,NULL,NULL,NULL,NULL,'2023-09-14 10:18:05','2024-06-14 09:39:31',NULL,NULL,NULL,NULL,NULL,NULL,NULL,NULL,NULL),
	(325,'20012',9,24,1,1,NULL,NULL,NULL,NULL,NULL,NULL,NULL,NULL,NULL,'2023-09-14 10:18:05','2024-06-14 09:39:31',NULL,NULL,NULL,NULL,NULL,NULL,NULL,NULL,NULL),
	(326,'20014',9,24,1,1,NULL,NULL,NULL,NULL,NULL,NULL,NULL,NULL,NULL,'2023-09-14 10:18:05','2024-06-14 09:39:31',NULL,NULL,NULL,NULL,NULL,NULL,NULL,NULL,NULL),
	(327,'20011',9,24,1,1,NULL,NULL,NULL,NULL,NULL,NULL,NULL,NULL,NULL,'2023-09-14 10:18:05','2024-06-14 09:39:31',NULL,NULL,NULL,NULL,NULL,NULL,NULL,NULL,NULL),
	(328,'20010',9,24,1,1,NULL,NULL,NULL,NULL,NULL,NULL,NULL,NULL,NULL,'2023-09-14 10:18:05','2024-06-14 09:39:31',NULL,NULL,NULL,NULL,NULL,NULL,NULL,NULL,NULL),
	(329,'20009',9,24,1,1,NULL,NULL,NULL,NULL,NULL,NULL,NULL,NULL,NULL,'2023-09-14 10:18:05','2024-06-14 09:39:31',NULL,NULL,NULL,NULL,NULL,NULL,NULL,NULL,NULL),
	(330,'20007',9,24,1,1,NULL,NULL,NULL,NULL,NULL,NULL,NULL,NULL,NULL,'2023-09-14 10:18:05','2024-06-14 09:39:31',NULL,NULL,NULL,NULL,NULL,NULL,NULL,NULL,NULL),
	(331,'20008',9,24,1,1,NULL,NULL,NULL,NULL,NULL,NULL,NULL,NULL,NULL,'2023-09-14 10:18:06','2024-06-14 09:39:31',NULL,NULL,NULL,NULL,NULL,NULL,NULL,NULL,NULL),
	(332,'20006',9,24,2,1,NULL,NULL,NULL,NULL,NULL,NULL,NULL,NULL,NULL,'2023-09-14 10:18:06','2024-06-14 09:39:31',NULL,NULL,NULL,NULL,NULL,NULL,NULL,NULL,NULL),
	(333,'20005',9,24,2,1,NULL,NULL,NULL,NULL,NULL,NULL,NULL,NULL,NULL,'2023-09-14 10:18:06','2024-06-14 09:39:31',NULL,NULL,NULL,NULL,NULL,NULL,NULL,NULL,NULL),
	(334,'20004',9,25,2,1,NULL,NULL,NULL,NULL,NULL,NULL,NULL,NULL,NULL,'2023-09-14 10:18:06','2024-06-14 09:39:31',NULL,NULL,NULL,NULL,NULL,NULL,NULL,NULL,NULL),
	(335,'20003',9,25,2,1,NULL,NULL,NULL,NULL,NULL,NULL,NULL,NULL,NULL,'2023-09-14 10:18:06','2024-06-14 09:39:31',NULL,NULL,NULL,NULL,NULL,NULL,NULL,NULL,NULL),
	(336,'20002',9,27,2,1,NULL,NULL,NULL,NULL,NULL,NULL,NULL,NULL,NULL,'2023-09-14 10:18:06','2024-06-14 09:39:31',NULL,NULL,NULL,NULL,NULL,NULL,NULL,NULL,NULL),
	(337,'20015',9,27,2,1,NULL,NULL,NULL,NULL,NULL,NULL,NULL,NULL,NULL,'2023-09-14 10:18:07','2024-06-14 09:39:31',NULL,NULL,NULL,NULL,NULL,NULL,NULL,NULL,NULL),
	(338,'00036',9,24,1,1,NULL,NULL,NULL,NULL,NULL,NULL,NULL,NULL,NULL,'2023-09-14 10:18:07','2024-06-14 09:39:31',NULL,NULL,NULL,NULL,NULL,NULL,NULL,NULL,NULL),
	(339,'20016',9,24,1,1,NULL,NULL,NULL,NULL,NULL,NULL,NULL,NULL,NULL,'2023-09-14 10:18:07','2024-06-14 09:39:31',NULL,NULL,NULL,NULL,NULL,NULL,NULL,NULL,NULL),
	(340,'20017',9,24,1,1,NULL,NULL,NULL,NULL,NULL,NULL,NULL,NULL,NULL,'2023-09-14 10:18:07','2024-06-14 09:39:31',NULL,NULL,NULL,NULL,NULL,NULL,NULL,NULL,NULL),
	(341,'20018',9,24,1,1,NULL,NULL,NULL,NULL,NULL,NULL,NULL,NULL,NULL,'2023-09-14 10:18:07','2024-06-14 09:39:31',NULL,NULL,NULL,NULL,NULL,NULL,NULL,NULL,NULL),
	(342,'20019',9,24,1,1,NULL,NULL,NULL,NULL,NULL,NULL,NULL,NULL,NULL,'2023-09-14 10:18:07','2024-06-14 09:39:31',NULL,NULL,NULL,NULL,NULL,NULL,NULL,NULL,NULL),
	(343,'20020',9,24,1,1,NULL,NULL,NULL,NULL,NULL,NULL,NULL,NULL,NULL,'2023-09-14 10:18:07','2024-06-14 09:39:31',NULL,NULL,NULL,NULL,NULL,NULL,NULL,NULL,NULL),
	(344,'EN-4-092',10,28,2,1,NULL,NULL,NULL,NULL,NULL,NULL,NULL,NULL,NULL,'2023-09-14 10:18:08','2024-06-14 09:39:31',NULL,NULL,NULL,NULL,NULL,NULL,NULL,NULL,NULL),
	(345,'10173',10,29,1,1,NULL,NULL,NULL,NULL,NULL,NULL,NULL,NULL,NULL,'2023-09-14 10:18:08','2024-06-14 09:39:31',NULL,NULL,NULL,NULL,NULL,NULL,NULL,NULL,NULL),
	(346,'10024',10,28,6,1,NULL,NULL,NULL,NULL,NULL,NULL,NULL,NULL,NULL,'2023-09-14 10:18:09','2024-06-14 09:39:31',NULL,NULL,NULL,NULL,NULL,NULL,NULL,NULL,NULL),
	(347,'10206',10,28,2,1,NULL,NULL,NULL,NULL,NULL,NULL,NULL,NULL,NULL,'2023-09-14 10:18:09','2024-06-14 09:39:31',NULL,NULL,NULL,NULL,NULL,NULL,NULL,NULL,NULL),
	(348,'10207',10,28,2,1,NULL,NULL,NULL,NULL,NULL,NULL,NULL,NULL,NULL,'2023-09-14 10:18:09','2024-06-14 09:39:31',NULL,NULL,NULL,NULL,NULL,NULL,NULL,NULL,NULL),
	(349,'10208',10,28,1,1,NULL,NULL,NULL,NULL,NULL,NULL,NULL,NULL,NULL,'2023-09-14 10:18:09','2024-06-14 09:39:31',NULL,NULL,NULL,NULL,NULL,NULL,NULL,NULL,NULL),
	(350,'10214',10,28,4,1,NULL,NULL,NULL,NULL,NULL,NULL,NULL,NULL,NULL,'2023-09-14 10:18:09','2024-06-14 09:39:31',NULL,NULL,NULL,NULL,NULL,NULL,NULL,NULL,NULL),
	(351,'10210',10,28,1,1,NULL,NULL,NULL,NULL,NULL,NULL,NULL,NULL,NULL,'2023-09-14 10:18:09','2024-06-14 09:39:31',NULL,NULL,NULL,NULL,NULL,NULL,NULL,NULL,NULL),
	(352,'10212',10,28,1,1,NULL,NULL,NULL,NULL,NULL,NULL,NULL,NULL,NULL,'2023-09-14 10:18:10','2024-06-14 09:39:31',NULL,NULL,NULL,NULL,NULL,NULL,NULL,NULL,NULL),
	(353,'10211',10,28,1,1,NULL,NULL,NULL,NULL,NULL,NULL,NULL,NULL,NULL,'2023-09-14 10:18:10','2024-06-14 09:39:31',NULL,NULL,NULL,NULL,NULL,NULL,NULL,NULL,NULL),
	(354,'10215',10,28,1,1,NULL,NULL,NULL,NULL,NULL,NULL,NULL,NULL,NULL,'2023-09-14 10:18:10','2024-06-14 09:39:31',NULL,NULL,NULL,NULL,NULL,NULL,NULL,NULL,NULL),
	(355,'10216',10,28,1,1,NULL,NULL,NULL,NULL,NULL,NULL,NULL,NULL,NULL,'2023-09-14 10:18:10','2024-06-14 09:39:31',NULL,NULL,NULL,NULL,NULL,NULL,NULL,NULL,NULL),
	(356,'10217',10,28,1,1,NULL,NULL,NULL,NULL,NULL,NULL,NULL,NULL,NULL,'2023-09-14 10:18:10','2024-06-14 09:39:31',NULL,NULL,NULL,NULL,NULL,NULL,NULL,NULL,NULL),
	(357,'10219',10,28,1,1,NULL,NULL,NULL,NULL,NULL,NULL,NULL,NULL,NULL,'2023-09-14 10:18:10','2024-06-14 09:39:31',NULL,NULL,NULL,NULL,NULL,NULL,NULL,NULL,NULL),
	(358,'10222',10,28,1,1,NULL,NULL,NULL,NULL,NULL,NULL,NULL,NULL,NULL,'2023-09-14 10:18:10','2024-06-14 09:39:32',NULL,NULL,NULL,NULL,NULL,NULL,NULL,NULL,NULL),
	(359,'10223',10,28,4,1,NULL,NULL,NULL,NULL,NULL,NULL,NULL,NULL,NULL,'2023-09-14 10:18:10','2024-06-14 09:39:32',NULL,NULL,NULL,NULL,NULL,NULL,NULL,NULL,NULL),
	(360,'10225',10,28,1,1,NULL,NULL,NULL,NULL,NULL,NULL,NULL,NULL,NULL,'2023-09-14 10:18:11','2024-06-14 09:39:32',NULL,NULL,NULL,NULL,NULL,NULL,NULL,NULL,NULL),
	(361,'10228',10,28,1,1,NULL,NULL,NULL,NULL,NULL,NULL,NULL,NULL,NULL,'2023-09-14 10:18:11','2024-06-14 09:39:32',NULL,NULL,NULL,NULL,NULL,NULL,NULL,NULL,NULL),
	(362,'10230',10,28,1,1,NULL,NULL,NULL,NULL,NULL,NULL,NULL,NULL,NULL,'2023-09-14 10:18:11','2024-06-14 09:39:32',NULL,NULL,NULL,NULL,NULL,NULL,NULL,NULL,NULL),
	(363,'10233',10,28,2,1,NULL,NULL,NULL,NULL,NULL,NULL,NULL,NULL,NULL,'2023-09-14 10:18:11','2024-06-14 09:39:32',NULL,NULL,NULL,NULL,NULL,NULL,NULL,NULL,NULL),
	(364,'00045',10,28,2,1,NULL,NULL,NULL,NULL,NULL,NULL,NULL,NULL,NULL,'2023-09-14 10:18:11','2024-06-14 09:39:32',NULL,NULL,NULL,NULL,NULL,NULL,NULL,NULL,NULL),
	(365,'10235',10,28,2,1,NULL,NULL,NULL,NULL,NULL,NULL,NULL,NULL,NULL,'2023-09-14 10:18:12','2024-06-14 09:39:32',NULL,NULL,NULL,NULL,NULL,NULL,NULL,NULL,NULL),
	(366,'10236',10,30,2,1,NULL,NULL,NULL,NULL,NULL,NULL,NULL,NULL,NULL,'2023-09-14 10:18:12','2024-06-14 09:39:32',NULL,NULL,NULL,NULL,NULL,NULL,NULL,NULL,NULL),
	(367,'10237',3,7,2,1,NULL,NULL,NULL,NULL,NULL,NULL,'2024-05-02','2025-05-02',NULL,'2023-09-14 10:18:12','2024-07-02 13:47:13','Kontrak',NULL,NULL,NULL,NULL,69,'hw',NULL,NULL),
	(368,'10239',10,28,1,1,NULL,NULL,NULL,NULL,NULL,NULL,NULL,NULL,NULL,'2023-09-14 10:18:13','2024-06-14 09:39:32',NULL,NULL,NULL,NULL,NULL,NULL,NULL,NULL,NULL),
	(369,'10240',10,28,4,1,NULL,NULL,NULL,NULL,NULL,NULL,NULL,NULL,NULL,'2023-09-14 10:18:13','2024-06-14 09:39:32',NULL,NULL,NULL,NULL,NULL,NULL,NULL,NULL,NULL),
	(370,'10241',10,28,4,1,NULL,NULL,NULL,NULL,NULL,NULL,NULL,NULL,NULL,'2023-09-14 10:18:13','2024-06-14 09:39:32',NULL,NULL,NULL,NULL,NULL,NULL,NULL,NULL,NULL),
	(371,'EN-4-086',2,2,2,1,NULL,NULL,15000000,NULL,NULL,NULL,'2024-06-20','2025-06-26','IT Support, Network, CCTV','2024-06-25 14:32:08','2024-06-25 16:16:17','PKWT',NULL,17,0,5,3,NULL,NULL,NULL),
	(372,'EN-4-086',3,2,2,1,NULL,NULL,16000000,NULL,NULL,NULL,'2024-06-25','2025-06-25','IT Support, Maintenance Network and Monitoring CCTV','2024-06-25 16:16:17','2024-07-01 15:10:48','PKWT',NULL,17,0,NULL,3,'GS',NULL,NULL),
	(373,'EN-4-045',2,2,1,1,NULL,NULL,3000000,NULL,NULL,NULL,'2024-07-01','2025-07-01',NULL,'2024-07-01 14:05:44','2024-07-01 14:05:44','PKWT',NULL,NULL,NULL,NULL,3,'HW',NULL,NULL),
	(374,'EN-4-045',2,2,1,1,NULL,NULL,3000000,NULL,NULL,NULL,'2024-07-01','2025-07-01',NULL,'2024-07-01 14:08:12','2024-07-01 14:08:12','PKWT',NULL,NULL,NULL,NULL,3,'HW',NULL,NULL),
	(375,'EN-4-45',2,2,1,1,NULL,NULL,3000000,NULL,NULL,NULL,'2024-07-01','2025-07-01',NULL,'2024-07-01 14:34:48','2024-07-01 14:34:48','PKWT',NULL,NULL,NULL,NULL,3,'HW',NULL,NULL),
	(376,'EN-4-45',2,2,1,1,NULL,NULL,3000000,NULL,NULL,NULL,'2024-07-01','2025-07-01',NULL,'2024-07-01 14:35:11','2024-07-01 14:35:11','PKWT',NULL,NULL,NULL,NULL,3,'HW',NULL,NULL),
	(377,'EN-4-086',7,2,2,1,NULL,NULL,16000000,NULL,NULL,NULL,'2024-06-29','2025-11-19','IT Support, Maintenance Network and Monitoring CCTV','2024-07-01 15:10:48','2024-07-02 15:58:58','Kontrak',NULL,17,1,NULL,4,'kj4',NULL,NULL),
	(378,'EN-4-69',2,2,1,1,NULL,NULL,NULL,NULL,NULL,NULL,'2024-07-01','2025-07-01',NULL,'2024-07-01 16:27:22','2024-07-01 16:27:22','PKWT',NULL,NULL,NULL,NULL,3,'HW',NULL,NULL),
	(379,'EN-4-013',2,3,1,1,NULL,NULL,NULL,NULL,NULL,NULL,'2024-07-01','2025-07-01',NULL,'2024-07-03 13:38:52','2024-07-03 13:38:52','Kontrak',NULL,NULL,NULL,NULL,6,'hw',NULL,NULL),
	(380,'EN-4-123',2,7,1,1,NULL,NULL,NULL,NULL,NULL,NULL,'2024-07-01','2025-07-01',NULL,'2024-07-03 13:48:02','2024-07-03 13:53:19','Kontrak',NULL,NULL,1,NULL,62,'hw',NULL,NULL),
	(381,'EN-4-124',2,3,1,1,NULL,NULL,NULL,NULL,NULL,NULL,'2024-07-01','2024-07-25',NULL,'2024-07-03 14:22:02','2024-07-03 14:22:02','Kontrak',NULL,NULL,NULL,NULL,6,'hw',NULL,NULL),
	(418,'1122',16,34,NULL,1,NULL,NULL,NULL,NULL,NULL,NULL,'2024-07-01','2025-07-01',NULL,'2024-07-10 11:02:14','2024-07-10 11:09:36','Kontrak',NULL,NULL,1,NULL,150,'hw',NULL,NULL),
	(419,'2222',16,34,NULL,NULL,NULL,NULL,NULL,NULL,NULL,NULL,NULL,NULL,NULL,'2024-07-10 11:02:14','2024-07-10 11:02:14',NULL,NULL,NULL,NULL,NULL,152,NULL,34,NULL);

/*!40000 ALTER TABLE `contracts` ENABLE KEYS */;
UNLOCK TABLES;


# Dump of table deactivates
# ------------------------------------------------------------

DROP TABLE IF EXISTS `deactivates`;

CREATE TABLE `deactivates` (
  `id` bigint(20) unsigned NOT NULL AUTO_INCREMENT,
  `status` int(11) NOT NULL,
  `employee_id` int(11) NOT NULL,
  `reason` varchar(255) NOT NULL,
  `date` date NOT NULL,
  `created_at` timestamp NULL DEFAULT NULL,
  `updated_at` timestamp NULL DEFAULT NULL,
  PRIMARY KEY (`id`)
) ENGINE=InnoDB DEFAULT CHARSET=utf8mb4 COLLATE=utf8mb4_unicode_ci;

LOCK TABLES `deactivates` WRITE;
/*!40000 ALTER TABLE `deactivates` DISABLE KEYS */;

INSERT INTO `deactivates` (`id`, `status`, `employee_id`, `reason`, `date`, `created_at`, `updated_at`)
VALUES
	(1,1,6,'Pensiun','2024-06-10','2024-06-25 09:29:15','2024-06-25 09:29:15'),
	(2,1,3,'Pensiun','2024-06-12','2024-07-01 15:00:50','2024-07-01 15:00:50');

/*!40000 ALTER TABLE `deactivates` ENABLE KEYS */;
UNLOCK TABLES;


# Dump of table deductions
# ------------------------------------------------------------

DROP TABLE IF EXISTS `deductions`;

CREATE TABLE `deductions` (
  `id` bigint(20) unsigned NOT NULL AUTO_INCREMENT,
  `employee_id` int(11) NOT NULL,
  `option` varchar(255) DEFAULT NULL,
  `amount` varchar(255) DEFAULT NULL,
  `title` varchar(255) DEFAULT NULL,
  `created_at` timestamp NULL DEFAULT NULL,
  `updated_at` timestamp NULL DEFAULT NULL,
  PRIMARY KEY (`id`)
) ENGINE=InnoDB DEFAULT CHARSET=utf8mb4 COLLATE=utf8mb4_unicode_ci;



# Dump of table departments
# ------------------------------------------------------------

DROP TABLE IF EXISTS `departments`;

CREATE TABLE `departments` (
  `id` smallint(5) unsigned NOT NULL AUTO_INCREMENT,
  `unit_id` tinyint(4) NOT NULL,
  `name` varchar(255) NOT NULL,
  `created_at` timestamp NULL DEFAULT NULL,
  `updated_at` timestamp NULL DEFAULT NULL,
  PRIMARY KEY (`id`)
) ENGINE=InnoDB DEFAULT CHARSET=utf8mb4 COLLATE=utf8mb4_unicode_ci;

LOCK TABLES `departments` WRITE;
/*!40000 ALTER TABLE `departments` DISABLE KEYS */;

INSERT INTO `departments` (`id`, `unit_id`, `name`, `created_at`, `updated_at`)
VALUES
	(2,2,'IT','2023-09-14 10:17:09','2023-09-14 10:17:09'),
	(3,2,'Finance','2023-09-14 10:17:11','2023-09-14 10:17:11'),
	(4,2,'General Service','2023-09-14 10:17:12','2023-09-14 10:17:12'),
	(5,2,'Operation','2023-09-14 10:17:13','2023-09-14 10:17:13'),
	(6,2,'Maintenance','2023-09-14 10:17:19','2023-09-14 10:17:19'),
	(7,3,'Finance','2023-09-14 10:17:33','2023-09-14 10:17:33'),
	(8,3,'HRD','2023-09-14 10:17:34','2023-09-14 10:17:34'),
	(9,3,'Sekretariat','2023-09-14 10:17:37','2023-09-14 10:17:37'),
	(10,3,'QHSSE','2023-09-14 10:17:39','2023-09-14 10:17:39'),
	(11,4,'Operation','2023-09-14 10:17:43','2023-09-14 10:17:43'),
	(12,5,'Operation','2023-09-14 10:17:49','2023-09-14 10:17:49'),
	(13,5,'General Service','2023-09-14 10:17:50','2023-09-14 10:17:50'),
	(14,5,'Oil & Gas','2023-09-14 10:17:51','2023-09-14 10:17:51'),
	(15,5,'Chemical','2023-09-14 10:17:51','2023-09-14 10:17:51'),
	(16,5,'Driving','2023-09-14 10:17:53','2023-09-14 10:17:53'),
	(17,6,'Operation','2023-09-14 10:17:56','2023-09-14 10:17:56'),
	(18,6,'Accounting & Finance','2023-09-14 10:17:57','2023-09-14 10:17:57'),
	(19,7,'Sekretariat','2023-09-14 10:17:58','2023-09-14 10:17:58'),
	(20,7,'Operation','2023-09-14 10:17:59','2023-09-14 10:17:59'),
	(21,8,'Operation','2023-09-14 10:18:00','2023-09-14 10:18:00'),
	(22,8,'Business Development','2023-09-14 10:18:00','2023-09-14 10:18:00'),
	(23,8,'General Affair','2023-09-14 10:18:01','2023-09-14 10:18:01'),
	(24,9,'Operation','2023-09-14 10:18:03','2023-09-14 10:18:03'),
	(25,9,'QHSSE','2023-09-14 10:18:04','2023-09-14 10:18:04'),
	(26,9,'Accounting & Finance','2023-09-14 10:18:04','2023-09-14 10:18:04'),
	(27,9,'Maintenance','2023-09-14 10:18:06','2023-09-14 10:18:06'),
	(28,10,'Operation','2023-09-14 10:18:07','2023-09-14 10:18:07'),
	(29,10,'General Service','2023-09-14 10:18:08','2023-09-14 10:18:08'),
	(30,10,'Accounting & Finance','2023-09-14 10:18:12','2023-09-14 10:18:12'),
	(33,16,'Operation','2024-07-09 11:53:17','2024-07-09 11:53:17'),
	(34,16,'IT','2024-07-09 11:53:22','2024-07-09 12:14:47'),
	(35,16,'QHSSE','2024-07-09 12:26:23','2024-07-09 12:26:23'),
	(36,16,'HRD','2024-07-09 14:31:06','2024-07-09 14:31:06');

/*!40000 ALTER TABLE `departments` ENABLE KEYS */;
UNLOCK TABLES;


# Dump of table designations
# ------------------------------------------------------------

DROP TABLE IF EXISTS `designations`;

CREATE TABLE `designations` (
  `id` tinyint(3) unsigned NOT NULL AUTO_INCREMENT,
  `name` varchar(255) NOT NULL,
  `golongan` varchar(2) NOT NULL,
  `created_at` timestamp NULL DEFAULT NULL,
  `updated_at` timestamp NULL DEFAULT NULL,
  PRIMARY KEY (`id`)
) ENGINE=InnoDB DEFAULT CHARSET=utf8mb4 COLLATE=utf8mb4_unicode_ci;

LOCK TABLES `designations` WRITE;
/*!40000 ALTER TABLE `designations` DISABLE KEYS */;

INSERT INTO `designations` (`id`, `name`, `golongan`, `created_at`, `updated_at`)
VALUES
	(1,'Staff','1','2023-09-14 10:16:27','2023-09-14 10:16:27'),
	(2,'Staff','2','2023-09-14 10:16:27','2023-09-14 10:16:27'),
	(3,'Team Leader','3','2023-09-14 10:16:27','2023-09-14 10:16:27'),
	(4,'Supervisor','4','2023-09-14 10:16:27','2023-09-14 10:16:27'),
	(5,'Asst. Manager','5','2023-09-14 10:16:27','2023-09-14 10:16:27'),
	(6,'Manager','6','2023-09-14 10:16:27','2023-09-14 10:16:27'),
	(7,'GM','7','2023-09-14 10:16:27','2023-09-14 10:16:27');

/*!40000 ALTER TABLE `designations` ENABLE KEYS */;
UNLOCK TABLES;


# Dump of table documents
# ------------------------------------------------------------

DROP TABLE IF EXISTS `documents`;

CREATE TABLE `documents` (
  `id` bigint(20) unsigned NOT NULL AUTO_INCREMENT,
  `employee_id` int(11) NOT NULL,
  `name` varchar(255) NOT NULL,
  `type` varchar(255) DEFAULT NULL,
  `file` varchar(255) DEFAULT NULL,
  `created_at` timestamp NULL DEFAULT NULL,
  `updated_at` timestamp NULL DEFAULT NULL,
  PRIMARY KEY (`id`)
) ENGINE=InnoDB DEFAULT CHARSET=utf8mb4 COLLATE=utf8mb4_unicode_ci;

LOCK TABLES `documents` WRITE;
/*!40000 ALTER TABLE `documents` DISABLE KEYS */;

INSERT INTO `documents` (`id`, `employee_id`, `name`, `type`, `file`, `created_at`, `updated_at`)
VALUES
	(1,17,'Slip Gaji','Payslip','employee/document/QWTPvtD73rmId8Cn7891lPF5gHiZW7YLg8wBkSh2.pdf','2024-06-26 15:21:39','2024-06-26 15:21:39');

/*!40000 ALTER TABLE `documents` ENABLE KEYS */;
UNLOCK TABLES;


# Dump of table duties
# ------------------------------------------------------------

DROP TABLE IF EXISTS `duties`;

CREATE TABLE `duties` (
  `id` bigint(20) unsigned NOT NULL AUTO_INCREMENT,
  `created_at` timestamp NULL DEFAULT NULL,
  `updated_at` timestamp NULL DEFAULT NULL,
  PRIMARY KEY (`id`)
) ENGINE=InnoDB DEFAULT CHARSET=utf8mb4 COLLATE=utf8mb4_unicode_ci;



# Dump of table educationals
# ------------------------------------------------------------

DROP TABLE IF EXISTS `educationals`;

CREATE TABLE `educationals` (
  `id` bigint(20) unsigned NOT NULL AUTO_INCREMENT,
  `employee_id` int(11) NOT NULL,
  `degree` varchar(255) NOT NULL,
  `major` varchar(255) DEFAULT NULL,
  `name` varchar(255) DEFAULT NULL,
  `year` varchar(255) NOT NULL,
  `created_at` timestamp NULL DEFAULT NULL,
  `updated_at` timestamp NULL DEFAULT NULL,
  PRIMARY KEY (`id`)
) ENGINE=InnoDB DEFAULT CHARSET=utf8mb4 COLLATE=utf8mb4_unicode_ci;

LOCK TABLES `educationals` WRITE;
/*!40000 ALTER TABLE `educationals` DISABLE KEYS */;

INSERT INTO `educationals` (`id`, `employee_id`, `degree`, `major`, `name`, `year`, `created_at`, `updated_at`)
VALUES
	(2,17,'S1','Informatika','Universitas Brawijaya','2021','2024-06-25 09:56:38','2024-06-25 09:56:38'),
	(3,17,'S2','Psikologiiii','Universitas Pakuannn','2023','2024-06-25 10:04:15','2024-06-25 10:34:59');

/*!40000 ALTER TABLE `educationals` ENABLE KEYS */;
UNLOCK TABLES;


# Dump of table emergencies
# ------------------------------------------------------------

DROP TABLE IF EXISTS `emergencies`;

CREATE TABLE `emergencies` (
  `id` bigint(20) unsigned NOT NULL AUTO_INCREMENT,
  `name` varchar(255) DEFAULT NULL,
  `phone` varchar(255) DEFAULT NULL,
  `email` varchar(255) DEFAULT NULL,
  `address` varchar(255) DEFAULT NULL,
  `hubungan` varchar(255) DEFAULT NULL,
  `created_at` timestamp NULL DEFAULT NULL,
  `updated_at` timestamp NULL DEFAULT NULL,
  `employee_id` bigint(20) DEFAULT NULL,
  PRIMARY KEY (`id`)
) ENGINE=InnoDB DEFAULT CHARSET=utf8mb4 COLLATE=utf8mb4_unicode_ci;

LOCK TABLES `emergencies` WRITE;
/*!40000 ALTER TABLE `emergencies` DISABLE KEYS */;

INSERT INTO `emergencies` (`id`, `name`, `phone`, `email`, `address`, `hubungan`, `created_at`, `updated_at`, `employee_id`)
VALUES
	(2,NULL,NULL,NULL,NULL,NULL,'2023-09-14 10:17:10','2023-09-14 10:17:10',NULL),
	(3,NULL,NULL,NULL,NULL,NULL,'2023-09-14 10:17:10','2023-09-14 10:17:10',NULL),
	(4,NULL,NULL,NULL,NULL,NULL,'2023-09-14 10:17:10','2023-09-14 10:17:10',NULL),
	(5,NULL,NULL,NULL,NULL,NULL,'2023-09-14 10:17:11','2023-09-14 10:17:11',NULL),
	(6,NULL,NULL,NULL,NULL,NULL,'2023-09-14 10:17:11','2023-09-14 10:17:11',NULL),
	(7,NULL,NULL,NULL,NULL,NULL,'2023-09-14 10:17:11','2023-09-14 10:17:11',NULL),
	(8,NULL,NULL,NULL,NULL,NULL,'2023-09-14 10:17:11','2023-09-14 10:17:11',NULL),
	(9,NULL,NULL,NULL,NULL,NULL,'2023-09-14 10:17:12','2023-09-14 10:17:12',NULL),
	(10,NULL,NULL,NULL,NULL,NULL,'2023-09-14 10:17:12','2023-09-14 10:17:12',NULL),
	(11,NULL,NULL,NULL,NULL,NULL,'2023-09-14 10:17:12','2023-09-14 10:17:12',NULL),
	(12,NULL,NULL,NULL,NULL,NULL,'2023-09-14 10:17:12','2023-09-14 10:17:12',NULL),
	(13,NULL,NULL,NULL,NULL,NULL,'2023-09-14 10:17:13','2023-09-14 10:17:13',NULL),
	(14,NULL,NULL,NULL,NULL,NULL,'2023-09-14 10:17:13','2023-09-14 10:17:13',NULL),
	(15,NULL,NULL,NULL,NULL,NULL,'2023-09-14 10:17:13','2023-09-14 10:17:13',NULL),
	(16,NULL,NULL,NULL,NULL,NULL,'2023-09-14 10:17:13','2023-09-14 10:17:13',NULL),
	(17,NULL,NULL,NULL,NULL,NULL,'2023-09-14 10:17:13','2023-09-14 10:17:13',NULL),
	(18,NULL,NULL,NULL,NULL,NULL,'2023-09-14 10:17:13','2023-09-14 10:17:13',NULL),
	(19,NULL,NULL,NULL,NULL,NULL,'2023-09-14 10:17:13','2023-09-14 10:17:13',NULL),
	(20,NULL,NULL,NULL,NULL,NULL,'2023-09-14 10:17:14','2023-09-14 10:17:14',NULL),
	(21,NULL,NULL,NULL,NULL,NULL,'2023-09-14 10:17:14','2023-09-14 10:17:14',NULL),
	(22,NULL,NULL,NULL,NULL,NULL,'2023-09-14 10:17:14','2023-09-14 10:17:14',NULL),
	(23,NULL,NULL,NULL,NULL,NULL,'2023-09-14 10:17:14','2023-09-14 10:17:14',NULL),
	(24,NULL,NULL,NULL,NULL,NULL,'2023-09-14 10:17:14','2023-09-14 10:17:14',NULL),
	(25,NULL,NULL,NULL,NULL,NULL,'2023-09-14 10:17:15','2023-09-14 10:17:15',NULL),
	(26,NULL,NULL,NULL,NULL,NULL,'2023-09-14 10:17:15','2023-09-14 10:17:15',NULL),
	(27,NULL,NULL,NULL,NULL,NULL,'2023-09-14 10:17:15','2023-09-14 10:17:15',NULL),
	(28,NULL,NULL,NULL,NULL,NULL,'2023-09-14 10:17:15','2023-09-14 10:17:15',NULL),
	(29,NULL,NULL,NULL,NULL,NULL,'2023-09-14 10:17:15','2023-09-14 10:17:15',NULL),
	(30,NULL,NULL,NULL,NULL,NULL,'2023-09-14 10:17:15','2023-09-14 10:17:15',NULL),
	(31,NULL,NULL,NULL,NULL,NULL,'2023-09-14 10:17:16','2023-09-14 10:17:16',NULL),
	(32,NULL,NULL,NULL,NULL,NULL,'2023-09-14 10:17:16','2023-09-14 10:17:16',NULL),
	(33,NULL,NULL,NULL,NULL,NULL,'2023-09-14 10:17:16','2023-09-14 10:17:16',NULL),
	(34,NULL,NULL,NULL,NULL,NULL,'2023-09-14 10:17:16','2023-09-14 10:17:16',NULL),
	(35,NULL,NULL,NULL,NULL,NULL,'2023-09-14 10:17:17','2023-09-14 10:17:17',NULL),
	(36,NULL,NULL,NULL,NULL,NULL,'2023-09-14 10:17:17','2023-09-14 10:17:17',NULL),
	(37,NULL,NULL,NULL,NULL,NULL,'2023-09-14 10:17:17','2023-09-14 10:17:17',NULL),
	(38,NULL,NULL,NULL,NULL,NULL,'2023-09-14 10:17:17','2023-09-14 10:17:17',NULL),
	(39,NULL,NULL,NULL,NULL,NULL,'2023-09-14 10:17:17','2023-09-14 10:17:17',NULL),
	(40,NULL,NULL,NULL,NULL,NULL,'2023-09-14 10:17:17','2023-09-14 10:17:17',NULL),
	(41,NULL,NULL,NULL,NULL,NULL,'2023-09-14 10:17:17','2023-09-14 10:17:17',NULL),
	(42,NULL,NULL,NULL,NULL,NULL,'2023-09-14 10:17:18','2023-09-14 10:17:18',NULL),
	(43,NULL,NULL,NULL,NULL,NULL,'2023-09-14 10:17:18','2023-09-14 10:17:18',NULL),
	(44,NULL,NULL,NULL,NULL,NULL,'2023-09-14 10:17:18','2023-09-14 10:17:18',NULL),
	(45,NULL,NULL,NULL,NULL,NULL,'2023-09-14 10:17:18','2023-09-14 10:17:18',NULL),
	(46,NULL,NULL,NULL,NULL,NULL,'2023-09-14 10:17:18','2023-09-14 10:17:18',NULL),
	(47,NULL,NULL,NULL,NULL,NULL,'2023-09-14 10:17:18','2023-09-14 10:17:18',NULL),
	(48,NULL,NULL,NULL,NULL,NULL,'2023-09-14 10:17:18','2023-09-14 10:17:18',NULL),
	(49,NULL,NULL,NULL,NULL,NULL,'2023-09-14 10:17:18','2023-09-14 10:17:18',NULL),
	(50,NULL,NULL,NULL,NULL,NULL,'2023-09-14 10:17:19','2023-09-14 10:17:19',NULL),
	(51,NULL,NULL,NULL,NULL,NULL,'2023-09-14 10:17:19','2023-09-14 10:17:19',NULL),
	(52,NULL,NULL,NULL,NULL,NULL,'2023-09-14 10:17:19','2023-09-14 10:17:19',NULL),
	(53,NULL,NULL,NULL,NULL,NULL,'2023-09-14 10:17:19','2023-09-14 10:17:19',NULL),
	(54,NULL,NULL,NULL,NULL,NULL,'2023-09-14 10:17:20','2023-09-14 10:17:20',NULL),
	(55,NULL,NULL,NULL,NULL,NULL,'2023-09-14 10:17:20','2023-09-14 10:17:20',NULL),
	(56,NULL,NULL,NULL,NULL,NULL,'2023-09-14 10:17:20','2023-09-14 10:17:20',NULL),
	(57,NULL,NULL,NULL,NULL,NULL,'2023-09-14 10:17:20','2023-09-14 10:17:20',NULL),
	(58,NULL,NULL,NULL,NULL,NULL,'2023-09-14 10:17:20','2023-09-14 10:17:20',NULL),
	(59,NULL,NULL,NULL,NULL,NULL,'2023-09-14 10:17:20','2023-09-14 10:17:20',NULL),
	(60,NULL,NULL,NULL,NULL,NULL,'2023-09-14 10:17:21','2023-09-14 10:17:21',NULL),
	(61,NULL,NULL,NULL,NULL,NULL,'2023-09-14 10:17:21','2023-09-14 10:17:21',NULL),
	(62,NULL,NULL,NULL,NULL,NULL,'2023-09-14 10:17:21','2023-09-14 10:17:21',NULL),
	(63,NULL,NULL,NULL,NULL,NULL,'2023-09-14 10:17:21','2023-09-14 10:17:21',NULL),
	(64,NULL,NULL,NULL,NULL,NULL,'2023-09-14 10:17:21','2023-09-14 10:17:21',NULL),
	(65,NULL,NULL,NULL,NULL,NULL,'2023-09-14 10:17:21','2023-09-14 10:17:21',NULL),
	(66,NULL,NULL,NULL,NULL,NULL,'2023-09-14 10:17:22','2023-09-14 10:17:22',NULL),
	(67,NULL,NULL,NULL,NULL,NULL,'2023-09-14 10:17:22','2023-09-14 10:17:22',NULL),
	(68,NULL,NULL,NULL,NULL,NULL,'2023-09-14 10:17:22','2023-09-14 10:17:22',NULL),
	(69,NULL,NULL,NULL,NULL,NULL,'2023-09-14 10:17:22','2023-09-14 10:17:22',NULL),
	(70,NULL,NULL,NULL,NULL,NULL,'2023-09-14 10:17:22','2023-09-14 10:17:22',NULL),
	(71,NULL,NULL,NULL,NULL,NULL,'2023-09-14 10:17:22','2023-09-14 10:17:22',NULL),
	(72,NULL,NULL,NULL,NULL,NULL,'2023-09-14 10:17:22','2023-09-14 10:17:22',NULL),
	(73,NULL,NULL,NULL,NULL,NULL,'2023-09-14 10:17:23','2023-09-14 10:17:23',NULL),
	(74,NULL,NULL,NULL,NULL,NULL,'2023-09-14 10:17:23','2023-09-14 10:17:23',NULL),
	(75,NULL,NULL,NULL,NULL,NULL,'2023-09-14 10:17:23','2023-09-14 10:17:23',NULL),
	(76,NULL,NULL,NULL,NULL,NULL,'2023-09-14 10:17:23','2023-09-14 10:17:23',NULL),
	(77,NULL,NULL,NULL,NULL,NULL,'2023-09-14 10:17:23','2023-09-14 10:17:23',NULL),
	(78,NULL,NULL,NULL,NULL,NULL,'2023-09-14 10:17:23','2023-09-14 10:17:23',NULL),
	(79,NULL,NULL,NULL,NULL,NULL,'2023-09-14 10:17:24','2023-09-14 10:17:24',NULL),
	(80,NULL,NULL,NULL,NULL,NULL,'2023-09-14 10:17:24','2023-09-14 10:17:24',NULL),
	(81,NULL,NULL,NULL,NULL,NULL,'2023-09-14 10:17:24','2023-09-14 10:17:24',NULL),
	(82,NULL,NULL,NULL,NULL,NULL,'2023-09-14 10:17:24','2023-09-14 10:17:24',NULL),
	(83,NULL,NULL,NULL,NULL,NULL,'2023-09-14 10:17:24','2023-09-14 10:17:24',NULL),
	(84,NULL,NULL,NULL,NULL,NULL,'2023-09-14 10:17:24','2023-09-14 10:17:24',NULL),
	(85,NULL,NULL,NULL,NULL,NULL,'2023-09-14 10:17:24','2023-09-14 10:17:24',NULL),
	(86,NULL,NULL,NULL,NULL,NULL,'2023-09-14 10:17:25','2023-09-14 10:17:25',NULL),
	(87,NULL,NULL,NULL,NULL,NULL,'2023-09-14 10:17:25','2023-09-14 10:17:25',NULL),
	(88,NULL,NULL,NULL,NULL,NULL,'2023-09-14 10:17:25','2023-09-14 10:17:25',NULL),
	(89,NULL,NULL,NULL,NULL,NULL,'2023-09-14 10:17:25','2023-09-14 10:17:25',NULL),
	(90,NULL,NULL,NULL,NULL,NULL,'2023-09-14 10:17:25','2023-09-14 10:17:25',NULL),
	(91,NULL,NULL,NULL,NULL,NULL,'2023-09-14 10:17:25','2023-09-14 10:17:25',NULL),
	(92,NULL,NULL,NULL,NULL,NULL,'2023-09-14 10:17:26','2023-09-14 10:17:26',NULL),
	(93,NULL,NULL,NULL,NULL,NULL,'2023-09-14 10:17:26','2023-09-14 10:17:26',NULL),
	(94,NULL,NULL,NULL,NULL,NULL,'2023-09-14 10:17:26','2023-09-14 10:17:26',NULL),
	(95,NULL,NULL,NULL,NULL,NULL,'2023-09-14 10:17:26','2023-09-14 10:17:26',NULL),
	(96,NULL,NULL,NULL,NULL,NULL,'2023-09-14 10:17:26','2023-09-14 10:17:26',NULL),
	(97,NULL,NULL,NULL,NULL,NULL,'2023-09-14 10:17:26','2023-09-14 10:17:26',NULL),
	(98,NULL,NULL,NULL,NULL,NULL,'2023-09-14 10:17:26','2023-09-14 10:17:26',NULL),
	(99,NULL,NULL,NULL,NULL,NULL,'2023-09-14 10:17:27','2023-09-14 10:17:27',NULL),
	(100,NULL,NULL,NULL,NULL,NULL,'2023-09-14 10:17:27','2023-09-14 10:17:27',NULL),
	(101,NULL,NULL,NULL,NULL,NULL,'2023-09-14 10:17:27','2023-09-14 10:17:27',NULL),
	(102,NULL,NULL,NULL,NULL,NULL,'2023-09-14 10:17:27','2023-09-14 10:17:27',NULL),
	(103,NULL,NULL,NULL,NULL,NULL,'2023-09-14 10:17:27','2023-09-14 10:17:27',NULL),
	(104,NULL,NULL,NULL,NULL,NULL,'2023-09-14 10:17:27','2023-09-14 10:17:27',NULL),
	(105,NULL,NULL,NULL,NULL,NULL,'2023-09-14 10:17:28','2023-09-14 10:17:28',NULL),
	(106,NULL,NULL,NULL,NULL,NULL,'2023-09-14 10:17:28','2023-09-14 10:17:28',NULL),
	(107,NULL,NULL,NULL,NULL,NULL,'2023-09-14 10:17:28','2023-09-14 10:17:28',NULL),
	(108,NULL,NULL,NULL,NULL,NULL,'2023-09-14 10:17:28','2023-09-14 10:17:28',NULL),
	(109,NULL,NULL,NULL,NULL,NULL,'2023-09-14 10:17:28','2023-09-14 10:17:28',NULL),
	(110,NULL,NULL,NULL,NULL,NULL,'2023-09-14 10:17:28','2023-09-14 10:17:28',NULL),
	(111,NULL,NULL,NULL,NULL,NULL,'2023-09-14 10:17:28','2023-09-14 10:17:28',NULL),
	(112,NULL,NULL,NULL,NULL,NULL,'2023-09-14 10:17:28','2023-09-14 10:17:28',NULL),
	(113,NULL,NULL,NULL,NULL,NULL,'2023-09-14 10:17:28','2023-09-14 10:17:28',NULL),
	(114,NULL,NULL,NULL,NULL,NULL,'2023-09-14 10:17:29','2023-09-14 10:17:29',NULL),
	(115,NULL,NULL,NULL,NULL,NULL,'2023-09-14 10:17:29','2023-09-14 10:17:29',NULL),
	(116,NULL,NULL,NULL,NULL,NULL,'2023-09-14 10:17:29','2023-09-14 10:17:29',NULL),
	(117,NULL,NULL,NULL,NULL,NULL,'2023-09-14 10:17:29','2023-09-14 10:17:29',NULL),
	(118,NULL,NULL,NULL,NULL,NULL,'2023-09-14 10:17:29','2023-09-14 10:17:29',NULL),
	(119,NULL,NULL,NULL,NULL,NULL,'2023-09-14 10:17:29','2023-09-14 10:17:29',NULL),
	(120,NULL,NULL,NULL,NULL,NULL,'2023-09-14 10:17:29','2023-09-14 10:17:29',NULL),
	(121,NULL,NULL,NULL,NULL,NULL,'2023-09-14 10:17:30','2023-09-14 10:17:30',NULL),
	(122,NULL,NULL,NULL,NULL,NULL,'2023-09-14 10:17:30','2023-09-14 10:17:30',NULL),
	(123,NULL,NULL,NULL,NULL,NULL,'2023-09-14 10:17:30','2023-09-14 10:17:30',NULL),
	(124,NULL,NULL,NULL,NULL,NULL,'2023-09-14 10:17:30','2023-09-14 10:17:30',NULL),
	(125,NULL,NULL,NULL,NULL,NULL,'2023-09-14 10:17:30','2023-09-14 10:17:30',NULL),
	(126,NULL,NULL,NULL,NULL,NULL,'2023-09-14 10:17:30','2023-09-14 10:17:30',NULL),
	(127,NULL,NULL,NULL,NULL,NULL,'2023-09-14 10:17:30','2023-09-14 10:17:30',NULL),
	(128,NULL,NULL,NULL,NULL,NULL,'2023-09-14 10:17:31','2023-09-14 10:17:31',NULL),
	(129,NULL,NULL,NULL,NULL,NULL,'2023-09-14 10:17:31','2023-09-14 10:17:31',NULL),
	(130,NULL,NULL,NULL,NULL,NULL,'2023-09-14 10:17:31','2023-09-14 10:17:31',NULL),
	(131,NULL,NULL,NULL,NULL,NULL,'2023-09-14 10:17:31','2023-09-14 10:17:31',NULL),
	(132,NULL,NULL,NULL,NULL,NULL,'2023-09-14 10:17:31','2023-09-14 10:17:31',NULL),
	(133,NULL,NULL,NULL,NULL,NULL,'2023-09-14 10:17:31','2023-09-14 10:17:31',NULL),
	(134,NULL,NULL,NULL,NULL,NULL,'2023-09-14 10:17:31','2023-09-14 10:17:31',NULL),
	(135,NULL,NULL,NULL,NULL,NULL,'2023-09-14 10:17:32','2023-09-14 10:17:32',NULL),
	(136,NULL,NULL,NULL,NULL,NULL,'2023-09-14 10:17:32','2023-09-14 10:17:32',NULL),
	(137,NULL,NULL,NULL,NULL,NULL,'2023-09-14 10:17:32','2023-09-14 10:17:32',NULL),
	(138,NULL,NULL,NULL,NULL,NULL,'2023-09-14 10:17:32','2023-09-14 10:17:32',NULL),
	(139,NULL,NULL,NULL,NULL,NULL,'2023-09-14 10:17:32','2023-09-14 10:17:32',NULL),
	(140,NULL,NULL,NULL,NULL,NULL,'2023-09-14 10:17:32','2023-09-14 10:17:32',NULL),
	(141,NULL,NULL,NULL,NULL,NULL,'2023-09-14 10:17:33','2023-09-14 10:17:33',NULL),
	(142,NULL,NULL,NULL,NULL,NULL,'2023-09-14 10:17:33','2023-09-14 10:17:33',NULL),
	(143,NULL,NULL,NULL,NULL,NULL,'2023-09-14 10:17:33','2023-09-14 10:17:33',NULL),
	(144,NULL,NULL,NULL,NULL,NULL,'2023-09-14 10:17:33','2023-09-14 10:17:33',NULL),
	(145,NULL,NULL,NULL,NULL,NULL,'2023-09-14 10:17:33','2023-09-14 10:17:33',NULL),
	(146,NULL,NULL,NULL,NULL,NULL,'2023-09-14 10:17:33','2023-09-14 10:17:33',NULL),
	(147,NULL,NULL,NULL,NULL,NULL,'2023-09-14 10:17:34','2023-09-14 10:17:34',NULL),
	(148,NULL,NULL,NULL,NULL,NULL,'2023-09-14 10:17:34','2023-09-14 10:17:34',NULL),
	(149,NULL,NULL,NULL,NULL,NULL,'2023-09-14 10:17:34','2023-09-14 10:17:34',NULL),
	(150,NULL,NULL,NULL,NULL,NULL,'2023-09-14 10:17:35','2023-09-14 10:17:35',NULL),
	(151,NULL,NULL,NULL,NULL,NULL,'2023-09-14 10:17:35','2023-09-14 10:17:35',NULL),
	(152,NULL,NULL,NULL,NULL,NULL,'2023-09-14 10:17:35','2023-09-14 10:17:35',NULL),
	(153,NULL,NULL,NULL,NULL,NULL,'2023-09-14 10:17:35','2023-09-14 10:17:35',NULL),
	(154,NULL,NULL,NULL,NULL,NULL,'2023-09-14 10:17:35','2023-09-14 10:17:35',NULL),
	(155,NULL,NULL,NULL,NULL,NULL,'2023-09-14 10:17:35','2023-09-14 10:17:35',NULL),
	(156,NULL,NULL,NULL,NULL,NULL,'2023-09-14 10:17:36','2023-09-14 10:17:36',NULL),
	(157,NULL,NULL,NULL,NULL,NULL,'2023-09-14 10:17:36','2023-09-14 10:17:36',NULL),
	(158,NULL,NULL,NULL,NULL,NULL,'2023-09-14 10:17:36','2023-09-14 10:17:36',NULL),
	(159,NULL,NULL,NULL,NULL,NULL,'2023-09-14 10:17:36','2023-09-14 10:17:36',NULL),
	(160,NULL,NULL,NULL,NULL,NULL,'2023-09-14 10:17:36','2023-09-14 10:17:36',NULL),
	(161,NULL,NULL,NULL,NULL,NULL,'2023-09-14 10:17:37','2023-09-14 10:17:37',NULL),
	(162,NULL,NULL,NULL,NULL,NULL,'2023-09-14 10:17:37','2023-09-14 10:17:37',NULL),
	(163,NULL,NULL,NULL,NULL,NULL,'2023-09-14 10:17:37','2023-09-14 10:17:37',NULL),
	(164,NULL,NULL,NULL,NULL,NULL,'2023-09-14 10:17:37','2023-09-14 10:17:37',NULL),
	(165,NULL,NULL,NULL,NULL,NULL,'2023-09-14 10:17:37','2023-09-14 10:17:37',NULL),
	(166,NULL,NULL,NULL,NULL,NULL,'2023-09-14 10:17:37','2023-09-14 10:17:37',NULL),
	(167,NULL,NULL,NULL,NULL,NULL,'2023-09-14 10:17:38','2023-09-14 10:17:38',NULL),
	(168,NULL,NULL,NULL,NULL,NULL,'2023-09-14 10:17:38','2023-09-14 10:17:38',NULL),
	(169,NULL,NULL,NULL,NULL,NULL,'2023-09-14 10:17:38','2023-09-14 10:17:38',NULL),
	(170,NULL,NULL,NULL,NULL,NULL,'2023-09-14 10:17:38','2023-09-14 10:17:38',NULL),
	(171,NULL,NULL,NULL,NULL,NULL,'2023-09-14 10:17:38','2023-09-14 10:17:38',NULL),
	(172,NULL,NULL,NULL,NULL,NULL,'2023-09-14 10:17:38','2023-09-14 10:17:38',NULL),
	(173,NULL,NULL,NULL,NULL,NULL,'2023-09-14 10:17:38','2023-09-14 10:17:38',NULL),
	(174,NULL,NULL,NULL,NULL,NULL,'2023-09-14 10:17:38','2023-09-14 10:17:38',NULL),
	(175,NULL,NULL,NULL,NULL,NULL,'2023-09-14 10:17:39','2023-09-14 10:17:39',NULL),
	(176,NULL,NULL,NULL,NULL,NULL,'2023-09-14 10:17:39','2023-09-14 10:17:39',NULL),
	(177,NULL,NULL,NULL,NULL,NULL,'2023-09-14 10:17:39','2023-09-14 10:17:39',NULL),
	(178,NULL,NULL,NULL,NULL,NULL,'2023-09-14 10:17:39','2023-09-14 10:17:39',NULL),
	(179,NULL,NULL,NULL,NULL,NULL,'2023-09-14 10:17:39','2023-09-14 10:17:39',NULL),
	(180,NULL,NULL,NULL,NULL,NULL,'2023-09-14 10:17:39','2023-09-14 10:17:39',NULL),
	(181,NULL,NULL,NULL,NULL,NULL,'2023-09-14 10:17:39','2023-09-14 10:17:39',NULL),
	(182,NULL,NULL,NULL,NULL,NULL,'2023-09-14 10:17:40','2023-09-14 10:17:40',NULL),
	(183,NULL,NULL,NULL,NULL,NULL,'2023-09-14 10:17:40','2023-09-14 10:17:40',NULL),
	(184,NULL,NULL,NULL,NULL,NULL,'2023-09-14 10:17:40','2023-09-14 10:17:40',NULL),
	(185,NULL,NULL,NULL,NULL,NULL,'2023-09-14 10:17:40','2023-09-14 10:17:40',NULL),
	(186,NULL,NULL,NULL,NULL,NULL,'2023-09-14 10:17:40','2023-09-14 10:17:40',NULL),
	(187,NULL,NULL,NULL,NULL,NULL,'2023-09-14 10:17:41','2023-09-14 10:17:41',NULL),
	(188,NULL,NULL,NULL,NULL,NULL,'2023-09-14 10:17:41','2023-09-14 10:17:41',NULL),
	(189,NULL,NULL,NULL,NULL,NULL,'2023-09-14 10:17:41','2023-09-14 10:17:41',NULL),
	(190,NULL,NULL,NULL,NULL,NULL,'2023-09-14 10:17:41','2023-09-14 10:17:41',NULL),
	(191,NULL,NULL,NULL,NULL,NULL,'2023-09-14 10:17:41','2023-09-14 10:17:41',NULL),
	(192,NULL,NULL,NULL,NULL,NULL,'2023-09-14 10:17:42','2023-09-14 10:17:42',NULL),
	(193,NULL,NULL,NULL,NULL,NULL,'2023-09-14 10:17:42','2023-09-14 10:17:42',NULL),
	(194,NULL,NULL,NULL,NULL,NULL,'2023-09-14 10:17:42','2023-09-14 10:17:42',NULL),
	(195,NULL,NULL,NULL,NULL,NULL,'2023-09-14 10:17:42','2023-09-14 10:17:42',NULL),
	(196,NULL,NULL,NULL,NULL,NULL,'2023-09-14 10:17:42','2023-09-14 10:17:42',NULL),
	(197,NULL,NULL,NULL,NULL,NULL,'2023-09-14 10:17:42','2023-09-14 10:17:42',NULL),
	(198,NULL,NULL,NULL,NULL,NULL,'2023-09-14 10:17:42','2023-09-14 10:17:42',NULL),
	(199,NULL,NULL,NULL,NULL,NULL,'2023-09-14 10:17:43','2023-09-14 10:17:43',NULL),
	(200,NULL,NULL,NULL,NULL,NULL,'2023-09-14 10:17:43','2023-09-14 10:17:43',NULL),
	(201,NULL,NULL,NULL,NULL,NULL,'2023-09-14 10:17:43','2023-09-14 10:17:43',NULL),
	(202,NULL,NULL,NULL,NULL,NULL,'2023-09-14 10:17:43','2023-09-14 10:17:43',NULL),
	(203,NULL,NULL,NULL,NULL,NULL,'2023-09-14 10:17:43','2023-09-14 10:17:43',NULL),
	(204,NULL,NULL,NULL,NULL,NULL,'2023-09-14 10:17:44','2023-09-14 10:17:44',NULL),
	(205,NULL,NULL,NULL,NULL,NULL,'2023-09-14 10:17:44','2023-09-14 10:17:44',NULL),
	(206,NULL,NULL,NULL,NULL,NULL,'2023-09-14 10:17:44','2023-09-14 10:17:44',NULL),
	(207,NULL,NULL,NULL,NULL,NULL,'2023-09-14 10:17:44','2023-09-14 10:17:44',NULL),
	(208,NULL,NULL,NULL,NULL,NULL,'2023-09-14 10:17:44','2023-09-14 10:17:44',NULL),
	(209,NULL,NULL,NULL,NULL,NULL,'2023-09-14 10:17:44','2023-09-14 10:17:44',NULL),
	(210,NULL,NULL,NULL,NULL,NULL,'2023-09-14 10:17:44','2023-09-14 10:17:44',NULL),
	(211,NULL,NULL,NULL,NULL,NULL,'2023-09-14 10:17:44','2023-09-14 10:17:44',NULL),
	(212,NULL,NULL,NULL,NULL,NULL,'2023-09-14 10:17:44','2023-09-14 10:17:44',NULL),
	(213,NULL,NULL,NULL,NULL,NULL,'2023-09-14 10:17:45','2023-09-14 10:17:45',NULL),
	(214,NULL,NULL,NULL,NULL,NULL,'2023-09-14 10:17:45','2023-09-14 10:17:45',NULL),
	(215,NULL,NULL,NULL,NULL,NULL,'2023-09-14 10:17:45','2023-09-14 10:17:45',NULL),
	(216,NULL,NULL,NULL,NULL,NULL,'2023-09-14 10:17:45','2023-09-14 10:17:45',NULL),
	(217,NULL,NULL,NULL,NULL,NULL,'2023-09-14 10:17:45','2023-09-14 10:17:45',NULL),
	(218,NULL,NULL,NULL,NULL,NULL,'2023-09-14 10:17:45','2023-09-14 10:17:45',NULL),
	(219,NULL,NULL,NULL,NULL,NULL,'2023-09-14 10:17:45','2023-09-14 10:17:45',NULL),
	(220,NULL,NULL,NULL,NULL,NULL,'2023-09-14 10:17:45','2023-09-14 10:17:45',NULL),
	(221,NULL,NULL,NULL,NULL,NULL,'2023-09-14 10:17:45','2023-09-14 10:17:45',NULL),
	(222,NULL,NULL,NULL,NULL,NULL,'2023-09-14 10:17:45','2023-09-14 10:17:45',NULL),
	(223,NULL,NULL,NULL,NULL,NULL,'2023-09-14 10:17:46','2023-09-14 10:17:46',NULL),
	(224,NULL,NULL,NULL,NULL,NULL,'2023-09-14 10:17:46','2023-09-14 10:17:46',NULL),
	(225,NULL,NULL,NULL,NULL,NULL,'2023-09-14 10:17:46','2023-09-14 10:17:46',NULL),
	(226,NULL,NULL,NULL,NULL,NULL,'2023-09-14 10:17:46','2023-09-14 10:17:46',NULL),
	(227,NULL,NULL,NULL,NULL,NULL,'2023-09-14 10:17:46','2023-09-14 10:17:46',NULL),
	(228,NULL,NULL,NULL,NULL,NULL,'2023-09-14 10:17:46','2023-09-14 10:17:46',NULL),
	(229,NULL,NULL,NULL,NULL,NULL,'2023-09-14 10:17:46','2023-09-14 10:17:46',NULL),
	(230,NULL,NULL,NULL,NULL,NULL,'2023-09-14 10:17:46','2023-09-14 10:17:46',NULL),
	(231,NULL,NULL,NULL,NULL,NULL,'2023-09-14 10:17:46','2023-09-14 10:17:46',NULL),
	(232,NULL,NULL,NULL,NULL,NULL,'2023-09-14 10:17:47','2023-09-14 10:17:47',NULL),
	(233,NULL,NULL,NULL,NULL,NULL,'2023-09-14 10:17:47','2023-09-14 10:17:47',NULL),
	(234,NULL,NULL,NULL,NULL,NULL,'2023-09-14 10:17:47','2023-09-14 10:17:47',NULL),
	(235,NULL,NULL,NULL,NULL,NULL,'2023-09-14 10:17:47','2023-09-14 10:17:47',NULL),
	(236,NULL,NULL,NULL,NULL,NULL,'2023-09-14 10:17:47','2023-09-14 10:17:47',NULL),
	(237,NULL,NULL,NULL,NULL,NULL,'2023-09-14 10:17:47','2023-09-14 10:17:47',NULL),
	(238,NULL,NULL,NULL,NULL,NULL,'2023-09-14 10:17:47','2023-09-14 10:17:47',NULL),
	(239,NULL,NULL,NULL,NULL,NULL,'2023-09-14 10:17:47','2023-09-14 10:17:47',NULL),
	(240,NULL,NULL,NULL,NULL,NULL,'2023-09-14 10:17:48','2023-09-14 10:17:48',NULL),
	(241,NULL,NULL,NULL,NULL,NULL,'2023-09-14 10:17:48','2023-09-14 10:17:48',NULL),
	(242,NULL,NULL,NULL,NULL,NULL,'2023-09-14 10:17:48','2023-09-14 10:17:48',NULL),
	(243,NULL,NULL,NULL,NULL,NULL,'2023-09-14 10:17:48','2023-09-14 10:17:48',NULL),
	(244,NULL,NULL,NULL,NULL,NULL,'2023-09-14 10:17:48','2023-09-14 10:17:48',NULL),
	(245,NULL,NULL,NULL,NULL,NULL,'2023-09-14 10:17:48','2023-09-14 10:17:48',NULL),
	(246,NULL,NULL,NULL,NULL,NULL,'2023-09-14 10:17:48','2023-09-14 10:17:48',NULL),
	(247,NULL,NULL,NULL,NULL,NULL,'2023-09-14 10:17:49','2023-09-14 10:17:49',NULL),
	(248,NULL,NULL,NULL,NULL,NULL,'2023-09-14 10:17:49','2023-09-14 10:17:49',NULL),
	(249,NULL,NULL,NULL,NULL,NULL,'2023-09-14 10:17:49','2023-09-14 10:17:49',NULL),
	(250,NULL,NULL,NULL,NULL,NULL,'2023-09-14 10:17:49','2023-09-14 10:17:49',NULL),
	(251,NULL,NULL,NULL,NULL,NULL,'2023-09-14 10:17:49','2023-09-14 10:17:49',NULL),
	(252,NULL,NULL,NULL,NULL,NULL,'2023-09-14 10:17:49','2023-09-14 10:17:49',NULL),
	(253,NULL,NULL,NULL,NULL,NULL,'2023-09-14 10:17:49','2023-09-14 10:17:49',NULL),
	(254,NULL,NULL,NULL,NULL,NULL,'2023-09-14 10:17:49','2023-09-14 10:17:49',NULL),
	(255,NULL,NULL,NULL,NULL,NULL,'2023-09-14 10:17:50','2023-09-14 10:17:50',NULL),
	(256,NULL,NULL,NULL,NULL,NULL,'2023-09-14 10:17:50','2023-09-14 10:17:50',NULL),
	(257,NULL,NULL,NULL,NULL,NULL,'2023-09-14 10:17:50','2023-09-14 10:17:50',NULL),
	(258,NULL,NULL,NULL,NULL,NULL,'2023-09-14 10:17:51','2023-09-14 10:17:51',NULL),
	(259,NULL,NULL,NULL,NULL,NULL,'2023-09-14 10:17:51','2023-09-14 10:17:51',NULL),
	(260,NULL,NULL,NULL,NULL,NULL,'2023-09-14 10:17:51','2023-09-14 10:17:51',NULL),
	(261,NULL,NULL,NULL,NULL,NULL,'2023-09-14 10:17:52','2023-09-14 10:17:52',NULL),
	(262,NULL,NULL,NULL,NULL,NULL,'2023-09-14 10:17:52','2023-09-14 10:17:52',NULL),
	(263,NULL,NULL,NULL,NULL,NULL,'2023-09-14 10:17:52','2023-09-14 10:17:52',NULL),
	(264,NULL,NULL,NULL,NULL,NULL,'2023-09-14 10:17:52','2023-09-14 10:17:52',NULL),
	(265,NULL,NULL,NULL,NULL,NULL,'2023-09-14 10:17:52','2023-09-14 10:17:52',NULL),
	(266,NULL,NULL,NULL,NULL,NULL,'2023-09-14 10:17:52','2023-09-14 10:17:52',NULL),
	(267,NULL,NULL,NULL,NULL,NULL,'2023-09-14 10:17:53','2023-09-14 10:17:53',NULL),
	(268,NULL,NULL,NULL,NULL,NULL,'2023-09-14 10:17:53','2023-09-14 10:17:53',NULL),
	(269,NULL,NULL,NULL,NULL,NULL,'2023-09-14 10:17:53','2023-09-14 10:17:53',NULL),
	(270,NULL,NULL,NULL,NULL,NULL,'2023-09-14 10:17:53','2023-09-14 10:17:53',NULL),
	(271,NULL,NULL,NULL,NULL,NULL,'2023-09-14 10:17:53','2023-09-14 10:17:53',NULL),
	(272,NULL,NULL,NULL,NULL,NULL,'2023-09-14 10:17:53','2023-09-14 10:17:53',NULL),
	(273,NULL,NULL,NULL,NULL,NULL,'2023-09-14 10:17:53','2023-09-14 10:17:53',NULL),
	(274,NULL,NULL,NULL,NULL,NULL,'2023-09-14 10:17:53','2023-09-14 10:17:53',NULL),
	(275,NULL,NULL,NULL,NULL,NULL,'2023-09-14 10:17:54','2023-09-14 10:17:54',NULL),
	(276,NULL,NULL,NULL,NULL,NULL,'2023-09-14 10:17:54','2023-09-14 10:17:54',NULL),
	(277,NULL,NULL,NULL,NULL,NULL,'2023-09-14 10:17:54','2023-09-14 10:17:54',NULL),
	(278,NULL,NULL,NULL,NULL,NULL,'2023-09-14 10:17:54','2023-09-14 10:17:54',NULL),
	(279,NULL,NULL,NULL,NULL,NULL,'2023-09-14 10:17:54','2023-09-14 10:17:54',NULL),
	(280,NULL,NULL,NULL,NULL,NULL,'2023-09-14 10:17:55','2023-09-14 10:17:55',NULL),
	(281,NULL,NULL,NULL,NULL,NULL,'2023-09-14 10:17:55','2023-09-14 10:17:55',NULL),
	(282,NULL,NULL,NULL,NULL,NULL,'2023-09-14 10:17:55','2023-09-14 10:17:55',NULL),
	(283,NULL,NULL,NULL,NULL,NULL,'2023-09-14 10:17:55','2023-09-14 10:17:55',NULL),
	(284,NULL,NULL,NULL,NULL,NULL,'2023-09-14 10:17:55','2023-09-14 10:17:55',NULL),
	(285,NULL,NULL,NULL,NULL,NULL,'2023-09-14 10:17:55','2023-09-14 10:17:55',NULL),
	(286,NULL,NULL,NULL,NULL,NULL,'2023-09-14 10:17:56','2023-09-14 10:17:56',NULL),
	(287,NULL,NULL,NULL,NULL,NULL,'2023-09-14 10:17:56','2023-09-14 10:17:56',NULL),
	(288,NULL,NULL,NULL,NULL,NULL,'2023-09-14 10:17:56','2023-09-14 10:17:56',NULL),
	(289,NULL,NULL,NULL,NULL,NULL,'2023-09-14 10:17:56','2023-09-14 10:17:56',NULL),
	(290,NULL,NULL,NULL,NULL,NULL,'2023-09-14 10:17:57','2023-09-14 10:17:57',NULL),
	(291,NULL,NULL,NULL,NULL,NULL,'2023-09-14 10:17:57','2023-09-14 10:17:57',NULL),
	(292,NULL,NULL,NULL,NULL,NULL,'2023-09-14 10:17:57','2023-09-14 10:17:57',NULL),
	(293,NULL,NULL,NULL,NULL,NULL,'2023-09-14 10:17:57','2023-09-14 10:17:57',NULL),
	(294,NULL,NULL,NULL,NULL,NULL,'2023-09-14 10:17:57','2023-09-14 10:17:57',NULL),
	(295,NULL,NULL,NULL,NULL,NULL,'2023-09-14 10:17:58','2023-09-14 10:17:58',NULL),
	(296,NULL,NULL,NULL,NULL,NULL,'2023-09-14 10:17:58','2023-09-14 10:17:58',NULL),
	(297,NULL,NULL,NULL,NULL,NULL,'2023-09-14 10:17:58','2023-09-14 10:17:58',NULL),
	(298,NULL,NULL,NULL,NULL,NULL,'2023-09-14 10:17:58','2023-09-14 10:17:58',NULL),
	(299,NULL,NULL,NULL,NULL,NULL,'2023-09-14 10:17:58','2023-09-14 10:17:58',NULL),
	(300,NULL,NULL,NULL,NULL,NULL,'2023-09-14 10:17:59','2023-09-14 10:17:59',NULL),
	(301,NULL,NULL,NULL,NULL,NULL,'2023-09-14 10:17:59','2023-09-14 10:17:59',NULL),
	(302,NULL,NULL,NULL,NULL,NULL,'2023-09-14 10:17:59','2023-09-14 10:17:59',NULL),
	(303,NULL,NULL,NULL,NULL,NULL,'2023-09-14 10:18:00','2023-09-14 10:18:00',NULL),
	(304,NULL,NULL,NULL,NULL,NULL,'2023-09-14 10:18:00','2023-09-14 10:18:00',NULL),
	(305,NULL,NULL,NULL,NULL,NULL,'2023-09-14 10:18:00','2023-09-14 10:18:00',NULL),
	(306,NULL,NULL,NULL,NULL,NULL,'2023-09-14 10:18:01','2023-09-14 10:18:01',NULL),
	(307,NULL,NULL,NULL,NULL,NULL,'2023-09-14 10:18:01','2023-09-14 10:18:01',NULL),
	(308,NULL,NULL,NULL,NULL,NULL,'2023-09-14 10:18:01','2023-09-14 10:18:01',NULL),
	(309,NULL,NULL,NULL,NULL,NULL,'2023-09-14 10:18:01','2023-09-14 10:18:01',NULL),
	(310,NULL,NULL,NULL,NULL,NULL,'2023-09-14 10:18:01','2023-09-14 10:18:01',NULL),
	(311,NULL,NULL,NULL,NULL,NULL,'2023-09-14 10:18:02','2023-09-14 10:18:02',NULL),
	(312,NULL,NULL,NULL,NULL,NULL,'2023-09-14 10:18:02','2023-09-14 10:18:02',NULL),
	(313,NULL,NULL,NULL,NULL,NULL,'2023-09-14 10:18:02','2023-09-14 10:18:02',NULL),
	(314,NULL,NULL,NULL,NULL,NULL,'2023-09-14 10:18:02','2023-09-14 10:18:02',NULL),
	(315,NULL,NULL,NULL,NULL,NULL,'2023-09-14 10:18:02','2023-09-14 10:18:02',NULL),
	(316,NULL,NULL,NULL,NULL,NULL,'2023-09-14 10:18:02','2023-09-14 10:18:02',NULL),
	(317,NULL,NULL,NULL,NULL,NULL,'2023-09-14 10:18:03','2023-09-14 10:18:03',NULL),
	(318,NULL,NULL,NULL,NULL,NULL,'2023-09-14 10:18:03','2023-09-14 10:18:03',NULL),
	(319,NULL,NULL,NULL,NULL,NULL,'2023-09-14 10:18:03','2023-09-14 10:18:03',NULL),
	(320,NULL,NULL,NULL,NULL,NULL,'2023-09-14 10:18:03','2023-09-14 10:18:03',NULL),
	(321,NULL,NULL,NULL,NULL,NULL,'2023-09-14 10:18:04','2023-09-14 10:18:04',NULL),
	(322,NULL,NULL,NULL,NULL,NULL,'2023-09-14 10:18:04','2023-09-14 10:18:04',NULL),
	(323,NULL,NULL,NULL,NULL,NULL,'2023-09-14 10:18:04','2023-09-14 10:18:04',NULL),
	(324,NULL,NULL,NULL,NULL,NULL,'2023-09-14 10:18:05','2023-09-14 10:18:05',NULL),
	(325,NULL,NULL,NULL,NULL,NULL,'2023-09-14 10:18:05','2023-09-14 10:18:05',NULL),
	(326,NULL,NULL,NULL,NULL,NULL,'2023-09-14 10:18:05','2023-09-14 10:18:05',NULL),
	(327,NULL,NULL,NULL,NULL,NULL,'2023-09-14 10:18:05','2023-09-14 10:18:05',NULL),
	(328,NULL,NULL,NULL,NULL,NULL,'2023-09-14 10:18:05','2023-09-14 10:18:05',NULL),
	(329,NULL,NULL,NULL,NULL,NULL,'2023-09-14 10:18:05','2023-09-14 10:18:05',NULL),
	(330,NULL,NULL,NULL,NULL,NULL,'2023-09-14 10:18:05','2023-09-14 10:18:05',NULL),
	(331,NULL,NULL,NULL,NULL,NULL,'2023-09-14 10:18:06','2023-09-14 10:18:06',NULL),
	(332,NULL,NULL,NULL,NULL,NULL,'2023-09-14 10:18:06','2023-09-14 10:18:06',NULL),
	(333,NULL,NULL,NULL,NULL,NULL,'2023-09-14 10:18:06','2023-09-14 10:18:06',NULL),
	(334,NULL,NULL,NULL,NULL,NULL,'2023-09-14 10:18:06','2023-09-14 10:18:06',NULL),
	(335,NULL,NULL,NULL,NULL,NULL,'2023-09-14 10:18:06','2023-09-14 10:18:06',NULL),
	(336,NULL,NULL,NULL,NULL,NULL,'2023-09-14 10:18:06','2023-09-14 10:18:06',NULL),
	(337,NULL,NULL,NULL,NULL,NULL,'2023-09-14 10:18:07','2023-09-14 10:18:07',NULL),
	(338,NULL,NULL,NULL,NULL,NULL,'2023-09-14 10:18:07','2023-09-14 10:18:07',NULL),
	(339,NULL,NULL,NULL,NULL,NULL,'2023-09-14 10:18:07','2023-09-14 10:18:07',NULL),
	(340,NULL,NULL,NULL,NULL,NULL,'2023-09-14 10:18:07','2023-09-14 10:18:07',NULL),
	(341,NULL,NULL,NULL,NULL,NULL,'2023-09-14 10:18:07','2023-09-14 10:18:07',NULL),
	(342,NULL,NULL,NULL,NULL,NULL,'2023-09-14 10:18:07','2023-09-14 10:18:07',NULL),
	(343,NULL,NULL,NULL,NULL,NULL,'2023-09-14 10:18:07','2023-09-14 10:18:07',NULL),
	(344,NULL,NULL,NULL,NULL,NULL,'2023-09-14 10:18:08','2023-09-14 10:18:08',NULL),
	(345,NULL,NULL,NULL,NULL,NULL,'2023-09-14 10:18:08','2023-09-14 10:18:08',NULL),
	(346,NULL,NULL,NULL,NULL,NULL,'2023-09-14 10:18:09','2023-09-14 10:18:09',NULL),
	(347,NULL,NULL,NULL,NULL,NULL,'2023-09-14 10:18:09','2023-09-14 10:18:09',NULL),
	(348,NULL,NULL,NULL,NULL,NULL,'2023-09-14 10:18:09','2023-09-14 10:18:09',NULL),
	(349,NULL,NULL,NULL,NULL,NULL,'2023-09-14 10:18:09','2023-09-14 10:18:09',NULL),
	(350,NULL,NULL,NULL,NULL,NULL,'2023-09-14 10:18:09','2023-09-14 10:18:09',NULL),
	(351,NULL,NULL,NULL,NULL,NULL,'2023-09-14 10:18:09','2023-09-14 10:18:09',NULL),
	(352,NULL,NULL,NULL,NULL,NULL,'2023-09-14 10:18:10','2023-09-14 10:18:10',NULL),
	(353,NULL,NULL,NULL,NULL,NULL,'2023-09-14 10:18:10','2023-09-14 10:18:10',NULL),
	(354,NULL,NULL,NULL,NULL,NULL,'2023-09-14 10:18:10','2023-09-14 10:18:10',NULL),
	(355,NULL,NULL,NULL,NULL,NULL,'2023-09-14 10:18:10','2023-09-14 10:18:10',NULL),
	(356,NULL,NULL,NULL,NULL,NULL,'2023-09-14 10:18:10','2023-09-14 10:18:10',NULL),
	(357,NULL,NULL,NULL,NULL,NULL,'2023-09-14 10:18:10','2023-09-14 10:18:10',NULL),
	(358,NULL,NULL,NULL,NULL,NULL,'2023-09-14 10:18:10','2023-09-14 10:18:10',NULL),
	(359,NULL,NULL,NULL,NULL,NULL,'2023-09-14 10:18:10','2023-09-14 10:18:10',NULL),
	(360,NULL,NULL,NULL,NULL,NULL,'2023-09-14 10:18:11','2023-09-14 10:18:11',NULL),
	(361,NULL,NULL,NULL,NULL,NULL,'2023-09-14 10:18:11','2023-09-14 10:18:11',NULL),
	(362,NULL,NULL,NULL,NULL,NULL,'2023-09-14 10:18:11','2023-09-14 10:18:11',NULL),
	(363,NULL,NULL,NULL,NULL,NULL,'2023-09-14 10:18:11','2023-09-14 10:18:11',NULL),
	(364,NULL,NULL,NULL,NULL,NULL,'2023-09-14 10:18:11','2023-09-14 10:18:11',NULL),
	(365,NULL,NULL,NULL,NULL,NULL,'2023-09-14 10:18:12','2023-09-14 10:18:12',NULL),
	(366,NULL,NULL,NULL,NULL,NULL,'2023-09-14 10:18:12','2023-09-14 10:18:12',NULL),
	(367,NULL,NULL,NULL,NULL,NULL,'2023-09-14 10:18:12','2023-09-14 10:18:12',NULL),
	(368,NULL,NULL,NULL,NULL,NULL,'2023-09-14 10:18:13','2023-09-14 10:18:13',NULL),
	(369,NULL,NULL,NULL,NULL,NULL,'2023-09-14 10:18:13','2023-09-14 10:18:13',NULL),
	(370,NULL,NULL,NULL,NULL,NULL,'2023-09-14 10:18:13','2023-09-14 10:18:13',NULL),
	(372,'Kaila','089992424245','kaila@example.com','Example of an address','Anak','2024-06-24 16:38:28','2024-06-24 16:38:28',6),
	(373,'Dareza','089932423425','dareza@gmail.com','Bekasi','Adik Kandung','2024-06-25 10:40:18','2024-06-25 10:40:18',17),
	(374,'Ahmad','089992426462','example@example','Bogor','Saudara','2024-07-01 15:08:59','2024-07-01 15:08:59',15);

/*!40000 ALTER TABLE `emergencies` ENABLE KEYS */;
UNLOCK TABLES;


# Dump of table employees
# ------------------------------------------------------------

DROP TABLE IF EXISTS `employees`;

CREATE TABLE `employees` (
  `id` bigint(20) unsigned NOT NULL AUTO_INCREMENT,
  `status` int(11) DEFAULT NULL,
  `completeness` int(11) DEFAULT NULL,
  `role` varchar(255) DEFAULT NULL,
  `user_id` int(11) DEFAULT NULL,
  `unit_id` int(11) DEFAULT NULL,
  `department_id` int(11) DEFAULT NULL,
  `sub_dept_id` int(11) DEFAULT NULL,
  `designation_id` int(11) DEFAULT NULL,
  `position_id` int(11) DEFAULT NULL,
  `biodata_id` int(11) DEFAULT NULL,
  `manager_id` int(11) DEFAULT NULL,
  `direct_leader_id` int(11) DEFAULT NULL,
  `kpi_id` int(11) DEFAULT NULL,
  `nik` varchar(50) DEFAULT NULL,
  `entry_date` date DEFAULT NULL,
  `determination_date` date DEFAULT NULL,
  `contract_id` int(11) DEFAULT NULL,
  `emergency_id` int(11) DEFAULT NULL,
  `picture` varchar(255) DEFAULT NULL,
  `bio` varchar(255) DEFAULT NULL,
  `experience` varchar(255) DEFAULT NULL,
  `join` date DEFAULT NULL,
  `created_at` timestamp NULL DEFAULT NULL,
  `updated_at` timestamp NULL DEFAULT NULL,
  PRIMARY KEY (`id`)
) ENGINE=InnoDB DEFAULT CHARSET=utf8mb4 COLLATE=utf8mb4_unicode_ci;

LOCK TABLES `employees` WRITE;
/*!40000 ALTER TABLE `employees` DISABLE KEYS */;

INSERT INTO `employees` (`id`, `status`, `completeness`, `role`, `user_id`, `unit_id`, `department_id`, `sub_dept_id`, `designation_id`, `position_id`, `biodata_id`, `manager_id`, `direct_leader_id`, `kpi_id`, `nik`, `entry_date`, `determination_date`, `contract_id`, `emergency_id`, `picture`, `bio`, `experience`, `join`, `created_at`, `updated_at`)
VALUES
	(2,1,NULL,'5',3,NULL,2,2,6,2,2,NULL,NULL,NULL,'EN-4-013',NULL,NULL,2,2,NULL,NULL,NULL,NULL,'2023-09-14 10:17:10','2023-09-14 10:22:24'),
	(3,3,NULL,'3',4,NULL,2,2,2,3,3,2,10,1,'EN-4-025',NULL,NULL,3,3,NULL,NULL,NULL,NULL,'2023-09-14 10:17:10','2024-07-01 15:00:50'),
	(4,1,NULL,'3',5,NULL,2,NULL,2,3,4,2,10,1,'EN-4-046',NULL,NULL,4,4,NULL,NULL,NULL,'2017-06-02','2023-09-14 10:17:10','2024-07-08 23:31:52'),
	(5,1,NULL,'3',6,NULL,2,NULL,2,3,5,2,10,1,'EN-4-047',NULL,NULL,5,5,NULL,NULL,NULL,NULL,'2023-09-14 10:17:11','2024-07-03 09:21:27'),
	(6,3,NULL,'3',7,NULL,2,2,1,4,6,2,10,41,'EN-4-021',NULL,NULL,6,6,NULL,'Example of bio',NULL,NULL,'2023-09-14 10:17:11','2024-06-25 09:29:15'),
	(7,1,NULL,'3',8,NULL,3,3,1,5,7,146,NULL,NULL,'EN-6-001',NULL,NULL,7,7,NULL,NULL,NULL,NULL,'2023-09-14 10:17:11','2023-09-14 10:26:59'),
	(8,1,NULL,'3',9,NULL,3,3,1,6,8,146,NULL,NULL,'EK-PR-170',NULL,NULL,8,8,NULL,NULL,NULL,NULL,'2023-09-14 10:17:11','2023-09-14 10:27:00'),
	(9,1,NULL,'3',10,NULL,3,3,1,7,9,146,NULL,NULL,'EK-CH-297',NULL,NULL,9,9,NULL,NULL,NULL,NULL,'2023-09-14 10:17:12','2023-09-14 10:27:00'),
	(10,1,NULL,'4',11,NULL,2,2,4,8,10,2,10,NULL,'EN-4-034',NULL,NULL,10,10,NULL,NULL,NULL,NULL,'2023-09-14 10:17:12','2024-06-25 15:10:41'),
	(11,1,NULL,'4',12,NULL,4,4,4,9,11,51,NULL,NULL,'EK-PR-328',NULL,NULL,11,11,NULL,NULL,NULL,NULL,'2023-09-14 10:17:12','2023-09-14 10:27:01'),
	(12,1,NULL,'3',13,NULL,4,4,1,10,12,51,NULL,NULL,'EN-5-001',NULL,NULL,12,12,NULL,NULL,NULL,NULL,'2023-09-14 10:17:12','2023-09-14 10:27:01'),
	(13,1,NULL,'3',14,NULL,3,3,1,11,13,146,NULL,NULL,'EN-6-002',NULL,NULL,13,13,NULL,NULL,NULL,NULL,'2023-09-14 10:17:13','2023-09-14 10:27:02'),
	(14,1,NULL,'3',15,NULL,4,4,1,12,14,51,NULL,NULL,'KJ-4-014',NULL,NULL,14,14,NULL,NULL,NULL,NULL,'2023-09-14 10:17:13','2023-09-14 10:27:02'),
	(15,1,NULL,'3',16,NULL,2,2,2,4,15,2,10,41,'EN-4-072',NULL,NULL,15,15,NULL,NULL,NULL,NULL,'2023-09-14 10:17:13','2024-01-30 10:41:29'),
	(16,1,NULL,'3',17,NULL,2,2,2,3,16,2,10,40,'EN-4-077',NULL,NULL,16,16,NULL,NULL,NULL,NULL,'2023-09-14 10:17:13','2024-01-30 10:01:04'),
	(17,1,NULL,'3',18,NULL,2,NULL,2,4,17,2,10,NULL,'EN-4-086',NULL,NULL,377,17,'images/employee/picture/ilxnGASD8WrXtyIFKbZlhBVf8BjzjTzvgMRZoqWP.jpg',NULL,NULL,NULL,'2023-09-14 10:17:13','2024-07-03 10:09:36'),
	(18,1,NULL,'3',19,NULL,2,NULL,2,3,18,2,10,1,'EN-4-088',NULL,NULL,18,18,NULL,NULL,NULL,NULL,'2023-09-14 10:17:13','2024-07-09 09:54:25'),
	(19,1,NULL,'3',20,NULL,2,2,2,3,19,2,10,40,'EN-4-095',NULL,NULL,19,19,NULL,NULL,NULL,NULL,'2023-09-14 10:17:13','2024-01-30 10:01:11'),
	(20,1,NULL,'4',21,NULL,5,5,3,13,20,51,NULL,NULL,'KJ-4-004',NULL,NULL,20,20,NULL,NULL,NULL,NULL,'2023-09-14 10:17:14','2023-09-14 10:27:04'),
	(21,1,NULL,'3',22,NULL,5,5,1,14,21,51,NULL,NULL,'KJ-6-162',NULL,NULL,21,21,NULL,NULL,NULL,NULL,'2023-09-14 10:17:14','2023-09-14 10:27:04'),
	(22,1,NULL,'3',23,NULL,5,5,2,15,22,51,NULL,26,'KJ-5-171',NULL,NULL,22,22,NULL,NULL,NULL,NULL,'2023-09-14 10:17:14','2023-10-02 15:35:37'),
	(23,1,NULL,'3',24,NULL,5,5,2,15,23,51,NULL,26,'KJ-6-065',NULL,NULL,23,23,NULL,NULL,NULL,NULL,'2023-09-14 10:17:14','2023-10-02 15:35:41'),
	(24,1,NULL,'3',25,NULL,5,5,2,16,24,51,NULL,NULL,'KJ-5-167',NULL,NULL,24,24,NULL,NULL,NULL,NULL,'2023-09-14 10:17:14','2023-09-14 10:27:06'),
	(25,1,NULL,'3',26,NULL,5,5,2,17,25,51,NULL,NULL,'KJ-5-151',NULL,NULL,25,25,NULL,NULL,NULL,NULL,'2023-09-14 10:17:15','2023-09-14 10:27:06'),
	(26,1,NULL,'3',27,NULL,5,5,2,15,26,51,NULL,26,'KJ-5-156',NULL,NULL,26,26,NULL,NULL,NULL,NULL,'2023-09-14 10:17:15','2023-10-02 15:35:44'),
	(27,1,NULL,'4',28,NULL,5,5,3,18,27,51,NULL,NULL,'KJ-4-005',NULL,NULL,27,27,NULL,NULL,NULL,NULL,'2023-09-14 10:17:15','2023-09-14 10:27:07'),
	(28,1,NULL,'3',29,NULL,5,5,2,16,28,51,NULL,NULL,'KJ-5-176',NULL,NULL,28,28,NULL,NULL,NULL,NULL,'2023-09-14 10:17:15','2023-09-14 10:27:07'),
	(29,1,NULL,'3',30,NULL,5,5,2,15,29,51,NULL,26,'KJ-6-059',NULL,NULL,29,29,NULL,NULL,NULL,NULL,'2023-09-14 10:17:15','2023-10-02 15:35:46'),
	(30,1,NULL,'3',31,NULL,5,5,2,19,30,51,NULL,NULL,'KJ-5-175',NULL,NULL,30,30,NULL,NULL,NULL,NULL,'2023-09-14 10:17:15','2023-09-14 10:27:08'),
	(31,1,NULL,'3',32,NULL,4,4,1,20,31,51,NULL,NULL,'KJ-6-085',NULL,NULL,31,31,NULL,NULL,NULL,NULL,'2023-09-14 10:17:16','2023-09-14 10:27:08'),
	(32,1,NULL,'3',33,NULL,4,4,1,21,32,51,NULL,NULL,'KJ-6-084',NULL,NULL,32,32,NULL,NULL,NULL,NULL,'2023-09-14 10:17:16','2023-09-14 10:27:09'),
	(33,1,NULL,'3',34,NULL,5,5,1,22,33,51,NULL,NULL,'KJ-6-174',NULL,NULL,33,33,NULL,NULL,NULL,NULL,'2023-09-14 10:17:16','2023-09-14 10:27:09'),
	(34,1,NULL,'3',35,NULL,5,5,2,17,34,51,NULL,NULL,'KJ-6-069',NULL,NULL,34,34,NULL,NULL,NULL,NULL,'2023-09-14 10:17:16','2023-09-14 10:27:09'),
	(35,1,NULL,'3',36,NULL,5,5,2,19,35,51,NULL,NULL,'KJ-6-062',NULL,NULL,35,35,NULL,NULL,NULL,NULL,'2023-09-14 10:17:17','2023-09-14 10:27:10'),
	(36,1,NULL,'3',37,NULL,5,5,1,22,36,51,NULL,NULL,'KJ-6-014',NULL,NULL,36,36,NULL,NULL,NULL,NULL,'2023-09-14 10:17:17','2023-09-14 10:27:10'),
	(37,1,NULL,'3',38,NULL,5,5,1,22,37,51,NULL,NULL,'KJ-5-111',NULL,NULL,37,37,NULL,NULL,NULL,NULL,'2023-09-14 10:17:17','2023-09-14 10:27:10'),
	(38,1,NULL,'3',39,NULL,5,5,2,17,38,51,NULL,NULL,'KJ-5-154',NULL,NULL,38,38,NULL,NULL,NULL,NULL,'2023-09-14 10:17:17','2023-09-14 10:27:11'),
	(39,1,NULL,'3',40,NULL,5,5,2,23,39,51,NULL,24,'KJ-6-168',NULL,NULL,39,39,NULL,NULL,NULL,NULL,'2023-09-14 10:17:17','2023-10-02 09:21:01'),
	(40,1,NULL,'3',41,NULL,5,5,1,24,40,51,NULL,27,'KJ-5-132',NULL,NULL,40,40,NULL,NULL,NULL,NULL,'2023-09-14 10:17:17','2023-10-02 15:37:12'),
	(41,1,NULL,'3',42,NULL,5,5,2,17,41,51,NULL,NULL,'KJ-5-169',NULL,NULL,41,41,NULL,NULL,NULL,NULL,'2023-09-14 10:17:17','2023-09-14 10:27:12'),
	(42,1,NULL,'3',43,NULL,4,4,1,25,42,51,NULL,NULL,'KJ-6-007',NULL,NULL,42,42,NULL,NULL,NULL,NULL,'2023-09-14 10:17:18','2023-09-14 10:27:12'),
	(43,1,NULL,'3',44,NULL,5,5,1,22,43,51,NULL,NULL,'KJ-6-136',NULL,NULL,43,43,NULL,NULL,NULL,NULL,'2023-09-14 10:17:18','2023-09-14 10:27:13'),
	(44,1,NULL,'3',45,NULL,5,5,2,16,44,51,NULL,NULL,'KJ-5-101',NULL,NULL,44,44,NULL,NULL,NULL,NULL,'2023-09-14 10:17:18','2023-09-14 10:27:13'),
	(45,1,NULL,'3',46,NULL,5,5,2,16,45,51,NULL,NULL,'KJ-5-110',NULL,NULL,45,45,NULL,NULL,NULL,NULL,'2023-09-14 10:17:18','2023-09-14 10:27:14'),
	(46,1,NULL,'3',47,NULL,5,5,1,22,46,51,NULL,NULL,'KJ-5-177',NULL,NULL,46,46,NULL,NULL,NULL,NULL,'2023-09-14 10:17:18','2023-09-14 10:27:14'),
	(47,1,NULL,'3',48,NULL,5,5,2,17,47,51,NULL,NULL,'KJ-5-122',NULL,NULL,47,47,NULL,NULL,NULL,NULL,'2023-09-14 10:17:18','2023-09-14 10:27:14'),
	(48,1,NULL,'3',49,NULL,5,5,1,24,48,51,NULL,27,'KJ-5-179',NULL,NULL,48,48,NULL,NULL,NULL,NULL,'2023-09-14 10:17:18','2023-10-02 15:37:16'),
	(49,1,NULL,'3',50,NULL,5,5,2,15,49,51,NULL,26,'KJ-5-194',NULL,NULL,49,49,NULL,NULL,NULL,NULL,'2023-09-14 10:17:18','2023-10-02 15:35:49'),
	(50,1,NULL,'3',51,NULL,5,5,1,14,50,51,NULL,NULL,'KJ-5-197',NULL,NULL,50,50,NULL,NULL,NULL,NULL,'2023-09-14 10:17:19','2023-09-14 10:27:16'),
	(51,1,NULL,'5',52,NULL,5,5,6,26,51,NULL,NULL,NULL,'KJ-2-003',NULL,NULL,51,51,NULL,NULL,NULL,NULL,'2023-09-14 10:17:19','2023-09-14 10:27:16'),
	(52,1,NULL,'5',53,NULL,5,5,5,27,52,51,NULL,NULL,'KJ-3-012',NULL,NULL,52,52,NULL,NULL,NULL,NULL,'2023-09-14 10:17:19','2023-09-14 10:27:16'),
	(53,1,NULL,'3',54,NULL,5,5,2,15,53,51,NULL,26,'KJ-6-142',NULL,NULL,53,53,NULL,NULL,NULL,NULL,'2023-09-14 10:17:19','2023-10-02 15:35:52'),
	(54,1,NULL,'3',55,NULL,6,6,1,28,54,51,NULL,NULL,'KJ-6-185',NULL,NULL,54,54,NULL,NULL,NULL,NULL,'2023-09-14 10:17:20','2023-09-14 10:27:17'),
	(55,1,NULL,'3',56,NULL,5,5,2,17,55,51,NULL,NULL,'KJ-5-148',NULL,NULL,55,55,NULL,NULL,NULL,NULL,'2023-09-14 10:17:20','2023-09-14 10:27:18'),
	(56,1,NULL,'3',57,NULL,6,6,1,28,56,51,NULL,NULL,'KJ-6-236',NULL,NULL,56,56,NULL,NULL,NULL,NULL,'2023-09-14 10:17:20','2023-09-14 10:27:18'),
	(57,1,NULL,'3',58,NULL,5,5,2,15,57,51,NULL,26,'KJ-6-088',NULL,NULL,57,57,NULL,NULL,NULL,NULL,'2023-09-14 10:17:20','2023-10-02 15:35:55'),
	(58,1,NULL,'3',59,NULL,4,4,2,29,58,51,NULL,8,'KJ-6-164',NULL,NULL,58,58,NULL,NULL,NULL,NULL,'2023-09-14 10:17:20','2023-09-22 09:22:29'),
	(59,1,NULL,'3',60,NULL,4,4,1,30,59,51,NULL,11,'KJ-6-055',NULL,NULL,59,59,NULL,NULL,NULL,NULL,'2023-09-14 10:17:20','2023-09-22 09:26:37'),
	(60,1,NULL,'3',61,NULL,3,3,1,7,60,146,NULL,NULL,'KJ-6-025',NULL,NULL,60,60,NULL,NULL,NULL,NULL,'2023-09-14 10:17:21','2023-09-14 10:27:20'),
	(61,1,NULL,'3',62,NULL,5,5,2,23,61,51,NULL,24,'KJ-6-139',NULL,NULL,61,61,NULL,NULL,NULL,NULL,'2023-09-14 10:17:21','2023-10-02 09:21:05'),
	(62,1,NULL,'3',63,NULL,4,4,2,31,62,51,NULL,10,'KJ-6-188',NULL,NULL,62,62,NULL,NULL,NULL,NULL,'2023-09-14 10:17:21','2023-09-22 09:25:19'),
	(63,1,NULL,'3',64,NULL,4,4,2,31,63,51,NULL,10,'KJ-5-153',NULL,NULL,63,63,NULL,NULL,NULL,NULL,'2023-09-14 10:17:21','2023-09-22 09:25:23'),
	(64,1,NULL,'3',65,NULL,4,4,2,32,64,51,NULL,12,'KJ-5-144',NULL,NULL,64,64,NULL,NULL,NULL,NULL,'2023-09-14 10:17:21','2023-09-22 09:27:15'),
	(65,1,NULL,'3',66,NULL,4,4,1,33,65,51,NULL,NULL,'KJ-6-047',NULL,NULL,65,65,NULL,NULL,NULL,NULL,'2023-09-14 10:17:21','2023-09-14 10:27:21'),
	(66,1,NULL,'3',67,NULL,5,5,2,17,66,51,NULL,NULL,'KJ-5-147',NULL,NULL,66,66,NULL,NULL,NULL,NULL,'2023-09-14 10:17:22','2023-09-14 10:27:22'),
	(67,1,NULL,'4',68,NULL,5,5,3,34,67,51,NULL,NULL,'KJ-5-152',NULL,NULL,67,67,NULL,NULL,NULL,NULL,'2023-09-14 10:17:22','2023-09-14 10:27:22'),
	(68,1,NULL,'3',69,NULL,4,4,1,35,68,51,NULL,NULL,'KJ-6-012',NULL,NULL,68,68,NULL,NULL,NULL,NULL,'2023-09-14 10:17:22','2023-09-14 10:27:22'),
	(69,1,NULL,'3',70,NULL,5,5,2,15,69,51,NULL,26,'KJ-5-025',NULL,NULL,69,69,NULL,NULL,NULL,NULL,'2023-09-14 10:17:22','2023-10-02 15:35:57'),
	(70,1,NULL,'3',71,NULL,5,5,2,15,70,51,NULL,26,'KJ-5-134',NULL,NULL,70,70,NULL,NULL,NULL,NULL,'2023-09-14 10:17:22','2023-10-02 15:36:01'),
	(71,1,NULL,'3',72,NULL,4,4,1,36,71,51,NULL,15,'KJ-6-029',NULL,NULL,71,71,NULL,NULL,NULL,NULL,'2023-09-14 10:17:22','2023-09-22 09:28:13'),
	(72,1,NULL,'3',73,NULL,5,5,2,15,72,51,NULL,26,'KJ-5-024',NULL,NULL,72,72,NULL,NULL,NULL,NULL,'2023-09-14 10:17:22','2023-10-02 15:36:06'),
	(73,1,NULL,'4',74,NULL,5,5,4,37,73,51,NULL,NULL,'KJ-5-016',NULL,NULL,73,73,NULL,NULL,NULL,NULL,'2023-09-14 10:17:23','2023-09-14 10:27:24'),
	(74,1,NULL,'3',75,NULL,4,4,2,29,74,51,NULL,8,'KJ-6-111',NULL,NULL,74,74,NULL,NULL,NULL,NULL,'2023-09-14 10:17:23','2023-09-22 09:22:53'),
	(75,1,NULL,'3',76,NULL,6,6,1,28,75,51,NULL,NULL,'KJ-6-199',NULL,NULL,75,75,NULL,NULL,NULL,NULL,'2023-09-14 10:17:23','2023-09-14 10:27:25'),
	(76,1,NULL,'3',77,NULL,4,4,1,38,76,51,NULL,13,'KJ-6-242',NULL,NULL,76,76,NULL,NULL,NULL,NULL,'2023-09-14 10:17:23','2023-09-22 09:27:37'),
	(77,1,NULL,'3',78,NULL,5,5,2,15,77,51,NULL,26,'KJ-5-143',NULL,NULL,77,77,NULL,NULL,NULL,NULL,'2023-09-14 10:17:23','2023-10-02 15:36:09'),
	(78,1,NULL,'3',79,NULL,5,5,1,39,78,51,NULL,NULL,'KJ-4-015',NULL,NULL,78,78,NULL,NULL,NULL,NULL,'2023-09-14 10:17:23','2023-09-14 10:27:26'),
	(79,1,NULL,'3',80,NULL,4,4,2,32,79,51,NULL,12,'KJ-5-131',NULL,NULL,79,79,NULL,NULL,NULL,NULL,'2023-09-14 10:17:24','2023-09-22 09:27:18'),
	(80,1,NULL,'3',81,NULL,4,4,1,36,80,51,NULL,15,'KJ-6-223',NULL,NULL,80,80,NULL,NULL,NULL,NULL,'2023-09-14 10:17:24','2023-09-22 09:28:17'),
	(81,1,NULL,'3',82,NULL,5,5,2,23,81,51,NULL,24,'KJ-6-119',NULL,NULL,81,81,NULL,NULL,NULL,NULL,'2023-09-14 10:17:24','2023-10-02 09:20:58'),
	(82,1,NULL,'4',83,NULL,4,4,3,40,82,51,NULL,16,'KJ-6-054',NULL,NULL,82,82,NULL,NULL,NULL,NULL,'2023-09-14 10:17:24','2023-09-22 09:29:08'),
	(83,1,NULL,'3',84,NULL,5,5,2,15,83,51,NULL,26,'KJ-6-181',NULL,NULL,83,83,NULL,NULL,NULL,NULL,'2023-09-14 10:17:24','2023-10-02 15:36:15'),
	(84,1,NULL,'3',85,NULL,5,5,1,24,84,51,NULL,27,'KJ-5-043',NULL,NULL,84,84,NULL,NULL,NULL,NULL,'2023-09-14 10:17:24','2023-10-02 15:37:20'),
	(85,1,NULL,'3',86,NULL,4,4,1,41,85,51,NULL,NULL,'KJ-6-257',NULL,NULL,85,85,NULL,NULL,NULL,NULL,'2023-09-14 10:17:24','2023-09-14 10:27:29'),
	(86,1,NULL,'3',87,NULL,6,6,2,42,86,51,NULL,NULL,'KJ-5-130',NULL,NULL,86,86,NULL,NULL,NULL,NULL,'2023-09-14 10:17:25','2023-09-14 10:27:29'),
	(87,1,NULL,'3',88,NULL,4,4,1,43,87,51,NULL,9,'KJ-6-220',NULL,NULL,87,87,NULL,NULL,NULL,NULL,'2023-09-14 10:17:25','2023-09-22 09:24:40'),
	(88,1,NULL,'3',89,NULL,5,5,1,24,88,51,NULL,NULL,'KJ-5-003',NULL,NULL,88,88,NULL,NULL,NULL,NULL,'2023-09-14 10:17:25','2023-09-14 10:27:30'),
	(89,1,NULL,'3',90,NULL,5,5,1,24,89,51,NULL,NULL,'KJ-5-038',NULL,NULL,89,89,NULL,NULL,NULL,NULL,'2023-09-14 10:17:25','2023-09-14 10:27:31'),
	(90,1,NULL,'3',91,NULL,5,5,2,17,90,51,NULL,NULL,'KJ-5-021',NULL,NULL,90,90,NULL,NULL,NULL,NULL,'2023-09-14 10:17:25','2023-09-14 10:27:31'),
	(91,1,NULL,'4',92,NULL,4,4,3,44,91,51,NULL,14,'KJ-6-004',NULL,NULL,91,91,NULL,NULL,NULL,NULL,'2023-09-14 10:17:25','2023-09-14 14:33:01'),
	(92,1,NULL,'3',93,NULL,4,4,1,45,92,51,NULL,NULL,'KJ-6-128',NULL,NULL,92,92,NULL,NULL,NULL,NULL,'2023-09-14 10:17:26','2023-09-14 10:27:32'),
	(93,1,NULL,'4',94,NULL,4,4,4,46,93,51,NULL,NULL,'KJ-5-029',NULL,NULL,93,93,NULL,NULL,NULL,NULL,'2023-09-14 10:17:26','2023-09-14 10:27:32'),
	(94,1,NULL,'3',95,NULL,4,4,1,36,94,51,NULL,15,'KJ-6-131',NULL,NULL,94,94,NULL,NULL,NULL,NULL,'2023-09-14 10:17:26','2023-09-22 09:28:21'),
	(95,1,NULL,'3',96,NULL,4,4,1,10,95,51,NULL,NULL,'KJ-5-001',NULL,NULL,95,95,NULL,NULL,NULL,NULL,'2023-09-14 10:17:26','2023-09-14 10:27:33'),
	(96,1,NULL,'3',97,NULL,5,5,2,23,96,51,NULL,24,'KJ-5-036',NULL,NULL,96,96,NULL,NULL,NULL,NULL,'2023-09-14 10:17:26','2023-10-02 09:21:10'),
	(97,1,NULL,'3',98,NULL,4,4,1,47,97,51,NULL,NULL,'KJ-6-198',NULL,NULL,97,97,NULL,NULL,NULL,NULL,'2023-09-14 10:17:26','2023-09-14 10:27:34'),
	(98,1,NULL,'3',99,NULL,6,6,1,28,98,51,NULL,NULL,'KJ-6-089',NULL,NULL,98,98,NULL,NULL,NULL,NULL,'2023-09-14 10:17:26','2023-09-14 10:27:34'),
	(99,1,NULL,'3',100,NULL,5,5,2,15,99,51,NULL,26,'KJ-5-048',NULL,NULL,99,99,NULL,NULL,NULL,NULL,'2023-09-14 10:17:27','2023-10-02 15:36:18'),
	(100,1,NULL,'3',101,NULL,4,4,2,29,100,51,NULL,8,'KJ-6-189',NULL,NULL,100,100,NULL,NULL,NULL,NULL,'2023-09-14 10:17:27','2023-09-22 09:23:07'),
	(101,1,NULL,'3',102,NULL,5,5,2,23,101,51,NULL,24,'KJ-6-133',NULL,NULL,101,101,NULL,NULL,NULL,NULL,'2023-09-14 10:17:27','2023-10-02 09:21:12'),
	(102,1,NULL,'3',103,NULL,4,4,1,36,102,51,NULL,15,'KJ-6-030',NULL,NULL,102,102,NULL,NULL,NULL,NULL,'2023-09-14 10:17:27','2023-09-22 09:28:25'),
	(103,1,NULL,'3',104,NULL,4,4,1,20,103,51,NULL,NULL,'KJ-6-037',NULL,NULL,103,103,NULL,NULL,NULL,NULL,'2023-09-14 10:17:27','2023-09-14 10:27:36'),
	(104,1,NULL,'3',105,NULL,4,4,1,36,104,51,NULL,15,'KJ-6-100',NULL,NULL,104,104,NULL,NULL,NULL,NULL,'2023-09-14 10:17:27','2023-09-22 09:28:40'),
	(105,1,NULL,'3',106,NULL,5,5,2,48,105,51,NULL,NULL,'KJ-5-168',NULL,NULL,105,105,NULL,NULL,NULL,NULL,'2023-09-14 10:17:28','2023-09-14 10:27:37'),
	(106,1,NULL,'3',107,NULL,4,4,1,36,106,51,NULL,15,'KJ-6-157',NULL,NULL,106,106,NULL,NULL,NULL,NULL,'2023-09-14 10:17:28','2023-09-22 09:28:43'),
	(107,1,NULL,'3',108,NULL,5,5,2,15,107,51,NULL,26,'KJ-5-041',NULL,NULL,107,107,NULL,NULL,NULL,NULL,'2023-09-14 10:17:28','2023-10-02 15:36:22'),
	(108,1,NULL,'3',109,NULL,5,5,2,15,108,51,NULL,26,'KJ-5-208',NULL,NULL,108,108,NULL,NULL,NULL,NULL,'2023-09-14 10:17:28','2023-10-02 15:36:25'),
	(109,1,NULL,'3',110,NULL,5,5,1,49,109,51,NULL,NULL,'KJ-5-209',NULL,NULL,109,109,NULL,NULL,NULL,NULL,'2023-09-14 10:17:28','2023-09-14 10:27:38'),
	(110,1,NULL,'3',111,NULL,4,4,1,36,110,51,NULL,15,'KJ-6-053',NULL,NULL,110,110,NULL,NULL,NULL,NULL,'2023-09-14 10:17:28','2023-09-22 09:28:48'),
	(111,1,NULL,'3',112,NULL,4,4,1,38,111,51,NULL,13,'KJ-6-254',NULL,NULL,111,111,NULL,NULL,NULL,NULL,'2023-09-14 10:17:28','2023-09-22 09:27:41'),
	(112,1,NULL,'3',113,NULL,4,4,2,31,112,51,NULL,10,'KJ-6-140',NULL,NULL,112,112,NULL,NULL,NULL,NULL,'2023-09-14 10:17:28','2023-09-22 09:25:27'),
	(113,1,NULL,'3',114,NULL,4,4,2,31,113,51,NULL,10,'KJ-6-167',NULL,NULL,113,113,NULL,NULL,NULL,NULL,'2023-09-14 10:17:28','2023-09-22 09:26:11'),
	(114,1,NULL,'3',115,NULL,5,5,2,17,114,51,NULL,NULL,'KJ-5-180',NULL,NULL,114,114,NULL,NULL,NULL,NULL,'2023-09-14 10:17:29','2023-09-14 10:27:40'),
	(115,1,NULL,'3',116,NULL,5,5,2,17,115,51,NULL,NULL,'KJ-5-181',NULL,NULL,115,115,NULL,NULL,NULL,NULL,'2023-09-14 10:17:29','2023-09-14 10:27:41'),
	(116,1,NULL,'3',117,NULL,5,5,1,50,116,51,NULL,NULL,'KJ-5-187',NULL,NULL,116,116,NULL,NULL,NULL,NULL,'2023-09-14 10:17:29','2023-09-14 10:27:41'),
	(117,1,NULL,'3',118,NULL,5,5,1,50,117,51,NULL,NULL,'KJ-5-189',NULL,NULL,117,117,NULL,NULL,NULL,NULL,'2023-09-14 10:17:29','2023-09-14 10:27:42'),
	(118,1,NULL,'4',119,NULL,6,6,4,51,118,51,NULL,NULL,'KJ-3-018',NULL,NULL,118,118,NULL,NULL,NULL,NULL,'2023-09-14 10:17:29','2023-09-14 10:27:42'),
	(119,1,NULL,'3',120,NULL,5,5,2,15,119,51,NULL,26,'KJ-6-227',NULL,NULL,119,119,NULL,NULL,NULL,NULL,'2023-09-14 10:17:29','2023-10-02 15:36:29'),
	(120,1,NULL,'4',121,NULL,5,5,3,18,120,51,NULL,NULL,'KJ-5-053',NULL,NULL,120,120,NULL,NULL,NULL,NULL,'2023-09-14 10:17:29','2023-09-14 10:27:43'),
	(121,1,NULL,'4',122,NULL,5,5,3,18,121,51,NULL,NULL,'KJ-4-002',NULL,NULL,121,121,NULL,NULL,NULL,NULL,'2023-09-14 10:17:30','2023-09-14 10:27:43'),
	(122,1,NULL,'3',123,NULL,5,5,2,23,122,51,NULL,24,'KJ-6-212',NULL,NULL,122,122,NULL,NULL,NULL,NULL,'2023-09-14 10:17:30','2023-10-02 09:21:15'),
	(123,1,NULL,'3',124,NULL,5,5,2,23,123,51,NULL,NULL,'KJ-6-173',NULL,NULL,123,123,NULL,NULL,NULL,NULL,'2023-09-14 10:17:30','2023-09-14 10:27:44'),
	(124,1,NULL,'3',125,NULL,5,5,2,15,124,51,NULL,26,'KJ-6-137',NULL,NULL,124,124,NULL,NULL,NULL,NULL,'2023-09-14 10:17:30','2023-10-02 15:36:32'),
	(125,1,NULL,'3',126,NULL,5,5,1,24,125,51,NULL,NULL,'KJ-5-188',NULL,NULL,125,125,NULL,NULL,NULL,NULL,'2023-09-14 10:17:30','2023-09-14 10:27:45'),
	(126,1,NULL,'3',127,NULL,5,5,1,24,126,51,NULL,NULL,'KJ-5-190',NULL,NULL,126,126,NULL,NULL,NULL,NULL,'2023-09-14 10:17:30','2023-09-14 10:27:45'),
	(127,1,NULL,'3',128,NULL,4,4,1,52,127,51,NULL,NULL,'00030',NULL,NULL,127,127,NULL,NULL,NULL,NULL,'2023-09-14 10:17:30','2023-09-14 10:27:45'),
	(128,1,NULL,'4',129,NULL,4,4,4,53,128,51,NULL,NULL,'KJ-5-201',NULL,NULL,128,128,NULL,NULL,NULL,NULL,'2023-09-14 10:17:31','2023-09-14 10:27:46'),
	(129,1,NULL,'3',130,NULL,3,3,1,7,129,146,NULL,NULL,'KJ-6-299',NULL,NULL,129,129,NULL,NULL,NULL,NULL,'2023-09-14 10:17:31','2023-09-14 10:27:46'),
	(130,1,NULL,'3',131,NULL,5,5,1,54,130,51,NULL,NULL,'KJ-6-304',NULL,NULL,130,130,NULL,NULL,NULL,NULL,'2023-09-14 10:17:31','2023-09-14 10:27:47'),
	(131,1,NULL,'3',132,NULL,4,4,2,32,131,51,NULL,12,'KJ-5-204',NULL,NULL,131,131,NULL,NULL,NULL,NULL,'2023-09-14 10:17:31','2023-09-22 09:27:21'),
	(132,1,NULL,'3',133,NULL,4,4,2,31,132,51,NULL,10,'KJ-5-205',NULL,NULL,132,132,NULL,NULL,NULL,NULL,'2023-09-14 10:17:31','2023-09-22 09:26:17'),
	(133,1,NULL,'3',134,NULL,5,5,2,48,133,51,NULL,NULL,'KJ-5-206',NULL,NULL,133,133,NULL,NULL,NULL,NULL,'2023-09-14 10:17:31','2023-09-14 10:27:48'),
	(134,1,NULL,'3',135,NULL,5,5,2,23,134,51,NULL,24,'KJ-6-243',NULL,NULL,134,134,NULL,NULL,NULL,NULL,'2023-09-14 10:17:31','2023-10-02 09:21:23'),
	(135,1,NULL,'3',136,NULL,5,5,2,23,135,51,NULL,24,'KJ-6-259',NULL,NULL,135,135,NULL,NULL,NULL,NULL,'2023-09-14 10:17:32','2023-10-02 09:21:29'),
	(136,1,NULL,'3',137,NULL,5,5,2,23,136,51,NULL,24,'KJ-6-248',NULL,NULL,136,136,NULL,NULL,NULL,NULL,'2023-09-14 10:17:32','2023-10-02 09:21:34'),
	(137,1,NULL,'3',138,NULL,5,5,2,23,137,51,NULL,NULL,'KJ-6-200',NULL,NULL,137,137,NULL,NULL,NULL,NULL,'2023-09-14 10:17:32','2023-09-14 10:27:49'),
	(138,1,NULL,'3',139,NULL,5,5,2,15,138,51,NULL,26,'KJ-6-171',NULL,NULL,138,138,NULL,NULL,NULL,NULL,'2023-09-14 10:17:32','2023-10-02 15:36:35'),
	(139,1,NULL,'3',140,NULL,3,3,1,7,139,146,NULL,NULL,'EK-PR-378',NULL,NULL,139,139,NULL,NULL,NULL,NULL,'2023-09-14 10:17:32','2023-09-14 10:27:50'),
	(140,1,NULL,'3',141,NULL,3,3,1,11,140,146,NULL,NULL,'EN-6-003',NULL,NULL,140,140,NULL,NULL,NULL,NULL,'2023-09-14 10:17:32','2023-09-14 10:27:51'),
	(141,1,NULL,'3',142,NULL,6,6,1,28,141,51,NULL,NULL,'KJ-6-310',NULL,NULL,141,141,NULL,NULL,NULL,NULL,'2023-09-14 10:17:33','2023-09-14 10:27:51'),
	(142,1,NULL,'3',143,NULL,6,6,2,42,142,51,NULL,NULL,'KJ-5-210',NULL,NULL,142,142,NULL,NULL,NULL,NULL,'2023-09-14 10:17:33','2023-09-14 10:27:51'),
	(143,1,NULL,'3',144,NULL,3,3,1,7,143,146,NULL,NULL,'EK-PR-329',NULL,NULL,143,143,NULL,NULL,NULL,NULL,'2023-09-14 10:17:33','2023-09-14 10:27:52'),
	(144,1,NULL,'3',145,NULL,4,4,1,43,144,51,NULL,9,'KJ-6-232',NULL,NULL,144,144,NULL,NULL,NULL,NULL,'2023-09-14 10:17:33','2023-09-22 09:24:51'),
	(145,1,NULL,'5',146,NULL,7,7,7,55,145,146,NULL,NULL,'EN-2-006',NULL,NULL,145,145,NULL,NULL,NULL,NULL,'2023-09-14 10:17:33','2023-09-14 10:27:52'),
	(146,1,NULL,'5',147,NULL,7,7,6,56,146,NULL,NULL,NULL,'11304',NULL,NULL,146,146,NULL,NULL,NULL,NULL,'2023-09-14 10:17:33','2023-09-14 10:27:53'),
	(147,1,NULL,'5',148,NULL,8,8,6,57,147,NULL,NULL,NULL,'EN-2-001',NULL,NULL,147,147,NULL,NULL,NULL,NULL,'2023-09-14 10:17:34','2024-06-14 14:51:06'),
	(148,1,NULL,'5',149,NULL,7,9,6,58,148,172,NULL,NULL,'EN-2-007',NULL,NULL,148,148,NULL,NULL,NULL,NULL,'2023-09-14 10:17:34','2023-09-14 10:27:54'),
	(149,1,NULL,'3',150,NULL,7,7,2,59,149,146,NULL,34,'EN-4-033',NULL,NULL,149,149,NULL,NULL,NULL,NULL,'2023-09-14 10:17:34','2023-10-26 11:31:48'),
	(150,1,NULL,'3',151,NULL,7,10,1,60,150,146,NULL,30,'EN-4-038',NULL,NULL,150,150,NULL,NULL,NULL,NULL,'2023-09-14 10:17:35','2023-10-06 15:55:41'),
	(151,1,NULL,'4',152,NULL,7,10,4,61,151,146,NULL,NULL,'EN-3-003',NULL,NULL,151,151,NULL,NULL,NULL,NULL,'2023-09-14 10:17:35','2023-09-14 10:27:55'),
	(152,1,NULL,'3',153,NULL,7,9,2,62,152,172,NULL,NULL,'EN-4-036',NULL,NULL,152,152,NULL,NULL,NULL,NULL,'2023-09-14 10:17:35','2023-09-14 10:27:55'),
	(153,1,NULL,'3',154,NULL,7,7,2,59,153,146,NULL,34,'10025',NULL,NULL,153,153,NULL,NULL,NULL,NULL,'2023-09-14 10:17:35','2024-01-03 10:43:29'),
	(154,1,NULL,'3',155,NULL,7,7,2,63,154,146,NULL,NULL,'KCI-001',NULL,NULL,154,154,NULL,NULL,NULL,NULL,'2023-09-14 10:17:35','2023-09-14 10:27:56'),
	(155,1,NULL,'3',156,NULL,7,7,2,63,155,146,NULL,NULL,'EN-4-020',NULL,NULL,155,155,NULL,NULL,NULL,NULL,'2023-09-14 10:17:35','2023-09-14 10:27:56'),
	(156,1,NULL,'4',157,NULL,7,7,3,64,156,146,NULL,NULL,'EN-4-042',NULL,NULL,156,156,NULL,NULL,NULL,NULL,'2023-09-14 10:17:36','2023-09-14 10:27:57'),
	(157,1,NULL,'4',158,NULL,7,7,4,65,157,146,NULL,NULL,'EN-4-015',NULL,NULL,157,157,NULL,NULL,NULL,NULL,'2023-09-14 10:17:36','2023-09-14 10:27:57'),
	(158,1,NULL,'3',159,NULL,8,8,2,66,158,147,NULL,5,'EN-4-012',NULL,NULL,158,158,NULL,NULL,NULL,NULL,'2023-09-14 10:17:36','2024-06-14 14:51:06'),
	(159,1,NULL,'3',160,NULL,7,10,1,60,159,146,NULL,29,'EN-4-044',NULL,NULL,159,159,NULL,NULL,NULL,NULL,'2023-09-14 10:17:36','2023-10-06 14:12:42'),
	(160,1,NULL,'5',161,NULL,7,7,5,67,160,146,NULL,NULL,'EN-4-004',NULL,NULL,160,160,NULL,NULL,NULL,NULL,'2023-09-14 10:17:36','2023-09-14 10:27:58'),
	(161,1,NULL,'11',162,NULL,8,8,2,66,161,147,NULL,6,'EN-4-043',NULL,NULL,161,161,NULL,NULL,NULL,NULL,'2023-09-14 10:17:37','2024-07-02 15:00:33'),
	(162,1,NULL,'3',163,NULL,9,11,2,68,162,NULL,NULL,NULL,'EN-4-003',NULL,NULL,162,162,NULL,NULL,NULL,NULL,'2023-09-14 10:17:37','2023-09-14 10:27:59'),
	(163,1,NULL,'3',164,NULL,7,7,2,59,163,146,NULL,34,'EN-4-058',NULL,NULL,163,163,NULL,NULL,NULL,NULL,'2023-09-14 10:17:37','2024-01-03 10:43:34'),
	(164,1,NULL,'4',165,NULL,7,10,4,61,164,146,NULL,NULL,'01.12.239',NULL,NULL,164,164,NULL,NULL,NULL,NULL,'2023-09-14 10:17:37','2023-09-14 10:28:00'),
	(165,1,NULL,'3',166,NULL,8,8,2,66,165,147,NULL,4,'EN-4-062',NULL,NULL,165,165,NULL,NULL,NULL,NULL,'2023-09-14 10:17:37','2024-06-14 14:51:06'),
	(166,1,NULL,'3',167,NULL,8,8,2,66,166,147,NULL,3,'EN-4-063',NULL,NULL,166,166,NULL,NULL,NULL,NULL,'2023-09-14 10:17:37','2024-06-14 14:51:06'),
	(167,1,NULL,'3',168,NULL,7,7,2,63,167,146,NULL,35,'EN-4-068',NULL,NULL,167,167,NULL,NULL,NULL,NULL,'2023-09-14 10:17:38','2023-10-26 12:37:38'),
	(168,1,NULL,'3',169,NULL,7,9,2,62,168,172,NULL,37,'EN-4-070',NULL,NULL,168,168,NULL,NULL,NULL,NULL,'2023-09-14 10:17:38','2024-01-04 14:41:50'),
	(169,1,NULL,'3',170,NULL,7,7,2,69,169,146,NULL,28,'EN-4-071',NULL,NULL,169,169,NULL,NULL,NULL,NULL,'2023-09-14 10:17:38','2023-10-06 10:10:18'),
	(170,1,NULL,'3',171,NULL,7,9,2,62,170,172,NULL,NULL,'EN-4-076',NULL,NULL,170,170,NULL,NULL,NULL,NULL,'2023-09-14 10:17:38','2023-09-14 10:28:03'),
	(171,1,NULL,'3',172,NULL,7,7,2,59,171,146,NULL,34,'EN-4-078',NULL,NULL,171,171,NULL,NULL,NULL,NULL,'2023-09-14 10:17:38','2024-01-03 10:43:39'),
	(172,1,NULL,'5',173,NULL,7,9,5,70,172,NULL,NULL,NULL,'EN-2-008',NULL,NULL,172,172,NULL,NULL,NULL,NULL,'2023-09-14 10:17:38','2023-09-14 10:28:03'),
	(173,1,NULL,'12',174,NULL,8,8,4,71,173,147,NULL,7,'EN-4-093',NULL,NULL,173,173,NULL,NULL,NULL,NULL,'2023-09-14 10:17:38','2024-07-03 08:41:16'),
	(174,1,NULL,'3',175,NULL,7,7,2,59,174,146,NULL,34,'EN-4-094',NULL,NULL,174,174,NULL,NULL,NULL,NULL,'2023-09-14 10:17:38','2024-01-03 10:43:44'),
	(175,1,NULL,'3',176,NULL,7,9,2,62,175,172,NULL,39,'EN-4-097',NULL,NULL,175,175,NULL,NULL,NULL,NULL,'2023-09-14 10:17:39','2024-01-04 16:00:06'),
	(176,1,NULL,'3',177,NULL,7,9,2,62,176,172,NULL,NULL,'EN-4-098',NULL,NULL,176,176,NULL,NULL,NULL,NULL,'2023-09-14 10:17:39','2023-09-14 10:28:05'),
	(177,1,NULL,'3',178,NULL,7,NULL,2,72,177,146,157,NULL,'EN-4-099',NULL,NULL,177,177,NULL,NULL,NULL,NULL,'2023-09-14 10:17:39','2024-07-04 15:24:53'),
	(178,1,NULL,'3',179,NULL,7,9,2,62,178,172,NULL,NULL,'EN-4-100',NULL,NULL,178,178,NULL,NULL,NULL,NULL,'2023-09-14 10:17:39','2023-09-14 10:28:06'),
	(179,1,NULL,'3',180,NULL,7,NULL,2,72,179,146,157,NULL,'EN-4-101',NULL,NULL,179,179,NULL,NULL,NULL,NULL,'2023-09-14 10:17:39','2024-07-04 15:28:30'),
	(180,1,NULL,'3',181,NULL,7,9,2,62,180,172,NULL,37,'EN-4-102',NULL,NULL,180,180,NULL,NULL,NULL,NULL,'2023-09-14 10:17:39','2024-01-04 14:41:57'),
	(181,1,NULL,'3',182,NULL,7,7,2,59,181,146,NULL,36,'KJ-5-185',NULL,NULL,181,181,NULL,NULL,NULL,NULL,'2023-09-14 10:17:39','2023-12-28 13:03:11'),
	(182,1,NULL,'5',183,NULL,10,12,6,73,182,NULL,NULL,NULL,'KJ-2-002',NULL,NULL,182,182,NULL,NULL,NULL,NULL,'2023-09-14 10:17:40','2023-09-14 10:28:07'),
	(183,1,NULL,'3',184,NULL,10,12,2,74,183,182,NULL,22,'00001',NULL,NULL,183,183,NULL,NULL,NULL,NULL,'2023-09-14 10:17:40','2023-09-22 09:37:12'),
	(184,1,NULL,'4',185,NULL,10,12,3,75,184,182,NULL,19,'KJ-4-022',NULL,NULL,184,184,NULL,NULL,NULL,NULL,'2023-09-14 10:17:40','2023-09-22 09:29:39'),
	(185,1,NULL,'4',186,NULL,10,12,3,75,185,182,NULL,19,'KJ-4-010',NULL,NULL,185,185,NULL,NULL,NULL,NULL,'2023-09-14 10:17:40','2023-09-22 09:37:47'),
	(186,1,NULL,'5',187,NULL,10,12,5,76,186,182,NULL,NULL,'KJ-3-017',NULL,NULL,186,186,NULL,NULL,NULL,NULL,'2023-09-14 10:17:40','2023-09-14 10:28:09'),
	(187,1,NULL,'3',188,NULL,10,12,2,77,187,182,NULL,NULL,'KJ-3-002',NULL,NULL,187,187,NULL,NULL,NULL,NULL,'2023-09-14 10:17:41','2023-09-14 10:28:09'),
	(188,1,NULL,'3',189,NULL,10,12,2,78,188,182,NULL,NULL,'KJ-5-139',NULL,NULL,188,188,NULL,NULL,NULL,NULL,'2023-09-14 10:17:41','2023-09-14 10:28:09'),
	(189,1,NULL,'3',190,NULL,8,8,2,66,189,147,NULL,2,'KJ-5-013',NULL,NULL,189,189,NULL,NULL,NULL,NULL,'2023-09-14 10:17:41','2024-06-14 14:51:07'),
	(190,1,NULL,'3',191,NULL,10,12,2,74,190,182,NULL,22,'KJ-5-182',NULL,NULL,190,190,NULL,NULL,NULL,NULL,'2023-09-14 10:17:41','2023-09-22 09:37:16'),
	(191,1,NULL,'3',192,NULL,10,12,2,74,191,182,NULL,22,'KJ-5-198',NULL,NULL,191,191,NULL,NULL,NULL,NULL,'2023-09-14 10:17:41','2023-09-22 09:37:19'),
	(192,1,NULL,'3',193,NULL,7,7,2,59,192,146,NULL,36,'KJ-5-200',NULL,NULL,192,192,NULL,NULL,NULL,NULL,'2023-09-14 10:17:42','2023-12-28 13:03:00'),
	(193,1,NULL,'3',194,NULL,8,8,2,66,193,147,NULL,2,'KJ-5-207',NULL,NULL,193,193,NULL,NULL,NULL,NULL,'2023-09-14 10:17:42','2024-06-14 14:51:07'),
	(194,1,NULL,'3',195,NULL,7,9,2,79,194,172,NULL,NULL,'EN-4-103',NULL,NULL,194,194,NULL,NULL,NULL,NULL,'2023-09-14 10:17:42','2023-09-14 10:28:12'),
	(195,1,NULL,'3',196,NULL,7,NULL,2,72,195,146,157,NULL,'EN-4-104',NULL,NULL,195,195,NULL,NULL,NULL,NULL,'2023-09-14 10:17:42','2024-07-04 15:28:05'),
	(196,1,NULL,'3',197,NULL,7,7,2,63,196,146,NULL,NULL,'EN-4-105',NULL,NULL,196,196,NULL,NULL,NULL,NULL,'2023-09-14 10:17:42','2023-09-14 10:28:13'),
	(197,1,NULL,'3',198,NULL,7,7,2,59,197,146,NULL,34,'EN-4-106',NULL,NULL,197,197,NULL,NULL,NULL,NULL,'2023-09-14 10:17:42','2024-01-03 10:43:49'),
	(198,1,NULL,'3',199,NULL,7,9,2,62,198,172,NULL,39,'EN-4-107',NULL,NULL,198,198,NULL,NULL,NULL,NULL,'2023-09-14 10:17:42','2024-01-04 16:00:34'),
	(199,1,NULL,'3',200,NULL,10,12,2,80,199,182,NULL,NULL,'EN-4-108',NULL,NULL,199,199,NULL,NULL,NULL,NULL,'2023-09-14 10:17:43','2023-09-14 10:28:14'),
	(200,1,NULL,'3',201,NULL,11,13,1,81,200,51,NULL,NULL,'KJ-6-155',NULL,NULL,200,200,NULL,NULL,NULL,NULL,'2023-09-14 10:17:43','2023-09-14 10:28:14'),
	(201,1,NULL,'3',202,NULL,11,13,1,81,201,51,NULL,NULL,'KJ-6-218',NULL,NULL,201,201,NULL,NULL,NULL,NULL,'2023-09-14 10:17:43','2023-09-14 10:28:15'),
	(202,1,NULL,'3',203,NULL,11,13,1,81,202,51,NULL,NULL,'KJ-6-090',NULL,NULL,202,202,NULL,NULL,NULL,NULL,'2023-09-14 10:17:43','2023-09-14 10:28:15'),
	(203,1,NULL,'3',204,NULL,11,13,1,81,203,51,NULL,NULL,'KJ-6-221',NULL,NULL,203,203,NULL,NULL,NULL,NULL,'2023-09-14 10:17:43','2023-09-14 10:28:16'),
	(204,1,NULL,'3',205,NULL,11,13,1,81,204,51,NULL,NULL,'KJ-6-229',NULL,NULL,204,204,NULL,NULL,NULL,NULL,'2023-09-14 10:17:44','2023-09-14 10:28:16'),
	(205,1,NULL,'3',206,NULL,11,13,1,81,205,51,NULL,NULL,'KJ-6-260',NULL,NULL,205,205,NULL,NULL,NULL,NULL,'2023-09-14 10:17:44','2023-09-14 10:28:17'),
	(206,1,NULL,'3',207,NULL,11,13,1,81,206,51,NULL,NULL,'KJ-6-272',NULL,NULL,206,206,NULL,NULL,NULL,NULL,'2023-09-14 10:17:44','2023-09-14 10:28:17'),
	(207,1,NULL,'3',208,NULL,11,13,1,81,207,51,NULL,NULL,'KJ-6-134',NULL,NULL,207,207,NULL,NULL,NULL,NULL,'2023-09-14 10:17:44','2023-09-14 10:28:18'),
	(208,1,NULL,'3',209,NULL,11,13,1,81,208,51,NULL,NULL,'KJ-6-145',NULL,NULL,208,208,NULL,NULL,NULL,NULL,'2023-09-14 10:17:44','2023-09-14 10:28:18'),
	(209,1,NULL,'3',210,NULL,11,13,1,81,209,51,NULL,NULL,'KJ-6-078',NULL,NULL,209,209,NULL,NULL,NULL,NULL,'2023-09-14 10:17:44','2023-09-14 10:28:19'),
	(210,1,NULL,'3',211,NULL,11,13,1,81,210,51,NULL,NULL,'KJ-6-092',NULL,NULL,210,210,NULL,NULL,NULL,NULL,'2023-09-14 10:17:44','2023-09-14 10:28:19'),
	(211,1,NULL,'3',212,NULL,11,13,1,81,211,51,NULL,NULL,'KJ-6-103',NULL,NULL,211,211,NULL,NULL,NULL,NULL,'2023-09-14 10:17:44','2023-09-14 10:28:19'),
	(212,1,NULL,'3',213,NULL,11,13,1,81,212,51,NULL,NULL,'KJ-6-104',NULL,NULL,212,212,NULL,NULL,NULL,NULL,'2023-09-14 10:17:44','2023-09-14 10:28:20'),
	(213,1,NULL,'3',214,NULL,11,13,1,81,213,51,NULL,NULL,'KJ-6-209',NULL,NULL,213,213,NULL,NULL,NULL,NULL,'2023-09-14 10:17:45','2023-09-14 10:28:20'),
	(214,1,NULL,'3',215,NULL,11,13,1,81,214,51,NULL,NULL,'KJ-6-107',NULL,NULL,214,214,NULL,NULL,NULL,NULL,'2023-09-14 10:17:45','2023-09-14 10:28:21'),
	(215,1,NULL,'3',216,NULL,11,13,1,81,215,51,NULL,NULL,'KJ-6-108',NULL,NULL,215,215,NULL,NULL,NULL,NULL,'2023-09-14 10:17:45','2023-09-14 10:28:22'),
	(216,1,NULL,'3',217,NULL,11,13,1,81,216,51,NULL,NULL,'KJ-6-216',NULL,NULL,216,216,NULL,NULL,NULL,NULL,'2023-09-14 10:17:45','2023-09-14 10:28:22'),
	(217,1,NULL,'3',218,NULL,11,13,1,81,217,51,NULL,NULL,'KJ-6-113',NULL,NULL,217,217,NULL,NULL,NULL,NULL,'2023-09-14 10:17:45','2023-09-14 10:28:23'),
	(218,1,NULL,'3',219,NULL,11,13,1,81,218,51,NULL,NULL,'KJ-6-115',NULL,NULL,218,218,NULL,NULL,NULL,NULL,'2023-09-14 10:17:45','2023-09-14 10:28:23'),
	(219,1,NULL,'3',220,NULL,11,13,1,81,219,51,NULL,NULL,'KJ-6-118',NULL,NULL,219,219,NULL,NULL,NULL,NULL,'2023-09-14 10:17:45','2023-09-14 10:28:23'),
	(220,1,NULL,'3',221,NULL,11,13,1,81,220,51,NULL,NULL,'KJ-6-122',NULL,NULL,220,220,NULL,NULL,NULL,NULL,'2023-09-14 10:17:45','2023-09-14 10:28:24'),
	(221,1,NULL,'3',222,NULL,11,13,1,81,221,51,NULL,NULL,'KJ-6-125',NULL,NULL,221,221,NULL,NULL,NULL,NULL,'2023-09-14 10:17:45','2023-09-14 10:28:24'),
	(222,1,NULL,'3',223,NULL,11,13,1,81,222,51,NULL,NULL,'KJ-6-126',NULL,NULL,222,222,NULL,NULL,NULL,NULL,'2023-09-14 10:17:45','2023-09-14 10:28:25'),
	(223,1,NULL,'3',224,NULL,11,13,1,81,223,51,NULL,NULL,'KJ-6-184',NULL,NULL,223,223,NULL,NULL,NULL,NULL,'2023-09-14 10:17:46','2023-09-14 10:28:25'),
	(224,1,NULL,'3',225,NULL,11,13,1,81,224,51,NULL,NULL,'KJ-6-138',NULL,NULL,224,224,NULL,NULL,NULL,NULL,'2023-09-14 10:17:46','2023-09-14 10:28:26'),
	(225,1,NULL,'3',226,NULL,11,13,1,81,225,51,NULL,NULL,'KJ-6-141',NULL,NULL,225,225,NULL,NULL,NULL,NULL,'2023-09-14 10:17:46','2023-09-14 10:28:26'),
	(226,1,NULL,'3',227,NULL,11,13,1,81,226,51,NULL,NULL,'KJ-6-253',NULL,NULL,226,226,NULL,NULL,NULL,NULL,'2023-09-14 10:17:46','2023-09-14 10:28:27'),
	(227,1,NULL,'3',228,NULL,11,13,1,81,227,51,NULL,NULL,'KJ-6-258',NULL,NULL,227,227,NULL,NULL,NULL,NULL,'2023-09-14 10:17:46','2023-09-14 10:28:27'),
	(228,1,NULL,'3',229,NULL,11,13,1,81,228,51,NULL,NULL,'KJ-6-278',NULL,NULL,228,228,NULL,NULL,NULL,NULL,'2023-09-14 10:17:46','2023-09-14 10:28:28'),
	(229,1,NULL,'3',230,NULL,11,13,1,81,229,51,NULL,NULL,'KJ-6-292',NULL,NULL,229,229,NULL,NULL,NULL,NULL,'2023-09-14 10:17:46','2023-09-14 10:28:28'),
	(230,1,NULL,'3',231,NULL,11,13,1,81,230,51,NULL,NULL,'KJ-6-294',NULL,NULL,230,230,NULL,NULL,NULL,NULL,'2023-09-14 10:17:46','2023-09-14 10:28:29'),
	(231,1,NULL,'3',232,NULL,11,13,1,81,231,51,NULL,NULL,'KJ-6-293',NULL,NULL,231,231,NULL,NULL,NULL,NULL,'2023-09-14 10:17:46','2023-09-14 10:28:29'),
	(232,1,NULL,'3',233,NULL,11,13,1,81,232,51,NULL,NULL,'KJ-6-291',NULL,NULL,232,232,NULL,NULL,NULL,NULL,'2023-09-14 10:17:47','2023-09-14 10:28:30'),
	(233,1,NULL,'3',234,NULL,11,13,1,81,233,51,NULL,NULL,'KJ-6-289',NULL,NULL,233,233,NULL,NULL,NULL,NULL,'2023-09-14 10:17:47','2023-09-14 10:28:30'),
	(234,1,NULL,'3',235,NULL,11,13,1,81,234,51,NULL,NULL,'KJ-6-281',NULL,NULL,234,234,NULL,NULL,NULL,NULL,'2023-09-14 10:17:47','2023-09-14 10:28:31'),
	(235,1,NULL,'3',236,NULL,11,13,1,81,235,51,NULL,NULL,'KJ-6-282',NULL,NULL,235,235,NULL,NULL,NULL,NULL,'2023-09-14 10:17:47','2023-09-14 10:28:31'),
	(236,1,NULL,'3',237,NULL,11,13,1,81,236,51,NULL,NULL,'KJ-6-279',NULL,NULL,236,236,NULL,NULL,NULL,NULL,'2023-09-14 10:17:47','2023-09-14 10:28:32'),
	(237,1,NULL,'3',238,NULL,11,13,1,81,237,51,NULL,NULL,'KJ-6-295',NULL,NULL,237,237,NULL,NULL,NULL,NULL,'2023-09-14 10:17:47','2023-09-14 10:28:32'),
	(238,1,NULL,'3',239,NULL,11,13,1,81,238,51,NULL,NULL,'KJ-6-296',NULL,NULL,238,238,NULL,NULL,NULL,NULL,'2023-09-14 10:17:47','2023-09-14 10:28:33'),
	(239,1,NULL,'3',240,NULL,11,13,1,81,239,51,NULL,NULL,'KJ-6-261',NULL,NULL,239,239,NULL,NULL,NULL,NULL,'2023-09-14 10:17:47','2023-09-14 10:28:33'),
	(240,1,NULL,'3',241,NULL,11,13,1,81,240,51,NULL,NULL,'KJ-6-041',NULL,NULL,240,240,NULL,NULL,NULL,NULL,'2023-09-14 10:17:48','2023-09-14 10:28:34'),
	(241,1,NULL,'3',242,NULL,11,13,1,81,241,51,NULL,NULL,'KJ-6-265',NULL,NULL,241,241,NULL,NULL,NULL,NULL,'2023-09-14 10:17:48','2023-09-14 10:28:34'),
	(242,1,NULL,'3',243,NULL,11,13,1,81,242,51,NULL,NULL,'KJ-6-273',NULL,NULL,242,242,NULL,NULL,NULL,NULL,'2023-09-14 10:17:48','2023-09-14 10:28:35'),
	(243,1,NULL,'3',244,NULL,11,13,1,81,243,51,NULL,NULL,'KJ-6-172',NULL,NULL,243,243,NULL,NULL,NULL,NULL,'2023-09-14 10:17:48','2023-09-14 10:28:35'),
	(244,1,NULL,'3',245,NULL,11,13,1,81,244,51,NULL,NULL,'KJ-6-179',NULL,NULL,244,244,NULL,NULL,NULL,NULL,'2023-09-14 10:17:48','2023-09-14 10:28:36'),
	(245,1,NULL,'3',246,NULL,11,13,1,81,245,51,NULL,NULL,'KJ-6-178',NULL,NULL,245,245,NULL,NULL,NULL,NULL,'2023-09-14 10:17:48','2023-09-14 10:28:36'),
	(246,1,NULL,'3',247,NULL,11,13,1,81,246,51,NULL,NULL,'KJ-6-276',NULL,NULL,246,246,NULL,NULL,NULL,NULL,'2023-09-14 10:17:48','2023-09-14 10:28:37'),
	(247,1,NULL,'3',248,NULL,11,13,1,81,247,51,NULL,NULL,'KJ-6-298',NULL,NULL,247,247,NULL,NULL,NULL,NULL,'2023-09-14 10:17:49','2023-09-14 10:28:37'),
	(248,1,NULL,'3',249,NULL,11,13,1,81,248,51,NULL,NULL,'KJ-6-303',NULL,NULL,248,248,NULL,NULL,NULL,NULL,'2023-09-14 10:17:49','2023-09-14 10:28:38'),
	(249,1,NULL,'3',250,NULL,11,13,1,81,249,51,NULL,NULL,'KJ-6-302',NULL,NULL,249,249,NULL,NULL,NULL,NULL,'2023-09-14 10:17:49','2023-09-14 10:28:38'),
	(250,1,NULL,'3',251,NULL,11,13,1,81,250,51,NULL,NULL,'KJ-6-300',NULL,NULL,250,250,NULL,NULL,NULL,NULL,'2023-09-14 10:17:49','2023-09-14 10:28:39'),
	(251,1,NULL,'3',252,NULL,11,13,1,81,251,51,NULL,NULL,'KJ-6-301',NULL,NULL,251,251,NULL,NULL,NULL,NULL,'2023-09-14 10:17:49','2023-09-14 10:28:39'),
	(252,1,NULL,'3',253,NULL,11,13,1,81,252,51,NULL,NULL,'KJ-6-305',NULL,NULL,252,252,NULL,NULL,NULL,NULL,'2023-09-14 10:17:49','2023-09-14 10:28:40'),
	(253,1,NULL,'3',254,NULL,11,13,1,81,253,51,NULL,NULL,'KJ-6-312',NULL,NULL,253,253,NULL,NULL,NULL,NULL,'2023-09-14 10:17:49','2023-09-14 10:28:40'),
	(254,1,NULL,'3',255,NULL,11,13,1,81,254,51,NULL,NULL,'KJ-6-311',NULL,NULL,254,254,NULL,NULL,NULL,NULL,'2023-09-14 10:17:49','2023-09-14 10:28:41'),
	(255,1,NULL,'4',256,NULL,12,14,4,82,255,NULL,NULL,NULL,'EK-CH-163',NULL,NULL,255,255,NULL,NULL,NULL,NULL,'2023-09-14 10:17:50','2023-09-14 10:28:41'),
	(256,1,NULL,'3',257,NULL,12,14,1,83,256,NULL,NULL,NULL,'KJ-6-169',NULL,NULL,256,256,NULL,NULL,NULL,NULL,'2023-09-14 10:17:50','2023-09-14 10:28:42'),
	(257,1,NULL,'3',258,NULL,13,15,1,84,257,51,NULL,NULL,'KJ-6-196',NULL,NULL,257,257,NULL,NULL,NULL,NULL,'2023-09-14 10:17:50','2023-09-14 10:28:42'),
	(258,1,NULL,'5',259,NULL,14,16,6,85,258,NULL,NULL,NULL,'EK-PR-326',NULL,NULL,258,258,NULL,NULL,NULL,NULL,'2023-09-14 10:17:51','2023-09-14 10:28:43'),
	(259,1,NULL,'4',260,NULL,14,16,3,86,259,258,NULL,NULL,'EK-CH-181',NULL,NULL,259,259,NULL,NULL,NULL,NULL,'2023-09-14 10:17:51','2023-09-14 10:28:43'),
	(260,1,NULL,'4',261,NULL,15,17,4,87,260,258,NULL,NULL,'EK-CH-179',NULL,NULL,260,260,NULL,NULL,NULL,NULL,'2023-09-14 10:17:51','2023-09-14 10:28:44'),
	(261,1,NULL,'3',262,NULL,15,17,1,88,261,258,NULL,NULL,'EN-4-008',NULL,NULL,261,261,NULL,NULL,NULL,NULL,'2023-09-14 10:17:52','2023-09-14 10:28:44'),
	(262,1,NULL,'3',263,NULL,15,17,1,88,262,258,NULL,NULL,'EK-CH-186',NULL,NULL,262,262,NULL,NULL,NULL,NULL,'2023-09-14 10:17:52','2023-09-14 10:28:45'),
	(263,1,NULL,'4',264,NULL,14,16,4,89,263,258,NULL,NULL,'EK-PR-383',NULL,NULL,263,263,NULL,NULL,NULL,NULL,'2023-09-14 10:17:52','2023-09-14 10:28:45'),
	(264,1,NULL,'3',265,NULL,13,15,1,90,264,51,NULL,NULL,'KJ-6-266',NULL,NULL,264,264,NULL,NULL,NULL,NULL,'2023-09-14 10:17:52','2023-09-14 10:28:46'),
	(265,1,NULL,'3',266,NULL,13,15,1,90,265,51,NULL,NULL,'KJ-6-102',NULL,NULL,265,265,NULL,NULL,NULL,NULL,'2023-09-14 10:17:52','2023-09-14 10:28:46'),
	(266,1,NULL,'3',267,NULL,13,15,1,90,266,51,NULL,NULL,'KJ-6-195',NULL,NULL,266,266,NULL,NULL,NULL,NULL,'2023-09-14 10:17:52','2023-09-14 10:28:47'),
	(267,1,NULL,'3',268,NULL,13,15,1,84,267,51,NULL,NULL,'KJ-6-135',NULL,NULL,267,267,NULL,NULL,NULL,NULL,'2023-09-14 10:17:53','2023-09-14 10:28:47'),
	(268,1,NULL,'3',269,NULL,13,15,1,84,268,51,NULL,NULL,'KJ-6-268',NULL,NULL,268,268,NULL,NULL,NULL,NULL,'2023-09-14 10:17:53','2023-09-14 10:28:48'),
	(269,1,NULL,'3',270,NULL,13,15,1,90,269,51,NULL,NULL,'KJ-6-269',NULL,NULL,269,269,NULL,NULL,NULL,NULL,'2023-09-14 10:17:53','2023-09-14 10:28:48'),
	(270,1,NULL,'3',271,NULL,13,15,1,90,270,51,NULL,NULL,'KJ-6-306',NULL,NULL,270,270,NULL,NULL,NULL,NULL,'2023-09-14 10:17:53','2023-09-14 10:28:49'),
	(271,1,NULL,'3',272,NULL,13,15,1,84,271,51,NULL,NULL,'EN-6-307',NULL,NULL,271,271,NULL,NULL,NULL,NULL,'2023-09-14 10:17:53','2023-09-14 10:28:49'),
	(272,1,NULL,'3',273,NULL,13,15,1,90,272,51,NULL,NULL,'KJ-6-308',NULL,NULL,272,272,NULL,NULL,NULL,NULL,'2023-09-14 10:17:53','2023-09-14 10:28:50'),
	(273,1,NULL,'3',274,NULL,13,15,1,90,273,51,NULL,NULL,'KJ-6-309',NULL,NULL,273,273,NULL,NULL,NULL,NULL,'2023-09-14 10:17:53','2023-09-14 10:28:50'),
	(274,1,NULL,'4',275,NULL,16,18,4,91,274,NULL,NULL,NULL,'EK-R2-004',NULL,NULL,274,274,NULL,NULL,NULL,NULL,'2023-09-14 10:17:54','2023-09-14 10:28:51'),
	(275,1,NULL,'3',276,NULL,16,18,1,92,275,NULL,NULL,NULL,'EK-R3-012',NULL,NULL,275,275,NULL,NULL,NULL,NULL,'2023-09-14 10:17:54','2023-09-14 10:28:51'),
	(276,1,NULL,'3',277,NULL,16,18,1,92,276,NULL,NULL,NULL,'EK-R3-010',NULL,NULL,276,276,NULL,NULL,NULL,NULL,'2023-09-14 10:17:54','2023-09-14 10:28:52'),
	(277,1,NULL,'3',278,NULL,16,18,1,92,277,NULL,NULL,NULL,'EK-R3-042',NULL,NULL,277,277,NULL,NULL,NULL,NULL,'2023-09-14 10:17:54','2023-09-14 10:28:52'),
	(278,1,NULL,'3',279,NULL,16,18,1,93,278,NULL,NULL,NULL,'EK-R3-026',NULL,NULL,278,278,NULL,NULL,NULL,NULL,'2023-09-14 10:17:54','2023-09-14 10:28:53'),
	(279,1,NULL,'3',280,NULL,16,18,1,94,279,NULL,NULL,NULL,'EK-R3-021',NULL,NULL,279,279,NULL,NULL,NULL,NULL,'2023-09-14 10:17:54','2023-09-14 10:28:53'),
	(280,1,NULL,'3',281,NULL,16,18,1,95,280,NULL,NULL,NULL,'EK-R3-055',NULL,NULL,280,280,NULL,NULL,NULL,NULL,'2023-09-14 10:17:55','2023-09-14 10:28:54'),
	(281,1,NULL,'3',282,NULL,16,18,1,92,281,NULL,NULL,NULL,'EK-R3-054',NULL,NULL,281,281,NULL,NULL,NULL,NULL,'2023-09-14 10:17:55','2023-09-14 10:28:54'),
	(282,1,NULL,'3',283,NULL,16,18,1,96,282,NULL,NULL,NULL,'EK-R3-067',NULL,NULL,282,282,NULL,NULL,NULL,NULL,'2023-09-14 10:17:55','2023-09-14 10:28:55'),
	(283,1,NULL,'3',284,NULL,16,18,1,92,283,NULL,NULL,NULL,'EK-R3-057',NULL,NULL,283,283,NULL,NULL,NULL,NULL,'2023-09-14 10:17:55','2023-09-14 10:28:55'),
	(284,1,NULL,'3',285,NULL,16,18,1,97,284,NULL,NULL,NULL,'EK-R3-061',NULL,NULL,284,284,NULL,NULL,NULL,NULL,'2023-09-14 10:17:55','2023-09-14 10:28:56'),
	(285,1,NULL,'3',286,NULL,16,18,1,96,285,NULL,NULL,NULL,'EK-R3-062',NULL,NULL,285,285,NULL,NULL,NULL,NULL,'2023-09-14 10:17:55','2023-09-14 10:28:56'),
	(286,1,NULL,'3',287,NULL,16,18,1,95,286,NULL,NULL,NULL,'EK-R3-065',NULL,NULL,286,286,NULL,NULL,NULL,NULL,'2023-09-14 10:17:56','2023-09-14 10:28:57'),
	(287,1,NULL,'3',288,NULL,16,18,1,94,287,NULL,NULL,NULL,'EK-R3-064',NULL,NULL,287,287,NULL,NULL,NULL,NULL,'2023-09-14 10:17:56','2023-09-14 10:28:57'),
	(288,1,NULL,'3',289,NULL,16,18,1,98,288,NULL,NULL,NULL,'EK-R3-066',NULL,NULL,288,288,NULL,NULL,NULL,NULL,'2023-09-14 10:17:56','2023-09-14 10:28:58'),
	(289,1,NULL,'3',290,NULL,16,18,1,95,289,NULL,NULL,NULL,'EK-R3-068',NULL,NULL,289,289,NULL,NULL,NULL,NULL,'2023-09-14 10:17:56','2023-09-14 10:28:58'),
	(290,1,NULL,'3',291,NULL,17,19,1,99,290,NULL,NULL,NULL,'G00021',NULL,NULL,290,290,NULL,NULL,NULL,NULL,'2023-09-14 10:17:57','2023-09-14 10:28:58'),
	(291,1,NULL,'3',292,NULL,17,19,1,99,291,NULL,NULL,NULL,'G00028',NULL,NULL,291,291,NULL,NULL,NULL,NULL,'2023-09-14 10:17:57','2023-09-14 10:28:59'),
	(292,1,NULL,'3',293,NULL,17,19,1,99,292,NULL,NULL,NULL,'G00040',NULL,NULL,292,292,NULL,NULL,NULL,NULL,'2023-09-14 10:17:57','2023-09-14 10:28:59'),
	(293,1,NULL,'3',294,NULL,17,19,1,100,293,NULL,NULL,NULL,'G00041',NULL,NULL,293,293,NULL,NULL,NULL,NULL,'2023-09-14 10:17:57','2023-09-14 10:29:00'),
	(294,1,NULL,'4',295,NULL,18,20,3,101,294,148,NULL,NULL,'EN-4-041',NULL,NULL,294,294,NULL,NULL,NULL,NULL,'2023-09-14 10:17:57','2023-09-14 10:29:00'),
	(295,1,NULL,'3',296,NULL,17,19,1,99,295,NULL,NULL,NULL,'G00032',NULL,NULL,295,295,NULL,NULL,NULL,NULL,'2023-09-14 10:17:58','2023-09-14 10:29:01'),
	(296,1,NULL,'3',297,NULL,17,19,1,99,296,NULL,NULL,NULL,'G00015',NULL,NULL,296,296,NULL,NULL,NULL,NULL,'2023-09-14 10:17:58','2023-09-14 10:29:02'),
	(297,1,NULL,'3',298,NULL,17,19,1,99,297,NULL,NULL,NULL,'G00027',NULL,NULL,297,297,NULL,NULL,NULL,NULL,'2023-09-14 10:17:58','2023-09-14 10:29:02'),
	(298,1,NULL,'4',299,NULL,17,19,4,102,298,NULL,NULL,NULL,'G00025',NULL,NULL,298,298,NULL,NULL,NULL,NULL,'2023-09-14 10:17:58','2023-09-14 10:29:03'),
	(299,1,NULL,'3',300,NULL,17,19,2,103,299,NULL,NULL,NULL,'10027',NULL,NULL,299,299,NULL,NULL,NULL,NULL,'2023-09-14 10:17:58','2023-09-14 10:29:03'),
	(300,1,NULL,'3',301,NULL,19,21,2,104,300,NULL,NULL,NULL,'00041',NULL,NULL,300,300,NULL,NULL,NULL,NULL,'2023-09-14 10:17:59','2023-09-14 10:29:04'),
	(301,1,NULL,'4',302,NULL,20,22,3,105,301,182,NULL,NULL,'00002',NULL,NULL,301,301,NULL,NULL,NULL,NULL,'2023-09-14 10:17:59','2023-09-14 10:29:04'),
	(302,1,NULL,'4',303,NULL,20,22,3,106,302,182,NULL,NULL,'00006',NULL,NULL,302,302,NULL,NULL,NULL,NULL,'2023-09-14 10:17:59','2023-09-14 10:29:05'),
	(303,1,NULL,'3',304,NULL,20,22,1,107,303,182,NULL,NULL,'00027',NULL,NULL,303,303,NULL,NULL,NULL,NULL,'2023-09-14 10:18:00','2023-09-14 10:29:05'),
	(304,1,NULL,'3',305,NULL,21,23,2,108,304,305,NULL,NULL,'10070',NULL,NULL,304,304,NULL,NULL,NULL,NULL,'2023-09-14 10:18:00','2023-09-14 10:29:06'),
	(305,1,NULL,'5',306,NULL,22,24,6,109,305,NULL,NULL,NULL,'EN-2-004',NULL,NULL,305,305,NULL,NULL,NULL,NULL,'2023-09-14 10:18:00','2023-09-14 10:29:06'),
	(306,1,NULL,'3',307,NULL,21,23,1,110,306,305,NULL,NULL,'10073',NULL,NULL,306,306,NULL,NULL,NULL,NULL,'2023-09-14 10:18:01','2023-09-14 10:29:07'),
	(307,1,NULL,'3',308,NULL,21,23,1,110,307,305,NULL,NULL,'10074',NULL,NULL,307,307,NULL,NULL,NULL,NULL,'2023-09-14 10:18:01','2023-09-14 10:29:07'),
	(308,1,NULL,'3',309,NULL,21,23,1,110,308,305,NULL,NULL,'10076',NULL,NULL,308,308,NULL,NULL,NULL,NULL,'2023-09-14 10:18:01','2023-09-14 10:29:08'),
	(309,1,NULL,'4',310,NULL,23,25,3,111,309,NULL,NULL,NULL,'10083',NULL,NULL,309,309,NULL,NULL,NULL,NULL,'2023-09-14 10:18:01','2023-09-14 10:29:08'),
	(310,1,NULL,'4',311,NULL,21,23,3,112,310,305,NULL,NULL,'10082',NULL,NULL,310,310,NULL,NULL,NULL,NULL,'2023-09-14 10:18:01','2023-09-14 10:29:09'),
	(311,1,NULL,'4',312,NULL,21,23,3,112,311,305,NULL,NULL,'KJ-5-120',NULL,NULL,311,311,NULL,NULL,NULL,NULL,'2023-09-14 10:18:02','2023-09-14 10:29:09'),
	(312,1,NULL,'3',313,NULL,21,23,1,113,312,305,NULL,NULL,'KJ-6-240',NULL,NULL,312,312,NULL,NULL,NULL,NULL,'2023-09-14 10:18:02','2023-09-14 10:29:09'),
	(313,1,NULL,'3',314,NULL,21,23,1,110,313,305,NULL,NULL,'10088',NULL,NULL,313,313,NULL,NULL,NULL,NULL,'2023-09-14 10:18:02','2023-09-14 10:29:10'),
	(314,1,NULL,'3',315,NULL,21,23,1,110,314,305,NULL,NULL,'10086',NULL,NULL,314,314,NULL,NULL,NULL,NULL,'2023-09-14 10:18:02','2023-09-14 10:29:10'),
	(315,1,NULL,'3',316,NULL,21,23,2,114,315,305,NULL,NULL,'10094',NULL,NULL,315,315,NULL,NULL,NULL,NULL,'2023-09-14 10:18:02','2023-09-14 10:29:11'),
	(316,1,NULL,'3',317,NULL,21,23,1,115,316,305,NULL,NULL,'10095',NULL,NULL,316,316,NULL,NULL,NULL,NULL,'2023-09-14 10:18:02','2023-09-14 10:29:11'),
	(317,1,NULL,'3',318,NULL,21,23,1,116,317,305,NULL,NULL,'10096',NULL,NULL,317,317,NULL,NULL,NULL,NULL,'2023-09-14 10:18:03','2023-09-14 10:29:12'),
	(318,1,NULL,'3',319,NULL,24,26,2,117,318,346,NULL,NULL,'00009',NULL,NULL,318,318,NULL,NULL,NULL,NULL,'2023-09-14 10:18:03','2023-09-14 10:29:12'),
	(319,1,NULL,'3',320,NULL,24,26,2,117,319,346,NULL,NULL,'00004',NULL,NULL,319,319,NULL,NULL,NULL,NULL,'2023-09-14 10:18:03','2023-09-14 10:29:13'),
	(320,1,NULL,'3',321,NULL,24,26,2,118,320,346,NULL,NULL,'00003',NULL,NULL,320,320,NULL,NULL,NULL,NULL,'2023-09-14 10:18:03','2023-09-14 10:29:13'),
	(321,1,NULL,'3',322,NULL,24,26,1,119,321,346,NULL,NULL,'00037',NULL,NULL,321,321,NULL,NULL,NULL,NULL,'2023-09-14 10:18:04','2023-09-14 10:29:14'),
	(322,1,NULL,'3',323,NULL,25,27,2,120,322,NULL,NULL,NULL,'00048',NULL,NULL,322,322,NULL,NULL,NULL,NULL,'2023-09-14 10:18:04','2023-09-14 10:29:14'),
	(323,1,NULL,'3',324,NULL,26,28,1,121,323,NULL,NULL,NULL,'00057',NULL,NULL,323,323,NULL,NULL,NULL,NULL,'2023-09-14 10:18:04','2023-09-14 10:29:15'),
	(324,1,NULL,'3',325,NULL,24,26,1,122,324,346,NULL,NULL,'20013',NULL,NULL,324,324,NULL,NULL,NULL,NULL,'2023-09-14 10:18:05','2023-09-14 10:29:15'),
	(325,1,NULL,'3',326,NULL,24,26,1,123,325,346,NULL,NULL,'20012',NULL,NULL,325,325,NULL,NULL,NULL,NULL,'2023-09-14 10:18:05','2023-09-14 10:29:16'),
	(326,1,NULL,'3',327,NULL,24,26,1,119,326,346,NULL,NULL,'20014',NULL,NULL,326,326,NULL,NULL,NULL,NULL,'2023-09-14 10:18:05','2023-09-14 10:29:16'),
	(327,1,NULL,'3',328,NULL,24,26,1,119,327,346,NULL,NULL,'20011',NULL,NULL,327,327,NULL,NULL,NULL,NULL,'2023-09-14 10:18:05','2023-09-14 10:29:17'),
	(328,1,NULL,'3',329,NULL,24,26,1,124,328,346,NULL,NULL,'20010',NULL,NULL,328,328,NULL,NULL,NULL,NULL,'2023-09-14 10:18:05','2023-09-14 10:29:17'),
	(329,1,NULL,'3',330,NULL,24,26,1,124,329,346,NULL,NULL,'20009',NULL,NULL,329,329,NULL,NULL,NULL,NULL,'2023-09-14 10:18:05','2023-09-14 10:29:18'),
	(330,1,NULL,'3',331,NULL,24,26,1,125,330,346,NULL,NULL,'20007',NULL,NULL,330,330,NULL,NULL,NULL,NULL,'2023-09-14 10:18:05','2023-09-14 10:29:18'),
	(331,1,NULL,'3',332,NULL,24,26,1,124,331,346,NULL,NULL,'20008',NULL,NULL,331,331,NULL,NULL,NULL,NULL,'2023-09-14 10:18:06','2023-09-14 10:29:19'),
	(332,1,NULL,'3',333,NULL,24,26,2,117,332,346,NULL,NULL,'20006',NULL,NULL,332,332,NULL,NULL,NULL,NULL,'2023-09-14 10:18:06','2023-09-14 10:29:19'),
	(333,1,NULL,'3',334,NULL,24,26,2,117,333,346,NULL,NULL,'20005',NULL,NULL,333,333,NULL,NULL,NULL,NULL,'2023-09-14 10:18:06','2023-09-14 10:29:20'),
	(334,1,NULL,'3',335,NULL,25,27,2,126,334,NULL,NULL,NULL,'20004',NULL,NULL,334,334,NULL,NULL,NULL,NULL,'2023-09-14 10:18:06','2023-09-14 10:29:20'),
	(335,1,NULL,'3',336,NULL,25,27,2,126,335,NULL,NULL,NULL,'20003',NULL,NULL,335,335,NULL,NULL,NULL,NULL,'2023-09-14 10:18:06','2023-09-14 10:29:21'),
	(336,1,NULL,'3',337,NULL,27,29,2,127,336,NULL,NULL,NULL,'20002',NULL,NULL,336,336,NULL,NULL,NULL,NULL,'2023-09-14 10:18:06','2023-09-14 10:29:21'),
	(337,1,NULL,'3',338,NULL,27,29,2,127,337,NULL,NULL,NULL,'20015',NULL,NULL,337,337,NULL,NULL,NULL,NULL,'2023-09-14 10:18:07','2023-09-14 10:29:21'),
	(338,1,NULL,'3',339,NULL,24,26,1,119,338,346,NULL,NULL,'00036',NULL,NULL,338,338,NULL,NULL,NULL,NULL,'2023-09-14 10:18:07','2023-09-14 10:29:22'),
	(339,1,NULL,'3',340,NULL,24,26,1,119,339,346,NULL,NULL,'20016',NULL,NULL,339,339,NULL,NULL,NULL,NULL,'2023-09-14 10:18:07','2023-09-14 10:29:23'),
	(340,1,NULL,'3',341,NULL,24,26,1,124,340,346,NULL,NULL,'20017',NULL,NULL,340,340,NULL,NULL,NULL,NULL,'2023-09-14 10:18:07','2023-09-14 10:29:23'),
	(341,1,NULL,'3',342,NULL,24,26,1,119,341,346,NULL,NULL,'20018',NULL,NULL,341,341,NULL,NULL,NULL,NULL,'2023-09-14 10:18:07','2023-09-14 10:29:23'),
	(342,1,NULL,'3',343,NULL,24,26,1,119,342,346,NULL,NULL,'20019',NULL,NULL,342,342,NULL,NULL,NULL,NULL,'2023-09-14 10:18:07','2023-09-14 10:29:24'),
	(343,1,NULL,'3',344,NULL,24,26,1,119,343,346,NULL,NULL,'20020',NULL,NULL,343,343,NULL,NULL,NULL,NULL,'2023-09-14 10:18:07','2023-09-14 10:29:24'),
	(344,1,NULL,'3',345,NULL,28,30,2,128,344,346,NULL,NULL,'EN-4-092',NULL,NULL,344,344,NULL,NULL,NULL,NULL,'2023-09-14 10:18:08','2023-09-14 10:29:25'),
	(345,1,NULL,'3',346,NULL,29,31,1,129,345,NULL,NULL,NULL,'10173',NULL,NULL,345,345,NULL,NULL,NULL,NULL,'2023-09-14 10:18:08','2023-09-14 10:29:25'),
	(346,1,NULL,'5',347,NULL,28,30,6,130,346,NULL,NULL,NULL,'10024',NULL,NULL,346,346,NULL,NULL,NULL,NULL,'2023-09-14 10:18:09','2023-09-14 10:29:26'),
	(347,1,NULL,'3',348,NULL,28,30,2,131,347,346,NULL,NULL,'10206',NULL,NULL,347,347,NULL,NULL,NULL,NULL,'2023-09-14 10:18:09','2023-09-14 10:29:26'),
	(348,1,NULL,'3',349,NULL,28,30,2,132,348,346,NULL,NULL,'10207',NULL,NULL,348,348,NULL,NULL,NULL,NULL,'2023-09-14 10:18:09','2023-09-14 10:29:27'),
	(349,1,NULL,'3',350,NULL,28,30,1,133,349,346,NULL,NULL,'10208',NULL,NULL,349,349,NULL,NULL,NULL,NULL,'2023-09-14 10:18:09','2023-09-14 10:29:27'),
	(350,1,NULL,'4',351,NULL,28,30,4,134,350,346,NULL,NULL,'10214',NULL,NULL,350,350,NULL,NULL,NULL,NULL,'2023-09-14 10:18:09','2023-09-14 10:29:28'),
	(351,1,NULL,'3',352,NULL,28,30,1,135,351,346,NULL,NULL,'10210',NULL,NULL,351,351,NULL,NULL,NULL,NULL,'2023-09-14 10:18:09','2023-09-14 10:29:28'),
	(352,1,NULL,'3',353,NULL,28,30,1,136,352,346,NULL,NULL,'10212',NULL,NULL,352,352,NULL,NULL,NULL,NULL,'2023-09-14 10:18:10','2023-09-14 10:29:29'),
	(353,1,NULL,'3',354,NULL,28,30,1,136,353,346,NULL,NULL,'10211',NULL,NULL,353,353,NULL,NULL,NULL,NULL,'2023-09-14 10:18:10','2023-09-14 10:29:29'),
	(354,1,NULL,'3',355,NULL,28,30,1,135,354,346,NULL,NULL,'10215',NULL,NULL,354,354,NULL,NULL,NULL,NULL,'2023-09-14 10:18:10','2023-09-14 10:29:30'),
	(355,1,NULL,'3',356,NULL,28,30,1,135,355,346,NULL,NULL,'10216',NULL,NULL,355,355,NULL,NULL,NULL,NULL,'2023-09-14 10:18:10','2023-09-14 10:29:30'),
	(356,1,NULL,'3',357,NULL,28,30,1,136,356,346,NULL,NULL,'10217',NULL,NULL,356,356,NULL,NULL,NULL,NULL,'2023-09-14 10:18:10','2023-09-14 10:29:31'),
	(357,1,NULL,'3',358,NULL,28,30,1,136,357,346,NULL,NULL,'10219',NULL,NULL,357,357,NULL,NULL,NULL,NULL,'2023-09-14 10:18:10','2023-09-14 10:29:31'),
	(358,1,NULL,'3',359,NULL,28,30,1,136,358,346,NULL,NULL,'10222',NULL,NULL,358,358,NULL,NULL,NULL,NULL,'2023-09-14 10:18:10','2023-09-14 10:29:32'),
	(359,1,NULL,'4',360,NULL,28,30,4,137,359,346,NULL,NULL,'10223',NULL,NULL,359,359,NULL,NULL,NULL,NULL,'2023-09-14 10:18:10','2023-09-14 10:29:33'),
	(360,1,NULL,'3',361,NULL,28,30,1,138,360,346,NULL,NULL,'10225',NULL,NULL,360,360,NULL,NULL,NULL,NULL,'2023-09-14 10:18:11','2023-09-14 10:29:33'),
	(361,1,NULL,'3',362,NULL,28,30,1,139,361,346,NULL,NULL,'10228',NULL,NULL,361,361,NULL,NULL,NULL,NULL,'2023-09-14 10:18:11','2023-09-14 10:29:34'),
	(362,1,NULL,'3',363,NULL,28,30,1,140,362,346,NULL,NULL,'10230',NULL,NULL,362,362,NULL,NULL,NULL,NULL,'2023-09-14 10:18:11','2023-09-14 10:29:34'),
	(363,1,NULL,'3',364,NULL,28,30,2,141,363,346,NULL,NULL,'10233',NULL,NULL,363,363,NULL,NULL,NULL,NULL,'2023-09-14 10:18:11','2023-09-14 10:29:35'),
	(364,1,NULL,'3',365,NULL,28,30,2,142,364,346,NULL,NULL,'00045',NULL,NULL,364,364,NULL,NULL,NULL,NULL,'2023-09-14 10:18:11','2023-09-14 10:29:35'),
	(365,1,NULL,'3',366,NULL,28,30,2,143,365,346,NULL,NULL,'10235',NULL,NULL,365,365,NULL,NULL,NULL,NULL,'2023-09-14 10:18:12','2023-09-14 10:29:36'),
	(366,1,NULL,'3',367,NULL,30,32,2,144,366,172,NULL,NULL,'10236',NULL,NULL,366,366,NULL,NULL,NULL,NULL,'2023-09-14 10:18:12','2023-09-14 10:29:36'),
	(367,1,NULL,'3',368,NULL,7,NULL,2,69,367,148,294,NULL,'10237',NULL,NULL,367,367,NULL,NULL,NULL,NULL,'2023-09-14 10:18:12','2024-07-02 13:47:13'),
	(368,1,NULL,'3',369,NULL,28,30,1,145,368,346,NULL,NULL,'10239',NULL,NULL,368,368,NULL,NULL,NULL,NULL,'2023-09-14 10:18:13','2023-09-14 10:29:37'),
	(369,1,NULL,'4',370,NULL,28,30,4,146,369,346,NULL,NULL,'10240',NULL,NULL,369,369,NULL,NULL,NULL,NULL,'2023-09-14 10:18:13','2023-09-14 10:29:38'),
	(370,1,NULL,'4',371,NULL,28,30,4,147,370,346,NULL,NULL,'10241',NULL,NULL,370,370,NULL,NULL,NULL,NULL,'2023-09-14 10:18:13','2023-09-14 10:29:38'),
	(409,1,NULL,NULL,382,16,34,NULL,NULL,150,473,NULL,NULL,NULL,'1122',NULL,NULL,418,NULL,NULL,NULL,NULL,NULL,'2024-07-10 11:02:14','2024-07-10 11:14:25'),
	(410,1,NULL,NULL,384,16,34,34,NULL,152,474,NULL,NULL,NULL,'2222',NULL,NULL,419,NULL,NULL,NULL,NULL,NULL,'2024-07-10 11:02:14','2024-07-10 11:15:14');

/*!40000 ALTER TABLE `employees` ENABLE KEYS */;
UNLOCK TABLES;


# Dump of table exports
# ------------------------------------------------------------

DROP TABLE IF EXISTS `exports`;

CREATE TABLE `exports` (
  `id` bigint(20) unsigned NOT NULL AUTO_INCREMENT,
  `created_at` timestamp NULL DEFAULT NULL,
  `updated_at` timestamp NULL DEFAULT NULL,
  PRIMARY KEY (`id`)
) ENGINE=InnoDB DEFAULT CHARSET=utf8mb4 COLLATE=utf8mb4_unicode_ci;



# Dump of table failed_jobs
# ------------------------------------------------------------

DROP TABLE IF EXISTS `failed_jobs`;

CREATE TABLE `failed_jobs` (
  `id` bigint(20) unsigned NOT NULL AUTO_INCREMENT,
  `uuid` varchar(255) NOT NULL,
  `connection` text NOT NULL,
  `queue` text NOT NULL,
  `payload` longtext NOT NULL,
  `exception` longtext NOT NULL,
  `failed_at` timestamp NOT NULL DEFAULT current_timestamp(),
  PRIMARY KEY (`id`),
  UNIQUE KEY `failed_jobs_uuid_unique` (`uuid`)
) ENGINE=InnoDB DEFAULT CHARSET=utf8mb4 COLLATE=utf8mb4_unicode_ci;



# Dump of table logs
# ------------------------------------------------------------

DROP TABLE IF EXISTS `logs`;

CREATE TABLE `logs` (
  `id` bigint(20) unsigned NOT NULL AUTO_INCREMENT,
  `department_id` int(11) DEFAULT NULL,
  `user_id` int(11) NOT NULL,
  `action` varchar(255) NOT NULL,
  `desc` varchar(255) NOT NULL,
  `created_at` timestamp NULL DEFAULT NULL,
  `updated_at` timestamp NULL DEFAULT NULL,
  PRIMARY KEY (`id`)
) ENGINE=InnoDB DEFAULT CHARSET=utf8mb4 COLLATE=utf8mb4_unicode_ci;

LOCK TABLES `logs` WRITE;
/*!40000 ALTER TABLE `logs` DISABLE KEYS */;

INSERT INTO `logs` (`id`, `department_id`, `user_id`, `action`, `desc`, `created_at`, `updated_at`)
VALUES
	(1,8,162,'Updated','Contract EN-4-046 Agus Priyanto','2024-07-03 10:03:25','2024-07-03 10:03:25'),
	(2,8,162,'Updated','Biodata EN-4-086 Abdul Fikri','2024-07-03 10:08:27','2024-07-03 10:08:27'),
	(3,8,162,'Updated','Profile Picture EN-4-086 Abdul Fikri','2024-07-03 10:09:36','2024-07-03 10:09:36'),
	(4,8,162,'Update','Contract EN-4-088 Dareza Arvian','2024-07-03 13:06:07','2024-07-03 13:06:07'),
	(5,8,162,'Update','Contract EN-4-088 Dareza Arvian','2024-07-03 13:13:12','2024-07-03 13:13:12'),
	(6,8,162,'Update','Contract EN-4-088 Dareza Arvian','2024-07-03 13:13:45','2024-07-03 13:13:45'),
	(7,8,162,'Update','Contract EN-4-088 Dareza Arvian','2024-07-03 13:14:52','2024-07-03 13:14:52'),
	(8,8,162,'Create','Employee EN-4-013 Karyawan dua','2024-07-03 13:38:52','2024-07-03 13:38:52'),
	(9,8,162,'Create','Employee  Karyawan tiga','2024-07-03 13:48:02','2024-07-03 13:48:02'),
	(10,8,162,'Update','Contract EN-4-123 Ahmad Rifai','2024-07-03 13:53:19','2024-07-03 13:53:19'),
	(11,8,162,'Update','Biodata  Karyawan tiga','2024-07-03 13:57:45','2024-07-03 13:57:45'),
	(12,8,162,'Create','Employee EN-4-124 karyawan empat','2024-07-03 14:22:02','2024-07-03 14:22:02'),
	(13,2,18,'Confirm','SP I SP/2/040724/9','2024-07-04 14:58:18','2024-07-04 14:58:18'),
	(14,2,11,'Submit','SP I SP/2/040724/10 EN-4-021 E. Hodijeh ','2024-07-04 15:13:02','2024-07-04 15:13:02'),
	(15,8,162,'Update','Contract EN-4-099 Debby Veramitha Farhani','2024-07-04 15:27:23','2024-07-04 15:27:23'),
	(16,8,162,'Update','Contract EN-4-104 Shafa Athania Muldayanti','2024-07-04 15:28:05','2024-07-04 15:28:05'),
	(17,8,162,'Update','Contract EN-4-101 Christian Daniel Abimanyu','2024-07-04 15:28:30','2024-07-04 15:28:30'),
	(18,7,158,'Submit','SP I SP/7/040724/11 EN-4-099 Debby Veramitha Farhani','2024-07-04 15:30:35','2024-07-04 15:30:35'),
	(19,2,11,'Submit','SP II SP/2/040724/12 EN-4-086 Abdul Fikri','2024-07-04 16:04:31','2024-07-04 16:04:31'),
	(20,2,11,'Submit','SP I SP/2/050724/14 EN-4-025 Ade Nurjaya','2024-07-05 09:19:17','2024-07-05 09:19:17'),
	(21,8,174,'Approve','SP I SP/2/050724/14 EN-4-025 Ade Nurjaya','2024-07-05 09:21:43','2024-07-05 09:21:43'),
	(22,2,3,'Approve','SP I SP/2/050724/14 EN-4-025 Ade Nurjaya','2024-07-05 10:55:38','2024-07-05 10:55:38'),
	(23,8,174,'Create','QPE EN-4-093 Hafiz Ali 2 2024','2024-07-05 11:19:55','2024-07-05 11:19:55'),
	(24,8,174,'Create','QPE Behavior EN-4-047 Ari Pratama Kusumah Semester2 Tahun2024','2024-07-05 11:28:22','2024-07-05 11:28:22'),
	(25,2,4,'Complain','SP I SP/2/050724/14','2024-07-05 14:02:02','2024-07-05 14:02:02'),
	(26,2,4,'Complain','SP I SP/2/050724/14','2024-07-05 14:03:12','2024-07-05 14:03:12'),
	(27,2,11,'Close','SP I SP/2/050724/14 EN-4-025 Ade Nurjaya','2024-07-05 14:19:43','2024-07-05 14:19:43'),
	(28,2,3,'Need Discuss','SP III SP/2/030724/8 EN-4-046 Agus Priyanto','2024-07-05 14:25:37','2024-07-05 14:25:37'),
	(29,2,11,'Create','QPE KPI EN-4-095 Rahmat Hidayat Semester 2 Tahun 2024','2024-07-05 15:00:21','2024-07-05 15:00:21'),
	(30,2,11,'Submit','QPE EN-4-047 Ari Pratama Kusumah Semester 2 Tahun 2024','2024-07-05 15:19:41','2024-07-05 15:19:41'),
	(31,2,3,'Need Discuss','QPE EN-4-047 Ari Pratama Kusumah Semester 2 Tahun 2024','2024-07-05 15:39:29','2024-07-05 15:39:29'),
	(32,2,3,'Need Discuss','QPE EN-4-047 Ari Pratama Kusumah Semester 2 Tahun 2024','2024-07-05 15:39:51','2024-07-05 15:39:51'),
	(33,2,11,'Create','SP I SP/2/050724/14 EN-4-095 Rahmat Hidayat','2024-07-05 16:11:25','2024-07-05 16:11:25'),
	(34,2,11,'Submit','SP II SP/2/050724/15 EN-4-095 Rahmat Hidayat','2024-07-05 16:12:05','2024-07-05 16:12:05'),
	(35,8,174,'Approve','SP II SP/2/050724/15 EN-4-095 Rahmat Hidayat','2024-07-05 16:14:49','2024-07-05 16:14:49'),
	(36,8,174,'Approve','SP I SP/2/040724/10 EN-4-021 E. Hodijeh ','2024-07-08 10:30:07','2024-07-08 10:30:07'),
	(37,2,11,'Release','SP I SP/2/040724/10 EN-4-021 E. Hodijeh ','2024-07-08 10:55:42','2024-07-08 10:55:42'),
	(38,2,3,'Approve','SP I SP/2/040724/10 EN-4-021 E. Hodijeh ','2024-07-08 11:14:00','2024-07-08 11:14:00'),
	(39,2,7,'Complain','SP I SP/2/040724/10','2024-07-08 11:25:17','2024-07-08 11:25:17'),
	(40,2,7,'Confirm','SP I SP/2/040724/10','2024-07-08 11:35:01','2024-07-08 11:35:01'),
	(41,2,11,'Create','SP II SP/2/050724/15 EN-4-021 E. Hodijeh ','2024-07-08 11:50:44','2024-07-08 11:50:44'),
	(42,2,11,'Submit','SP II SP/2/080724/16 EN-4-021 E. Hodijeh ','2024-07-08 11:54:03','2024-07-08 11:54:03'),
	(43,8,174,'Approve','SP II SP/2/080724/16 EN-4-021 E. Hodijeh ','2024-07-08 13:27:43','2024-07-08 13:27:43'),
	(44,2,11,'Create','SP II SP/2/080724/16 EN-4-025 Ade Nurjaya','2024-07-08 13:48:53','2024-07-08 13:48:53'),
	(45,2,11,'Release','SP II SP/2/080724/16 EN-4-021 E. Hodijeh ','2024-07-08 13:53:54','2024-07-08 13:53:54'),
	(46,2,11,'Release','SP II SP/2/050724/15 EN-4-095 Rahmat Hidayat','2024-07-08 14:12:17','2024-07-08 14:12:17'),
	(47,2,3,'Need Discuss','SP II SP/2/080724/16 EN-4-021 E. Hodijeh ','2024-07-08 14:25:21','2024-07-08 14:25:21'),
	(48,2,3,'Need Discuss','SP II SP/2/050724/15 EN-4-095 Rahmat Hidayat','2024-07-08 14:43:30','2024-07-08 14:43:30'),
	(49,2,3,'Approve','SP II SP/2/080724/16 EN-4-021 E. Hodijeh ','2024-07-08 14:56:00','2024-07-08 14:56:00'),
	(50,2,7,'Complain','SP II SP/2/080724/16','2024-07-08 15:00:01','2024-07-08 15:00:01'),
	(51,2,7,'Complain','SP II SP/2/080724/16','2024-07-08 15:00:13','2024-07-08 15:00:13'),
	(52,2,7,'Complain','SP II SP/2/080724/16','2024-07-08 15:00:20','2024-07-08 15:00:20'),
	(53,2,7,'Confirm','SP II SP/2/080724/16','2024-07-08 15:00:48','2024-07-08 15:00:48'),
	(54,2,3,'Need Discuss','QPE EN-4-047 Ari Pratama Kusumah Semester 2 Tahun 2024','2024-07-08 20:55:39','2024-07-08 20:55:39'),
	(55,2,11,'Submit','SP II SP/2/080724/17 EN-4-025 Ade Nurjaya','2024-07-08 21:04:33','2024-07-08 21:04:33'),
	(56,8,174,'Approve','SP II SP/2/080724/17 EN-4-025 Ade Nurjaya','2024-07-08 21:08:24','2024-07-08 21:08:24'),
	(57,2,11,'Release','SP II SP/2/080724/17 EN-4-025 Ade Nurjaya','2024-07-08 21:09:26','2024-07-08 21:09:26'),
	(58,2,3,'Need Discuss','SP II SP/2/080724/17 EN-4-025 Ade Nurjaya','2024-07-08 21:15:57','2024-07-08 21:15:57'),
	(59,2,11,'Create','QPE Comment Training & Development EN-4-046 Agus Priyanto Semester 2 Tahun 2024','2024-07-08 21:30:20','2024-07-08 21:30:20'),
	(60,2,11,'Create','QPE Behavior EN-4-046 Agus Priyanto Semester 2 Tahun 2024','2024-07-08 23:21:28','2024-07-08 23:21:28'),
	(61,2,11,'Submit','QPE EN-4-046 Agus Priyanto Semester 2 Tahun 2024','2024-07-08 23:22:52','2024-07-08 23:22:52'),
	(62,2,3,'Approve','QPE EN-4-046 Agus Priyanto Semester 2 Tahun 2024','2024-07-08 23:30:24','2024-07-08 23:30:24'),
	(63,8,162,'Update','Role EN-4-046 Agus Priyanto','2024-07-08 23:34:30','2024-07-08 23:34:30'),
	(64,2,3,'Approve','SP II SP/2/050724/15 EN-4-095 Rahmat Hidayat','2024-07-09 08:04:24','2024-07-09 08:04:24'),
	(65,2,20,'Complain','SP II SP/2/050724/15','2024-07-09 08:05:19','2024-07-09 08:05:19'),
	(66,2,11,'Create','SP II SP/2/080724/17 EN-4-047 Ari Pratama Kusumah','2024-07-09 09:27:44','2024-07-09 09:27:44'),
	(67,2,11,'Submit','SP I SP/2/090724/18 EN-4-047 Ari Pratama Kusumah','2024-07-09 09:27:50','2024-07-09 09:27:50'),
	(68,2,11,'Create','QPE KPI EN-4-088 Dareza Arvian Semester 1 Tahun 2024','2024-07-09 09:55:01','2024-07-09 09:55:01'),
	(69,2,11,'Create','QPE Behavior EN-4-088 Dareza Arvian Semester 1 Tahun 2024','2024-07-09 09:55:14','2024-07-09 09:55:14'),
	(70,2,11,'Create','QPE Comment Training & Development EN-4-088 Dareza Arvian Semester 1 Tahun 2024','2024-07-09 09:57:23','2024-07-09 09:57:23'),
	(71,2,11,'Submit','QPE EN-4-088 Dareza Arvian Semester 1 Tahun 2024','2024-07-09 09:58:10','2024-07-09 09:58:10'),
	(72,2,3,'Need Discuss','QPE EN-4-088 Dareza Arvian Semester 1 Tahun 2024','2024-07-09 09:59:21','2024-07-09 09:59:21'),
	(73,2,3,'Approve','QPE EN-4-088 Dareza Arvian Semester 1 Tahun 2024','2024-07-09 10:00:30','2024-07-09 10:00:30'),
	(74,2,19,'Complain','QPE EN-4-088 Dareza Arvian Semester 1 Tahun 2024','2024-07-09 10:06:36','2024-07-09 10:06:36'),
	(75,2,11,'Create','QPE KPI EN-4-088 Dareza Arvian Semester 1 Tahun 2024','2024-07-09 10:07:59','2024-07-09 10:07:59'),
	(76,8,162,'Update','Biodata 2222 Rahmattt Juantoro','2024-07-10 10:25:53','2024-07-10 10:25:53'),
	(77,8,162,'Update','Contract 1122 Ahmaddd Hidayat','2024-07-10 11:09:36','2024-07-10 11:09:36'),
	(78,8,162,'Publish','Employee 1122 Ahmaddd Hidayat','2024-07-10 11:14:25','2024-07-10 11:14:25'),
	(79,8,162,'Publish','Employees Data','2024-07-10 11:15:14','2024-07-10 11:15:14');

/*!40000 ALTER TABLE `logs` ENABLE KEYS */;
UNLOCK TABLES;


# Dump of table migrations
# ------------------------------------------------------------

DROP TABLE IF EXISTS `migrations`;

CREATE TABLE `migrations` (
  `id` int(10) unsigned NOT NULL AUTO_INCREMENT,
  `migration` varchar(255) NOT NULL,
  `batch` int(11) NOT NULL,
  PRIMARY KEY (`id`)
) ENGINE=InnoDB DEFAULT CHARSET=utf8mb4 COLLATE=utf8mb4_unicode_ci;

LOCK TABLES `migrations` WRITE;
/*!40000 ALTER TABLE `migrations` DISABLE KEYS */;

INSERT INTO `migrations` (`id`, `migration`, `batch`)
VALUES
	(33,'2014_10_12_000000_create_users_table',1),
	(34,'2014_10_12_100000_create_password_resets_table',1),
	(35,'2019_08_19_000000_create_failed_jobs_table',1),
	(36,'2019_12_14_000001_create_personal_access_tokens_table',1),
	(37,'2023_06_05_032754_create_permission_tables',1),
	(38,'2023_06_05_072411_create_employees_table',1),
	(39,'2023_06_06_034311_create_departments_table',1),
	(40,'2023_06_06_071427_create_designations_table',1),
	(41,'2023_06_07_014127_create_shifts_table',1),
	(42,'2023_06_07_014330_create_socials_table',1),
	(43,'2023_06_07_014809_create_banks_table',1),
	(44,'2023_06_07_014826_create_social_accounts_table',1),
	(45,'2023_06_07_014843_create_bank_accounts_table',1),
	(46,'2023_06_07_024122_create_biodatas_table',1),
	(47,'2023_06_07_063942_create_contracts_table',1),
	(48,'2023_06_08_104331_create_units_table',1),
	(49,'2023_06_12_143551_create_emergencies_table',1),
	(50,'2023_06_14_084708_create_documents_table',1),
	(51,'2023_06_14_150934_create_allowances_table',1),
	(52,'2023_06_14_151237_create_commissions_table',1),
	(53,'2023_06_14_151253_create_deductions_table',1),
	(54,'2023_06_14_151327_create_reimbursements_table',1),
	(56,'2023_07_25_145713_create_pe_kpis_table',1),
	(57,'2023_07_27_103753_create_pekpi_details_table',1),
	(58,'2023_07_27_104622_create_pekpi_points_table',1),
	(62,'2023_08_29_150657_create_sub_depts_table',1),
	(63,'2023_08_29_151317_create_positions_table',1),
	(64,'2023_09_01_143944_create_sos_table',1),
	(70,'2023_07_25_142349_create_pe_components_table',2),
	(71,'2023_08_02_115009_create_pe_kpas_table',2),
	(72,'2023_08_03_163456_create_pekpa_details_table',2),
	(73,'2023_08_29_134112_create_compositions_table',3),
	(74,'2024_01_09_145549_create_pe_component_groups_table',3),
	(75,'2024_01_09_153125_create_pe_component_fors_table',3),
	(76,'2024_01_22_112622_create_pe_disciplines_table',3),
	(77,'2024_01_23_100409_create_temp_disciplines_table',4),
	(78,'2024_01_26_145012_create_exports_table',5),
	(79,'2024_04_22_141116_create_overtimes_table',5),
	(80,'2024_04_23_141029_create_duties_table',5),
	(81,'2024_04_23_143252_create_presences_table',5),
	(82,'2024_04_23_144931_create_spkls_table',5),
	(83,'2024_04_23_144947_create_spts_table',5),
	(84,'2024_04_26_151151_create_announcements_table',5),
	(85,'2024_05_17_163620_create_pes_table',5),
	(86,'2024_05_17_163636_create_pe_behaviors_table',5),
	(87,'2024_05_17_163730_create_pe_behavior_points_table',5),
	(88,'2024_05_17_163926_create_pe_behavior_apprasials_table',5),
	(89,'2024_05_17_164810_create_pe_behavior_apprasial_details_table',5),
	(90,'2024_05_30_091304_create_sps_table',5),
	(91,'2024_05_31_103040_create_pe_discipline_details_table',5),
	(92,'2024_06_25_090100_create_educationals_table',6),
	(93,'2024_06_25_091210_create_deactivates_table',6),
	(94,'2024_06_26_095440_create_mutations_table',7),
	(95,'2024_06_26_095841_create_aggreements_table',7),
	(96,'2024_07_03_083836_create_logs_table',8),
	(97,'2024_07_04_084642_create_sp_approvals_table',9);

/*!40000 ALTER TABLE `migrations` ENABLE KEYS */;
UNLOCK TABLES;


# Dump of table model_has_permissions
# ------------------------------------------------------------

DROP TABLE IF EXISTS `model_has_permissions`;

CREATE TABLE `model_has_permissions` (
  `permission_id` bigint(20) unsigned NOT NULL,
  `model_type` varchar(255) NOT NULL,
  `model_id` bigint(20) unsigned NOT NULL,
  PRIMARY KEY (`permission_id`,`model_id`,`model_type`),
  KEY `model_has_permissions_model_id_model_type_index` (`model_id`,`model_type`),
  CONSTRAINT `model_has_permissions_permission_id_foreign` FOREIGN KEY (`permission_id`) REFERENCES `permissions` (`id`) ON DELETE CASCADE
) ENGINE=InnoDB DEFAULT CHARSET=utf8mb4 COLLATE=utf8mb4_unicode_ci;



# Dump of table model_has_roles
# ------------------------------------------------------------

DROP TABLE IF EXISTS `model_has_roles`;

CREATE TABLE `model_has_roles` (
  `role_id` bigint(20) unsigned NOT NULL,
  `model_type` varchar(255) NOT NULL,
  `model_id` bigint(20) unsigned NOT NULL,
  PRIMARY KEY (`role_id`,`model_id`,`model_type`),
  KEY `model_has_roles_model_id_model_type_index` (`model_id`,`model_type`),
  CONSTRAINT `model_has_roles_role_id_foreign` FOREIGN KEY (`role_id`) REFERENCES `roles` (`id`) ON DELETE CASCADE
) ENGINE=InnoDB DEFAULT CHARSET=utf8mb4 COLLATE=utf8mb4_unicode_ci;

LOCK TABLES `model_has_roles` WRITE;
/*!40000 ALTER TABLE `model_has_roles` DISABLE KEYS */;

INSERT INTO `model_has_roles` (`role_id`, `model_type`, `model_id`)
VALUES
	(1,'App\\Models\\User',1),
	(1,'App\\Models\\User',2),
	(2,'App\\Models\\User',148),
	(2,'App\\Models\\User',159),
	(2,'App\\Models\\User',166),
	(2,'App\\Models\\User',167),
	(2,'App\\Models\\User',190),
	(2,'App\\Models\\User',194),
	(3,'App\\Models\\User',4),
	(3,'App\\Models\\User',5),
	(3,'App\\Models\\User',6),
	(3,'App\\Models\\User',7),
	(3,'App\\Models\\User',8),
	(3,'App\\Models\\User',9),
	(3,'App\\Models\\User',10),
	(3,'App\\Models\\User',13),
	(3,'App\\Models\\User',14),
	(3,'App\\Models\\User',15),
	(3,'App\\Models\\User',16),
	(3,'App\\Models\\User',17),
	(3,'App\\Models\\User',18),
	(3,'App\\Models\\User',19),
	(3,'App\\Models\\User',20),
	(3,'App\\Models\\User',22),
	(3,'App\\Models\\User',23),
	(3,'App\\Models\\User',24),
	(3,'App\\Models\\User',25),
	(3,'App\\Models\\User',26),
	(3,'App\\Models\\User',27),
	(3,'App\\Models\\User',29),
	(3,'App\\Models\\User',30),
	(3,'App\\Models\\User',31),
	(3,'App\\Models\\User',32),
	(3,'App\\Models\\User',33),
	(3,'App\\Models\\User',34),
	(3,'App\\Models\\User',35),
	(3,'App\\Models\\User',36),
	(3,'App\\Models\\User',37),
	(3,'App\\Models\\User',38),
	(3,'App\\Models\\User',39),
	(3,'App\\Models\\User',40),
	(3,'App\\Models\\User',41),
	(3,'App\\Models\\User',42),
	(3,'App\\Models\\User',43),
	(3,'App\\Models\\User',44),
	(3,'App\\Models\\User',45),
	(3,'App\\Models\\User',46),
	(3,'App\\Models\\User',47),
	(3,'App\\Models\\User',48),
	(3,'App\\Models\\User',49),
	(3,'App\\Models\\User',50),
	(3,'App\\Models\\User',51),
	(3,'App\\Models\\User',54),
	(3,'App\\Models\\User',55),
	(3,'App\\Models\\User',56),
	(3,'App\\Models\\User',57),
	(3,'App\\Models\\User',58),
	(3,'App\\Models\\User',59),
	(3,'App\\Models\\User',60),
	(3,'App\\Models\\User',61),
	(3,'App\\Models\\User',62),
	(3,'App\\Models\\User',63),
	(3,'App\\Models\\User',64),
	(3,'App\\Models\\User',65),
	(3,'App\\Models\\User',66),
	(3,'App\\Models\\User',67),
	(3,'App\\Models\\User',69),
	(3,'App\\Models\\User',70),
	(3,'App\\Models\\User',71),
	(3,'App\\Models\\User',72),
	(3,'App\\Models\\User',73),
	(3,'App\\Models\\User',75),
	(3,'App\\Models\\User',76),
	(3,'App\\Models\\User',77),
	(3,'App\\Models\\User',78),
	(3,'App\\Models\\User',79),
	(3,'App\\Models\\User',80),
	(3,'App\\Models\\User',81),
	(3,'App\\Models\\User',82),
	(3,'App\\Models\\User',84),
	(3,'App\\Models\\User',85),
	(3,'App\\Models\\User',86),
	(3,'App\\Models\\User',87),
	(3,'App\\Models\\User',88),
	(3,'App\\Models\\User',89),
	(3,'App\\Models\\User',90),
	(3,'App\\Models\\User',91),
	(3,'App\\Models\\User',93),
	(3,'App\\Models\\User',95),
	(3,'App\\Models\\User',96),
	(3,'App\\Models\\User',97),
	(3,'App\\Models\\User',98),
	(3,'App\\Models\\User',99),
	(3,'App\\Models\\User',100),
	(3,'App\\Models\\User',101),
	(3,'App\\Models\\User',102),
	(3,'App\\Models\\User',103),
	(3,'App\\Models\\User',104),
	(3,'App\\Models\\User',105),
	(3,'App\\Models\\User',106),
	(3,'App\\Models\\User',107),
	(3,'App\\Models\\User',108),
	(3,'App\\Models\\User',109),
	(3,'App\\Models\\User',110),
	(3,'App\\Models\\User',111),
	(3,'App\\Models\\User',112),
	(3,'App\\Models\\User',113),
	(3,'App\\Models\\User',114),
	(3,'App\\Models\\User',115),
	(3,'App\\Models\\User',116),
	(3,'App\\Models\\User',117),
	(3,'App\\Models\\User',118),
	(3,'App\\Models\\User',120),
	(3,'App\\Models\\User',123),
	(3,'App\\Models\\User',124),
	(3,'App\\Models\\User',125),
	(3,'App\\Models\\User',126),
	(3,'App\\Models\\User',127),
	(3,'App\\Models\\User',128),
	(3,'App\\Models\\User',130),
	(3,'App\\Models\\User',131),
	(3,'App\\Models\\User',132),
	(3,'App\\Models\\User',133),
	(3,'App\\Models\\User',134),
	(3,'App\\Models\\User',135),
	(3,'App\\Models\\User',136),
	(3,'App\\Models\\User',137),
	(3,'App\\Models\\User',138),
	(3,'App\\Models\\User',139),
	(3,'App\\Models\\User',140),
	(3,'App\\Models\\User',141),
	(3,'App\\Models\\User',142),
	(3,'App\\Models\\User',143),
	(3,'App\\Models\\User',144),
	(3,'App\\Models\\User',145),
	(3,'App\\Models\\User',150),
	(3,'App\\Models\\User',151),
	(3,'App\\Models\\User',153),
	(3,'App\\Models\\User',154),
	(3,'App\\Models\\User',155),
	(3,'App\\Models\\User',156),
	(3,'App\\Models\\User',160),
	(3,'App\\Models\\User',163),
	(3,'App\\Models\\User',164),
	(3,'App\\Models\\User',168),
	(3,'App\\Models\\User',169),
	(3,'App\\Models\\User',170),
	(3,'App\\Models\\User',171),
	(3,'App\\Models\\User',172),
	(3,'App\\Models\\User',175),
	(3,'App\\Models\\User',176),
	(3,'App\\Models\\User',177),
	(3,'App\\Models\\User',178),
	(3,'App\\Models\\User',179),
	(3,'App\\Models\\User',180),
	(3,'App\\Models\\User',181),
	(3,'App\\Models\\User',182),
	(3,'App\\Models\\User',184),
	(3,'App\\Models\\User',188),
	(3,'App\\Models\\User',189),
	(3,'App\\Models\\User',191),
	(3,'App\\Models\\User',192),
	(3,'App\\Models\\User',193),
	(3,'App\\Models\\User',195),
	(3,'App\\Models\\User',196),
	(3,'App\\Models\\User',197),
	(3,'App\\Models\\User',198),
	(3,'App\\Models\\User',199),
	(3,'App\\Models\\User',200),
	(3,'App\\Models\\User',201),
	(3,'App\\Models\\User',202),
	(3,'App\\Models\\User',203),
	(3,'App\\Models\\User',204),
	(3,'App\\Models\\User',205),
	(3,'App\\Models\\User',206),
	(3,'App\\Models\\User',207),
	(3,'App\\Models\\User',208),
	(3,'App\\Models\\User',209),
	(3,'App\\Models\\User',210),
	(3,'App\\Models\\User',211),
	(3,'App\\Models\\User',212),
	(3,'App\\Models\\User',213),
	(3,'App\\Models\\User',214),
	(3,'App\\Models\\User',215),
	(3,'App\\Models\\User',216),
	(3,'App\\Models\\User',217),
	(3,'App\\Models\\User',218),
	(3,'App\\Models\\User',219),
	(3,'App\\Models\\User',220),
	(3,'App\\Models\\User',221),
	(3,'App\\Models\\User',222),
	(3,'App\\Models\\User',223),
	(3,'App\\Models\\User',224),
	(3,'App\\Models\\User',225),
	(3,'App\\Models\\User',226),
	(3,'App\\Models\\User',227),
	(3,'App\\Models\\User',228),
	(3,'App\\Models\\User',229),
	(3,'App\\Models\\User',230),
	(3,'App\\Models\\User',231),
	(3,'App\\Models\\User',232),
	(3,'App\\Models\\User',233),
	(3,'App\\Models\\User',234),
	(3,'App\\Models\\User',235),
	(3,'App\\Models\\User',236),
	(3,'App\\Models\\User',237),
	(3,'App\\Models\\User',238),
	(3,'App\\Models\\User',239),
	(3,'App\\Models\\User',240),
	(3,'App\\Models\\User',241),
	(3,'App\\Models\\User',242),
	(3,'App\\Models\\User',243),
	(3,'App\\Models\\User',244),
	(3,'App\\Models\\User',245),
	(3,'App\\Models\\User',246),
	(3,'App\\Models\\User',247),
	(3,'App\\Models\\User',248),
	(3,'App\\Models\\User',249),
	(3,'App\\Models\\User',250),
	(3,'App\\Models\\User',251),
	(3,'App\\Models\\User',252),
	(3,'App\\Models\\User',253),
	(3,'App\\Models\\User',254),
	(3,'App\\Models\\User',255),
	(3,'App\\Models\\User',257),
	(3,'App\\Models\\User',258),
	(3,'App\\Models\\User',262),
	(3,'App\\Models\\User',263),
	(3,'App\\Models\\User',265),
	(3,'App\\Models\\User',266),
	(3,'App\\Models\\User',267),
	(3,'App\\Models\\User',268),
	(3,'App\\Models\\User',269),
	(3,'App\\Models\\User',270),
	(3,'App\\Models\\User',271),
	(3,'App\\Models\\User',272),
	(3,'App\\Models\\User',273),
	(3,'App\\Models\\User',274),
	(3,'App\\Models\\User',276),
	(3,'App\\Models\\User',277),
	(3,'App\\Models\\User',278),
	(3,'App\\Models\\User',279),
	(3,'App\\Models\\User',280),
	(3,'App\\Models\\User',281),
	(3,'App\\Models\\User',282),
	(3,'App\\Models\\User',283),
	(3,'App\\Models\\User',284),
	(3,'App\\Models\\User',285),
	(3,'App\\Models\\User',286),
	(3,'App\\Models\\User',287),
	(3,'App\\Models\\User',288),
	(3,'App\\Models\\User',289),
	(3,'App\\Models\\User',290),
	(3,'App\\Models\\User',291),
	(3,'App\\Models\\User',292),
	(3,'App\\Models\\User',293),
	(3,'App\\Models\\User',294),
	(3,'App\\Models\\User',296),
	(3,'App\\Models\\User',297),
	(3,'App\\Models\\User',298),
	(3,'App\\Models\\User',300),
	(3,'App\\Models\\User',301),
	(3,'App\\Models\\User',304),
	(3,'App\\Models\\User',305),
	(3,'App\\Models\\User',307),
	(3,'App\\Models\\User',308),
	(3,'App\\Models\\User',309),
	(3,'App\\Models\\User',313),
	(3,'App\\Models\\User',314),
	(3,'App\\Models\\User',315),
	(3,'App\\Models\\User',316),
	(3,'App\\Models\\User',317),
	(3,'App\\Models\\User',318),
	(3,'App\\Models\\User',319),
	(3,'App\\Models\\User',320),
	(3,'App\\Models\\User',321),
	(3,'App\\Models\\User',322),
	(3,'App\\Models\\User',323),
	(3,'App\\Models\\User',324),
	(3,'App\\Models\\User',325),
	(3,'App\\Models\\User',326),
	(3,'App\\Models\\User',327),
	(3,'App\\Models\\User',328),
	(3,'App\\Models\\User',329),
	(3,'App\\Models\\User',330),
	(3,'App\\Models\\User',331),
	(3,'App\\Models\\User',332),
	(3,'App\\Models\\User',333),
	(3,'App\\Models\\User',334),
	(3,'App\\Models\\User',335),
	(3,'App\\Models\\User',336),
	(3,'App\\Models\\User',337),
	(3,'App\\Models\\User',338),
	(3,'App\\Models\\User',339),
	(3,'App\\Models\\User',340),
	(3,'App\\Models\\User',341),
	(3,'App\\Models\\User',342),
	(3,'App\\Models\\User',343),
	(3,'App\\Models\\User',344),
	(3,'App\\Models\\User',345),
	(3,'App\\Models\\User',346),
	(3,'App\\Models\\User',348),
	(3,'App\\Models\\User',349),
	(3,'App\\Models\\User',350),
	(3,'App\\Models\\User',352),
	(3,'App\\Models\\User',353),
	(3,'App\\Models\\User',354),
	(3,'App\\Models\\User',355),
	(3,'App\\Models\\User',356),
	(3,'App\\Models\\User',357),
	(3,'App\\Models\\User',358),
	(3,'App\\Models\\User',359),
	(3,'App\\Models\\User',361),
	(3,'App\\Models\\User',362),
	(3,'App\\Models\\User',363),
	(3,'App\\Models\\User',364),
	(3,'App\\Models\\User',365),
	(3,'App\\Models\\User',366),
	(3,'App\\Models\\User',367),
	(3,'App\\Models\\User',368),
	(3,'App\\Models\\User',369),
	(3,'App\\Models\\User',375),
	(3,'App\\Models\\User',376),
	(3,'App\\Models\\User',381),
	(3,'App\\Models\\User',382),
	(3,'App\\Models\\User',384),
	(4,'App\\Models\\User',21),
	(4,'App\\Models\\User',28),
	(4,'App\\Models\\User',68),
	(4,'App\\Models\\User',83),
	(4,'App\\Models\\User',92),
	(4,'App\\Models\\User',121),
	(4,'App\\Models\\User',122),
	(4,'App\\Models\\User',157),
	(4,'App\\Models\\User',185),
	(4,'App\\Models\\User',186),
	(4,'App\\Models\\User',260),
	(4,'App\\Models\\User',295),
	(4,'App\\Models\\User',302),
	(4,'App\\Models\\User',303),
	(4,'App\\Models\\User',310),
	(4,'App\\Models\\User',311),
	(4,'App\\Models\\User',312),
	(5,'App\\Models\\User',3),
	(5,'App\\Models\\User',52),
	(5,'App\\Models\\User',147),
	(5,'App\\Models\\User',149),
	(5,'App\\Models\\User',183),
	(5,'App\\Models\\User',259),
	(5,'App\\Models\\User',306),
	(5,'App\\Models\\User',347),
	(6,'App\\Models\\User',146),
	(8,'App\\Models\\User',11),
	(8,'App\\Models\\User',12),
	(8,'App\\Models\\User',74),
	(8,'App\\Models\\User',94),
	(8,'App\\Models\\User',119),
	(8,'App\\Models\\User',129),
	(8,'App\\Models\\User',152),
	(8,'App\\Models\\User',158),
	(8,'App\\Models\\User',165),
	(8,'App\\Models\\User',256),
	(8,'App\\Models\\User',261),
	(8,'App\\Models\\User',264),
	(8,'App\\Models\\User',275),
	(8,'App\\Models\\User',299),
	(8,'App\\Models\\User',351),
	(8,'App\\Models\\User',360),
	(8,'App\\Models\\User',370),
	(8,'App\\Models\\User',371),
	(9,'App\\Models\\User',53),
	(9,'App\\Models\\User',161),
	(9,'App\\Models\\User',173),
	(9,'App\\Models\\User',187),
	(11,'App\\Models\\User',162),
	(12,'App\\Models\\User',174);

/*!40000 ALTER TABLE `model_has_roles` ENABLE KEYS */;
UNLOCK TABLES;


# Dump of table mutations
# ------------------------------------------------------------

DROP TABLE IF EXISTS `mutations`;

CREATE TABLE `mutations` (
  `id` bigint(20) unsigned NOT NULL AUTO_INCREMENT,
  `employee_id` int(11) NOT NULL,
  `date` date NOT NULL,
  `before_id` int(11) NOT NULL,
  `become_id` int(11) NOT NULL,
  `desc` varchar(255) NOT NULL,
  `created_at` timestamp NULL DEFAULT NULL,
  `updated_at` timestamp NULL DEFAULT NULL,
  PRIMARY KEY (`id`)
) ENGINE=InnoDB DEFAULT CHARSET=utf8mb4 COLLATE=utf8mb4_unicode_ci;

LOCK TABLES `mutations` WRITE;
/*!40000 ALTER TABLE `mutations` DISABLE KEYS */;

INSERT INTO `mutations` (`id`, `employee_id`, `date`, `before_id`, `become_id`, `desc`, `created_at`, `updated_at`)
VALUES
	(3,17,'2024-06-04',9,10,'Lebih maksimal di pusat','2024-06-26 13:58:46','2024-06-26 13:58:46'),
	(4,17,'2024-06-22',11,12,'Agar belajar lebih banyak','2024-06-26 15:04:27','2024-06-26 15:04:27'),
	(5,17,'2024-06-22',13,14,'Agar belajar lebih banyak','2024-06-26 15:05:31','2024-06-26 15:05:31'),
	(6,17,'2024-07-01',15,16,'efisiensi','2024-07-01 15:15:32','2024-07-01 15:15:32');

/*!40000 ALTER TABLE `mutations` ENABLE KEYS */;
UNLOCK TABLES;


# Dump of table overtimes
# ------------------------------------------------------------

DROP TABLE IF EXISTS `overtimes`;

CREATE TABLE `overtimes` (
  `id` bigint(20) unsigned NOT NULL AUTO_INCREMENT,
  `employee_id` int(11) NOT NULL,
  `spkl_id` int(11) DEFAULT NULL,
  `date` date NOT NULL,
  `hour` time NOT NULL,
  `rate` int(11) DEFAULT NULL,
  `created_at` timestamp NULL DEFAULT NULL,
  `updated_at` timestamp NULL DEFAULT NULL,
  PRIMARY KEY (`id`)
) ENGINE=InnoDB DEFAULT CHARSET=utf8mb4 COLLATE=utf8mb4_unicode_ci;



# Dump of table password_resets
# ------------------------------------------------------------

DROP TABLE IF EXISTS `password_resets`;

CREATE TABLE `password_resets` (
  `email` varchar(255) NOT NULL,
  `token` varchar(255) NOT NULL,
  `created_at` timestamp NULL DEFAULT NULL,
  KEY `password_resets_email_index` (`email`)
) ENGINE=InnoDB DEFAULT CHARSET=utf8mb4 COLLATE=utf8mb4_unicode_ci;



# Dump of table pe_behavior_apprasial_details
# ------------------------------------------------------------

DROP TABLE IF EXISTS `pe_behavior_apprasial_details`;

CREATE TABLE `pe_behavior_apprasial_details` (
  `id` bigint(20) unsigned NOT NULL AUTO_INCREMENT,
  `pba_id` bigint(20) NOT NULL,
  `behavior_id` bigint(20) DEFAULT NULL,
  `value` decimal(6,2) NOT NULL DEFAULT 0.00,
  `achievement` int(11) NOT NULL DEFAULT 0,
  `created_at` timestamp NULL DEFAULT NULL,
  `updated_at` timestamp NULL DEFAULT NULL,
  PRIMARY KEY (`id`)
) ENGINE=InnoDB DEFAULT CHARSET=utf8mb4 COLLATE=utf8mb4_unicode_ci;

LOCK TABLES `pe_behavior_apprasial_details` WRITE;
/*!40000 ALTER TABLE `pe_behavior_apprasial_details` DISABLE KEYS */;

INSERT INTO `pe_behavior_apprasial_details` (`id`, `pba_id`, `behavior_id`, `value`, `achievement`, `created_at`, `updated_at`)
VALUES
	(1,1,1,4.00,5,'2024-06-06 15:53:47','2024-06-06 15:53:47'),
	(2,1,2,3.00,4,'2024-06-06 15:53:47','2024-06-06 15:53:47'),
	(3,1,3,4.00,5,'2024-06-06 15:53:47','2024-06-06 15:53:47'),
	(4,2,1,3.00,4,'2024-06-09 11:34:08','2024-06-09 11:34:08'),
	(5,2,2,3.00,4,'2024-06-09 11:34:08','2024-06-09 11:34:08'),
	(6,2,3,3.00,4,'2024-06-09 11:34:08','2024-06-09 11:34:08'),
	(7,3,1,4.00,5,'2024-07-05 11:28:22','2024-07-05 11:28:22'),
	(8,3,2,3.00,4,'2024-07-05 11:28:22','2024-07-05 11:28:22'),
	(9,3,3,3.00,4,'2024-07-05 11:28:22','2024-07-05 11:28:22'),
	(10,4,1,3.00,4,'2024-07-08 23:21:28','2024-07-08 23:21:28'),
	(11,4,2,4.00,5,'2024-07-08 23:21:28','2024-07-08 23:21:28'),
	(12,4,3,4.00,5,'2024-07-08 23:21:28','2024-07-08 23:21:28'),
	(13,5,1,4.00,5,'2024-07-09 09:55:14','2024-07-09 09:55:14'),
	(14,5,2,4.00,5,'2024-07-09 09:55:14','2024-07-09 09:55:14'),
	(15,5,3,3.00,4,'2024-07-09 09:55:14','2024-07-09 09:55:14');

/*!40000 ALTER TABLE `pe_behavior_apprasial_details` ENABLE KEYS */;
UNLOCK TABLES;


# Dump of table pe_behavior_apprasials
# ------------------------------------------------------------

DROP TABLE IF EXISTS `pe_behavior_apprasials`;

CREATE TABLE `pe_behavior_apprasials` (
  `id` bigint(20) unsigned NOT NULL AUTO_INCREMENT,
  `pe_id` bigint(20) NOT NULL,
  `achievement` int(11) NOT NULL DEFAULT 0,
  `weight` int(11) NOT NULL DEFAULT 0,
  `contribute_to_pe` int(11) NOT NULL DEFAULT 0,
  `status` varchar(3) NOT NULL DEFAULT '0',
  `created_by` varchar(255) DEFAULT NULL,
  `created_at` timestamp NULL DEFAULT NULL,
  `updated_at` timestamp NULL DEFAULT NULL,
  PRIMARY KEY (`id`)
) ENGINE=InnoDB DEFAULT CHARSET=utf8mb4 COLLATE=utf8mb4_unicode_ci;

LOCK TABLES `pe_behavior_apprasials` WRITE;
/*!40000 ALTER TABLE `pe_behavior_apprasials` DISABLE KEYS */;

INSERT INTO `pe_behavior_apprasials` (`id`, `pe_id`, `achievement`, `weight`, `contribute_to_pe`, `status`, `created_by`, `created_at`, `updated_at`)
VALUES
	(1,5,14,15,14,'2',NULL,'2024-06-06 15:53:47','2024-06-07 14:21:38'),
	(2,6,12,15,12,'2',NULL,'2024-06-09 11:34:08','2024-07-01 15:31:13'),
	(3,8,13,15,13,'1',NULL,'2024-07-05 11:28:22','2024-07-05 15:19:41'),
	(4,7,14,15,14,'2',NULL,'2024-07-08 23:21:28','2024-07-08 23:30:24'),
	(5,10,14,15,14,'2',NULL,'2024-07-09 09:55:14','2024-07-09 10:00:30');

/*!40000 ALTER TABLE `pe_behavior_apprasials` ENABLE KEYS */;
UNLOCK TABLES;


# Dump of table pe_behavior_points
# ------------------------------------------------------------

DROP TABLE IF EXISTS `pe_behavior_points`;

CREATE TABLE `pe_behavior_points` (
  `id` tinyint(3) unsigned NOT NULL AUTO_INCREMENT,
  `behavior_id` bigint(20) NOT NULL,
  `point` int(11) NOT NULL,
  `keterangan` text DEFAULT NULL,
  `created_at` timestamp NULL DEFAULT NULL,
  `updated_at` timestamp NULL DEFAULT NULL,
  PRIMARY KEY (`id`)
) ENGINE=InnoDB DEFAULT CHARSET=utf8mb4 COLLATE=utf8mb4_unicode_ci;



# Dump of table pe_behaviors
# ------------------------------------------------------------

DROP TABLE IF EXISTS `pe_behaviors`;

CREATE TABLE `pe_behaviors` (
  `id` tinyint(3) unsigned NOT NULL AUTO_INCREMENT,
  `objective` varchar(50) NOT NULL,
  `description` text DEFAULT NULL,
  `bobot` tinyint(4) NOT NULL DEFAULT 0,
  `priode` varchar(50) DEFAULT NULL,
  `level` varchar(3) NOT NULL DEFAULT 's',
  `created_at` timestamp NULL DEFAULT NULL,
  `updated_at` timestamp NULL DEFAULT NULL,
  PRIMARY KEY (`id`)
) ENGINE=InnoDB DEFAULT CHARSET=utf8mb4 COLLATE=utf8mb4_unicode_ci;

LOCK TABLES `pe_behaviors` WRITE;
/*!40000 ALTER TABLE `pe_behaviors` DISABLE KEYS */;

INSERT INTO `pe_behaviors` (`id`, `objective`, `description`, `bobot`, `priode`, `level`, `created_at`, `updated_at`)
VALUES
	(1,'Kreatif dan Inovasi','Memberikan ide, inovasi terkait lingkup pekerjaan dalam departemen',5,'Semester','s','2024-05-29 04:35:45','2024-05-29 04:35:45'),
	(2,'Kerjasama','kemampuan untuk melakukan koordinasi dan komunikasi dengan berbagai pihak yang terkait;  merumuskan tujuan bersama dan berbagi tugas untuk mencapai sasaran kerja yang telah ditetapkan; serta saling menghargai pendapat dan masukan guna peningkatan kinerja tim',5,'Semester','s','2024-05-29 04:35:45','2024-05-29 04:35:45'),
	(3,'Inisiatif','kemampuan untuk menjalankan inisiatif perbaikan mutu kerja tanpa harus diperintah; bersikap proaktif dan memiliki self-motivation yang tinggi untuk menuntaskan pekerjaan; serta mampu dalam mengajukan usulan/masukan untuk peningkatan mutu kerja',5,'Semester','s','2024-05-29 04:35:45','2024-05-29 04:35:45'),
	(4,'Leadership','Kemampuan untuk menetapkan dan mengkomunikasikan sasaran kerja tim, mengelola dan membagi sumber daya tim secara efektif; serta melakukan monitoring dan mengarahkan agar sasaran kinerja tim dapat tercapai secara optimal',5,'Semester','l','2024-05-29 04:35:45','2024-05-29 04:35:45'),
	(5,'Perencanaan Kerja','Kemampuan untuk menyusun rencana kerja secara sistematis dan terjadwal dengan baik; melakukan alokasi sumber daya berdasarkan hasil perencanaan; serta melakukan monitoring untuk memastikan rencana kerja dapat berjalan dengan efektif',5,'Semester','l','2024-05-29 04:35:45','2024-05-29 04:35:45'),
	(6,'Komunikasi','Kemampuan untuk mengutarakan pikirannya (baik secara lisan ataupun tertulis) dalam bahasa yang sistematis, jelas dan mudah dipahami oleh lawan bicara. Mampu menerima dan merespon pembicaraan dari pihak lain dengan baik',5,'Semester','l','2024-05-29 04:35:46','2024-05-29 04:35:46'),
	(7,'Kemampuan Memecahkan Masalah','Kemampuan untuk menganalisa masalah, mengidentifikasi sumber penyebab masalah dan merumuskan alternatif solusi yang relevan dan aplicable',5,'Semester','l','2024-05-29 04:35:46','2024-05-29 04:35:46');

/*!40000 ALTER TABLE `pe_behaviors` ENABLE KEYS */;
UNLOCK TABLES;


# Dump of table pe_component_fors
# ------------------------------------------------------------

DROP TABLE IF EXISTS `pe_component_fors`;

CREATE TABLE `pe_component_fors` (
  `id` smallint(5) unsigned NOT NULL AUTO_INCREMENT,
  `group_id` tinyint(4) NOT NULL,
  `designation_id` tinyint(4) NOT NULL,
  `created_at` timestamp NULL DEFAULT NULL,
  `updated_at` timestamp NULL DEFAULT NULL,
  PRIMARY KEY (`id`)
) ENGINE=InnoDB DEFAULT CHARSET=utf8mb4 COLLATE=utf8mb4_unicode_ci;

LOCK TABLES `pe_component_fors` WRITE;
/*!40000 ALTER TABLE `pe_component_fors` DISABLE KEYS */;

INSERT INTO `pe_component_fors` (`id`, `group_id`, `designation_id`, `created_at`, `updated_at`)
VALUES
	(1,1,1,'2024-06-05 15:32:40','2024-06-05 15:32:40'),
	(2,1,2,'2024-06-05 15:32:40','2024-06-05 15:32:40'),
	(3,2,3,'2024-06-05 15:32:40','2024-06-05 15:32:40'),
	(4,2,4,'2024-06-05 15:32:40','2024-06-05 15:32:40'),
	(5,2,5,'2024-06-05 15:32:40','2024-06-05 15:32:40'),
	(6,2,6,'2024-06-05 15:32:40','2024-06-05 15:32:40'),
	(7,2,7,'2024-06-05 15:32:40','2024-06-05 15:32:40');

/*!40000 ALTER TABLE `pe_component_fors` ENABLE KEYS */;
UNLOCK TABLES;


# Dump of table pe_component_groups
# ------------------------------------------------------------

DROP TABLE IF EXISTS `pe_component_groups`;

CREATE TABLE `pe_component_groups` (
  `id` tinyint(3) unsigned NOT NULL AUTO_INCREMENT,
  `name` varchar(255) NOT NULL,
  `created_at` timestamp NULL DEFAULT NULL,
  `updated_at` timestamp NULL DEFAULT NULL,
  PRIMARY KEY (`id`)
) ENGINE=InnoDB DEFAULT CHARSET=utf8mb4 COLLATE=utf8mb4_unicode_ci;

LOCK TABLES `pe_component_groups` WRITE;
/*!40000 ALTER TABLE `pe_component_groups` DISABLE KEYS */;

INSERT INTO `pe_component_groups` (`id`, `name`, `created_at`, `updated_at`)
VALUES
	(1,'Komponen Staff','2024-06-05 15:32:40','2024-06-05 15:32:40'),
	(2,'Komponen Leader','2024-06-05 15:32:40','2024-06-05 15:32:40');

/*!40000 ALTER TABLE `pe_component_groups` ENABLE KEYS */;
UNLOCK TABLES;


# Dump of table pe_components
# ------------------------------------------------------------

DROP TABLE IF EXISTS `pe_components`;

CREATE TABLE `pe_components` (
  `id` tinyint(3) unsigned NOT NULL AUTO_INCREMENT,
  `name` varchar(255) NOT NULL,
  `weight` int(11) NOT NULL,
  `table` varchar(255) DEFAULT NULL,
  `group_id` tinyint(4) DEFAULT NULL,
  `created_at` timestamp NULL DEFAULT NULL,
  `updated_at` timestamp NULL DEFAULT NULL,
  PRIMARY KEY (`id`)
) ENGINE=InnoDB DEFAULT CHARSET=utf8mb4 COLLATE=utf8mb4_unicode_ci;

LOCK TABLES `pe_components` WRITE;
/*!40000 ALTER TABLE `pe_components` DISABLE KEYS */;

INSERT INTO `pe_components` (`id`, `name`, `weight`, `table`, `group_id`, `created_at`, `updated_at`)
VALUES
	(1,'Discipline',15,NULL,1,'2024-06-05 15:32:40','2024-06-05 15:32:40'),
	(2,'KPI',70,NULL,1,'2024-06-05 15:32:40','2024-06-05 15:32:40'),
	(3,'Behavior',15,NULL,1,'2024-06-05 15:32:40','2024-06-05 15:32:40'),
	(4,'Discipline',10,NULL,2,'2024-06-05 15:32:40','2024-06-05 15:32:40'),
	(5,'KPI',70,NULL,2,'2024-06-05 15:32:40','2024-06-05 15:32:40'),
	(6,'Behavior',20,NULL,2,'2024-06-05 15:32:40','2024-06-05 15:32:40');

/*!40000 ALTER TABLE `pe_components` ENABLE KEYS */;
UNLOCK TABLES;


# Dump of table pe_discipline_details
# ------------------------------------------------------------

DROP TABLE IF EXISTS `pe_discipline_details`;

CREATE TABLE `pe_discipline_details` (
  `id` bigint(20) unsigned NOT NULL AUTO_INCREMENT,
  `pd_id` bigint(20) NOT NULL,
  `employe_id` bigint(20) NOT NULL,
  `bulan` varchar(2) DEFAULT NULL,
  `tahun` varchar(4) DEFAULT NULL,
  `alpa` tinyint(3) unsigned NOT NULL DEFAULT 0,
  `ijin` tinyint(3) unsigned NOT NULL DEFAULT 0,
  `terlambat` tinyint(3) unsigned NOT NULL DEFAULT 0,
  `achievement` tinyint(3) unsigned NOT NULL DEFAULT 1,
  `status` varchar(3) NOT NULL DEFAULT '0',
  `created_at` timestamp NULL DEFAULT NULL,
  `updated_at` timestamp NULL DEFAULT NULL,
  PRIMARY KEY (`id`)
) ENGINE=InnoDB DEFAULT CHARSET=utf8mb4 COLLATE=utf8mb4_unicode_ci;

LOCK TABLES `pe_discipline_details` WRITE;
/*!40000 ALTER TABLE `pe_discipline_details` DISABLE KEYS */;

INSERT INTO `pe_discipline_details` (`id`, `pd_id`, `employe_id`, `bulan`, `tahun`, `alpa`, `ijin`, `terlambat`, `achievement`, `status`, `created_at`, `updated_at`)
VALUES
	(1,1,4,'6','2024',0,0,2,3,'0','2024-06-06 15:42:55','2024-06-06 15:42:55'),
	(2,1,4,'5','2024',1,0,0,2,'0','2024-06-06 15:42:55','2024-06-06 15:42:55'),
	(3,1,4,'4','2024',0,0,0,4,'0','2024-06-06 15:42:55','2024-06-06 15:42:55'),
	(4,1,4,'3','2024',0,0,0,4,'0','2024-06-06 15:42:55','2024-06-06 15:42:55'),
	(5,1,4,'2','2024',0,1,0,3,'0','2024-06-06 15:42:55','2024-06-06 15:42:55'),
	(6,1,4,'1','2024',0,0,0,4,'0','2024-06-06 15:42:55','2024-06-06 15:42:55'),
	(7,2,3,'1','2024',0,0,0,4,'0','2024-07-01 15:24:33','2024-07-01 15:24:33'),
	(8,2,3,'2','2024',1,0,0,2,'0','2024-07-01 15:24:33','2024-07-01 15:24:33'),
	(9,2,3,'3','2024',0,0,0,4,'0','2024-07-01 15:24:33','2024-07-01 15:24:33'),
	(10,2,3,'4','2024',0,0,0,4,'0','2024-07-01 15:24:33','2024-07-01 15:24:33'),
	(11,2,3,'5','2024',0,0,0,4,'0','2024-07-01 15:24:33','2024-07-01 15:24:33'),
	(12,2,3,'6','2024',0,0,0,4,'0','2024-07-01 15:24:33','2024-07-01 15:24:33'),
	(13,4,5,'7','2024',0,0,0,4,'0','2024-07-05 15:19:12','2024-07-05 15:19:12'),
	(14,4,5,'8','2024',1,0,0,2,'0','2024-07-05 15:19:12','2024-07-05 15:19:12'),
	(15,4,5,'9','2024',0,0,0,4,'0','2024-07-05 15:19:12','2024-07-05 15:19:12'),
	(16,4,5,'10','2024',0,0,0,4,'0','2024-07-05 15:19:13','2024-07-05 15:19:13'),
	(17,4,5,'11','2024',0,0,0,4,'0','2024-07-05 15:19:13','2024-07-05 15:19:13'),
	(18,4,5,'12','2024',0,0,0,4,'0','2024-07-05 15:19:13','2024-07-05 15:19:13'),
	(19,3,4,'7','2024',0,0,0,4,'0','2024-07-08 23:22:23','2024-07-08 23:22:23'),
	(20,3,4,'8','2024',1,0,0,2,'0','2024-07-08 23:22:23','2024-07-08 23:22:23'),
	(21,3,4,'9','2024',0,0,0,4,'0','2024-07-08 23:22:23','2024-07-08 23:22:23'),
	(22,3,4,'10','2024',0,0,0,4,'0','2024-07-08 23:22:23','2024-07-08 23:22:23'),
	(23,3,4,'11','2024',0,0,0,4,'0','2024-07-08 23:22:23','2024-07-08 23:22:23'),
	(24,3,4,'12','2024',0,0,0,4,'0','2024-07-08 23:22:23','2024-07-08 23:22:23'),
	(25,5,19,'7','2024',0,0,0,4,'0','2024-07-08 23:44:37','2024-07-08 23:44:37'),
	(26,5,19,'8','2024',1,0,0,2,'0','2024-07-08 23:44:37','2024-07-08 23:44:37'),
	(27,5,19,'9','2024',0,0,0,4,'0','2024-07-08 23:44:37','2024-07-08 23:44:37'),
	(28,5,19,'10','2024',0,0,0,4,'0','2024-07-08 23:44:37','2024-07-08 23:44:37'),
	(29,5,19,'11','2024',0,0,0,4,'0','2024-07-08 23:44:37','2024-07-08 23:44:37'),
	(30,5,19,'12','2024',0,0,0,4,'0','2024-07-08 23:44:37','2024-07-08 23:44:37'),
	(31,6,18,'1','2024',0,0,0,4,'0','2024-07-09 09:56:48','2024-07-09 09:56:48'),
	(32,6,18,'2','2024',1,0,0,2,'0','2024-07-09 09:56:48','2024-07-09 09:56:48'),
	(33,6,18,'3','2024',0,0,0,4,'0','2024-07-09 09:56:48','2024-07-09 09:56:48'),
	(34,6,18,'4','2024',0,0,0,4,'0','2024-07-09 09:56:48','2024-07-09 09:56:48'),
	(35,6,18,'5','2024',0,0,0,4,'0','2024-07-09 09:56:48','2024-07-09 09:56:48'),
	(36,6,18,'6','2024',0,0,0,4,'0','2024-07-09 09:56:48','2024-07-09 09:56:48');

/*!40000 ALTER TABLE `pe_discipline_details` ENABLE KEYS */;
UNLOCK TABLES;


# Dump of table pe_disciplines
# ------------------------------------------------------------

DROP TABLE IF EXISTS `pe_disciplines`;

CREATE TABLE `pe_disciplines` (
  `id` bigint(20) unsigned NOT NULL AUTO_INCREMENT,
  `pe_id` bigint(20) DEFAULT NULL,
  `employe_id` bigint(20) NOT NULL,
  `date` date DEFAULT NULL,
  `bulan` varchar(2) DEFAULT NULL,
  `tahun` varchar(4) DEFAULT NULL,
  `semester` varchar(1) DEFAULT NULL,
  `alpa` tinyint(3) unsigned NOT NULL DEFAULT 0,
  `ijin` tinyint(3) unsigned NOT NULL DEFAULT 0,
  `terlambat` tinyint(3) unsigned NOT NULL DEFAULT 0,
  `achievement` decimal(3,2) NOT NULL DEFAULT 1.00,
  `weight` int(11) NOT NULL DEFAULT 0,
  `contribute_to_pe` int(11) NOT NULL DEFAULT 0,
  `status` varchar(3) NOT NULL DEFAULT '0',
  `created_at` timestamp NULL DEFAULT NULL,
  `updated_at` timestamp NULL DEFAULT NULL,
  PRIMARY KEY (`id`)
) ENGINE=InnoDB DEFAULT CHARSET=utf8mb4 COLLATE=utf8mb4_unicode_ci;

LOCK TABLES `pe_disciplines` WRITE;
/*!40000 ALTER TABLE `pe_disciplines` DISABLE KEYS */;

INSERT INTO `pe_disciplines` (`id`, `pe_id`, `employe_id`, `date`, `bulan`, `tahun`, `semester`, `alpa`, `ijin`, `terlambat`, `achievement`, `weight`, `contribute_to_pe`, `status`, `created_at`, `updated_at`)
VALUES
	(1,5,4,NULL,NULL,'2024','1',1,1,2,3.33,15,13,'2','2024-06-06 15:28:27','2024-06-07 14:21:38'),
	(2,6,3,NULL,NULL,'2024','1',1,0,0,3.67,15,14,'2','2024-06-09 11:32:54','2024-07-01 15:31:13'),
	(3,7,4,NULL,NULL,'2024','2',1,0,0,3.67,15,14,'2','2024-07-05 11:18:08','2024-07-08 23:30:24'),
	(4,8,5,NULL,NULL,'2024','2',1,0,0,3.67,15,14,'1','2024-07-05 11:19:55','2024-07-05 15:19:41'),
	(5,9,19,NULL,NULL,'2024','2',1,0,0,3.67,15,14,'0','2024-07-05 15:00:21','2024-07-08 23:44:37'),
	(6,11,18,NULL,NULL,'2024','1',1,0,0,3.67,15,14,'2','2024-07-09 09:55:01','2024-07-09 10:07:59');

/*!40000 ALTER TABLE `pe_disciplines` ENABLE KEYS */;
UNLOCK TABLES;


# Dump of table pe_kpas
# ------------------------------------------------------------

DROP TABLE IF EXISTS `pe_kpas`;

CREATE TABLE `pe_kpas` (
  `id` bigint(20) unsigned NOT NULL AUTO_INCREMENT,
  `pe_id` bigint(20) NOT NULL,
  `kpi_id` int(11) NOT NULL,
  `employe_id` bigint(20) NOT NULL,
  `achievement` int(11) NOT NULL DEFAULT 0,
  `weight` tinyint(4) NOT NULL DEFAULT 0,
  `contribute_to_pe` tinyint(4) NOT NULL DEFAULT 0,
  `date` date NOT NULL,
  `is_semester` varchar(1) NOT NULL DEFAULT '0',
  `semester` varchar(1) DEFAULT NULL,
  `tahun` varchar(4) DEFAULT NULL,
  `status` varchar(3) NOT NULL DEFAULT '0',
  `alasan_reject` text DEFAULT NULL,
  `release_at` datetime DEFAULT NULL,
  `resend_at` datetime DEFAULT NULL,
  `verifikasi_at` datetime DEFAULT NULL,
  `validasi_at` datetime DEFAULT NULL,
  `created_by` varchar(255) DEFAULT NULL,
  `verifikasi_by` varchar(255) DEFAULT NULL,
  `validasi_by` varchar(255) DEFAULT NULL,
  `created_at` timestamp NULL DEFAULT NULL,
  `updated_at` timestamp NULL DEFAULT NULL,
  PRIMARY KEY (`id`)
) ENGINE=InnoDB DEFAULT CHARSET=utf8mb4 COLLATE=utf8mb4_unicode_ci;

LOCK TABLES `pe_kpas` WRITE;
/*!40000 ALTER TABLE `pe_kpas` DISABLE KEYS */;

INSERT INTO `pe_kpas` (`id`, `pe_id`, `kpi_id`, `employe_id`, `achievement`, `weight`, `contribute_to_pe`, `date`, `is_semester`, `semester`, `tahun`, `status`, `alasan_reject`, `release_at`, `resend_at`, `verifikasi_at`, `validasi_at`, `created_by`, `verifikasi_by`, `validasi_by`, `created_at`, `updated_at`)
VALUES
	(4,5,1,4,68,70,48,'2024-06-06','1','1','2024','2',NULL,'2024-06-06 16:00:36',NULL,NULL,NULL,NULL,NULL,NULL,'2024-06-06 15:28:27','2024-06-07 14:21:38'),
	(5,6,1,3,82,70,57,'2024-06-09','1','1','2024','2',NULL,'2024-07-01 15:25:14',NULL,NULL,NULL,NULL,NULL,NULL,'2024-06-09 11:32:54','2024-07-01 15:31:13'),
	(6,7,1,4,96,70,67,'2024-07-05','1','2','2024','2',NULL,'2024-07-08 23:22:52',NULL,NULL,NULL,NULL,NULL,NULL,'2024-07-05 11:18:08','2024-07-08 23:30:24'),
	(7,8,1,5,92,70,64,'2024-07-05','1','2','2024','1',NULL,'2024-07-05 15:19:41',NULL,NULL,NULL,NULL,NULL,NULL,'2024-07-05 11:19:55','2024-07-05 15:19:41'),
	(8,9,40,19,84,70,59,'2024-07-05','1','2','2024','0',NULL,NULL,NULL,NULL,NULL,NULL,NULL,NULL,'2024-07-05 15:00:21','2024-07-05 15:00:21'),
	(9,10,1,18,80,70,56,'2024-07-09','1','1','2024','2',NULL,'2024-07-09 09:58:10',NULL,NULL,NULL,NULL,NULL,NULL,'2024-07-09 09:55:01','2024-07-09 10:00:30'),
	(10,11,1,18,80,70,56,'2024-07-09','1','1','2024','0',NULL,NULL,NULL,NULL,NULL,NULL,NULL,NULL,'2024-07-09 10:07:59','2024-07-09 10:07:59');

/*!40000 ALTER TABLE `pe_kpas` ENABLE KEYS */;
UNLOCK TABLES;


# Dump of table pe_kpis
# ------------------------------------------------------------

DROP TABLE IF EXISTS `pe_kpis`;

CREATE TABLE `pe_kpis` (
  `id` int(10) unsigned NOT NULL AUTO_INCREMENT,
  `departement_id` bigint(20) NOT NULL,
  `position_id` bigint(20) NOT NULL,
  `title` varchar(255) NOT NULL,
  `created_by` varchar(255) DEFAULT NULL,
  `updated_by` varchar(255) DEFAULT NULL,
  `created_at` timestamp NULL DEFAULT NULL,
  `updated_at` timestamp NULL DEFAULT NULL,
  PRIMARY KEY (`id`)
) ENGINE=InnoDB DEFAULT CHARSET=utf8mb4 COLLATE=utf8mb4_unicode_ci;

LOCK TABLES `pe_kpis` WRITE;
/*!40000 ALTER TABLE `pe_kpis` DISABLE KEYS */;

INSERT INTO `pe_kpis` (`id`, `departement_id`, `position_id`, `title`, `created_by`, `updated_by`, `created_at`, `updated_at`)
VALUES
	(1,2,3,'KPI IT Hardware',NULL,NULL,'2023-09-14 10:16:29','2023-09-14 10:16:29'),
	(2,8,66,'HR Operation',NULL,NULL,'2023-09-07 03:49:27','2023-09-07 03:49:27'),
	(3,8,66,'HR Services',NULL,NULL,'2023-09-07 04:08:28','2023-09-07 04:08:28'),
	(4,8,66,'HR Training',NULL,NULL,'2023-09-07 04:49:33','2023-09-07 04:49:33'),
	(5,8,66,'HR Payroll',NULL,NULL,'2023-09-07 05:21:56','2023-09-07 05:21:56'),
	(6,8,66,'HR Recruitment',NULL,NULL,'2023-09-08 02:34:13','2023-09-08 02:34:13'),
	(7,8,71,'SPV HRD',NULL,NULL,'2023-09-08 03:14:41','2023-09-08 03:14:41'),
	(8,4,29,'Teknisi AC',NULL,NULL,'2023-09-08 03:41:46','2023-09-08 03:41:46'),
	(9,4,43,'Helper AC',NULL,NULL,'2023-09-08 06:36:52','2023-09-08 06:36:52'),
	(10,4,31,'Electrician',NULL,NULL,'2023-09-08 07:03:16','2023-09-08 07:03:16'),
	(11,4,30,'Helper Electrician',NULL,NULL,'2023-09-08 07:33:37','2023-09-08 07:33:37'),
	(12,4,32,'Welder',NULL,NULL,'2023-09-08 07:46:11','2023-09-08 07:46:11'),
	(13,4,38,'Helper Welder',NULL,NULL,'2023-09-14 12:05:56','2023-09-14 12:05:56'),
	(14,4,44,'TL Electrician',NULL,NULL,'2023-09-14 14:16:51','2023-09-14 14:16:51'),
	(15,4,36,'Teknisi Civil',NULL,NULL,'2023-09-18 14:52:45','2023-09-18 14:52:45'),
	(16,4,40,'TL Civil',NULL,NULL,'2023-09-21 10:41:04','2023-09-21 10:41:04'),
	(17,13,84,'Housekeeping',NULL,NULL,'2023-09-21 10:50:43','2023-09-21 10:50:43'),
	(18,13,90,'Office Boy',NULL,NULL,'2023-09-21 11:13:47','2023-09-21 11:13:47'),
	(19,10,75,'TL QHSE',NULL,NULL,'2023-09-21 11:35:21','2023-09-21 11:35:21'),
	(21,10,80,'QHSE Admin',NULL,NULL,'2023-09-21 12:06:55','2023-09-21 12:06:55'),
	(22,10,74,'QHSE Inspector',NULL,NULL,'2023-09-22 09:31:28','2023-09-22 09:31:28'),
	(23,11,81,'Rigger',NULL,NULL,'2023-09-22 13:51:39','2023-09-22 13:51:39'),
	(24,5,23,'Checker',NULL,NULL,'2023-10-02 09:11:18','2023-10-02 09:11:18'),
	(25,5,17,'Operator Crane',NULL,NULL,'2023-10-02 14:46:38','2023-10-02 14:46:38'),
	(26,5,15,'Operator Forklift',NULL,NULL,'2023-10-02 15:06:47','2023-10-02 15:06:47'),
	(27,5,24,'Admisitrasi Operation',NULL,NULL,'2023-10-02 15:17:04','2023-10-02 15:17:04'),
	(28,7,69,'Tax',NULL,NULL,'2023-10-06 10:05:32','2023-10-06 10:05:32'),
	(29,7,60,'Procurement-Tri',NULL,NULL,'2023-10-06 13:17:54','2023-10-06 13:17:54'),
	(30,7,60,'Procurement-Apiko',NULL,NULL,'2023-10-06 14:13:20','2023-10-06 14:13:20'),
	(31,7,61,'Procurement-003',NULL,NULL,'2023-10-12 11:03:15','2023-10-12 11:03:15'),
	(32,7,64,'TL Tax',NULL,NULL,'2023-10-17 14:32:56','2023-10-17 14:32:56'),
	(33,7,79,'TL Accounting',NULL,NULL,'2023-10-17 15:04:03','2023-10-17 15:04:03'),
	(34,7,59,'KPI Cashier 1',NULL,NULL,'2023-10-26 11:28:33','2023-10-26 11:28:33'),
	(35,7,63,'AR 1',NULL,NULL,'2023-10-26 12:31:50','2023-10-26 12:31:50'),
	(36,7,59,'KPI Kasir Site KJ',NULL,NULL,'2023-12-28 10:56:34','2023-12-28 10:56:34'),
	(37,7,62,'Acc 01',NULL,NULL,'2023-12-28 14:10:08','2023-12-28 14:10:08'),
	(38,7,62,'Acc 02',NULL,NULL,'2024-01-04 14:42:36','2024-01-04 14:42:36'),
	(39,7,62,'Acc 03',NULL,NULL,'2024-01-04 15:35:34','2024-01-04 15:35:34'),
	(40,2,3,'KPI IT Develope',NULL,NULL,'2024-01-30 09:57:29','2024-01-30 09:57:29'),
	(41,2,4,'KPI IT Admin',NULL,NULL,'2024-01-30 10:39:10','2024-01-30 10:39:10');

/*!40000 ALTER TABLE `pe_kpis` ENABLE KEYS */;
UNLOCK TABLES;


# Dump of table pekpa_details
# ------------------------------------------------------------

DROP TABLE IF EXISTS `pekpa_details`;

CREATE TABLE `pekpa_details` (
  `id` bigint(20) unsigned NOT NULL AUTO_INCREMENT,
  `kpa_id` bigint(20) NOT NULL,
  `kpidetail_id` bigint(20) DEFAULT NULL,
  `value` decimal(6,2) NOT NULL DEFAULT 0.00,
  `achievement` int(11) NOT NULL DEFAULT 0,
  `addtional` varchar(1) NOT NULL DEFAULT '0',
  `addtional_objective` varchar(255) DEFAULT NULL,
  `addtional_weight` int(11) NOT NULL DEFAULT 0,
  `addtional_target` int(11) DEFAULT NULL,
  `evidence` varchar(255) DEFAULT NULL,
  `created_at` timestamp NULL DEFAULT NULL,
  `updated_at` timestamp NULL DEFAULT NULL,
  PRIMARY KEY (`id`)
) ENGINE=InnoDB DEFAULT CHARSET=utf8mb4 COLLATE=utf8mb4_unicode_ci;

LOCK TABLES `pekpa_details` WRITE;
/*!40000 ALTER TABLE `pekpa_details` DISABLE KEYS */;

INSERT INTO `pekpa_details` (`id`, `kpa_id`, `kpidetail_id`, `value`, `achievement`, `addtional`, `addtional_objective`, `addtional_weight`, `addtional_target`, `evidence`, `created_at`, `updated_at`)
VALUES
	(9,4,1,2.00,8,'0',NULL,0,NULL,NULL,'2024-06-06 15:28:27','2024-06-06 15:28:42'),
	(10,4,2,3.00,38,'0',NULL,0,NULL,NULL,'2024-06-06 15:28:27','2024-06-06 15:28:27'),
	(11,4,3,3.00,19,'0',NULL,0,NULL,NULL,'2024-06-06 15:28:27','2024-06-06 15:28:27'),
	(12,4,4,1.00,3,'0',NULL,0,NULL,NULL,'2024-06-06 15:28:27','2024-06-06 15:28:27'),
	(13,5,1,3.00,11,'0',NULL,0,NULL,NULL,'2024-06-09 11:32:54','2024-06-09 11:32:54'),
	(14,5,2,3.00,38,'0',NULL,0,NULL,NULL,'2024-06-09 11:32:54','2024-06-09 11:32:54'),
	(15,5,3,4.00,25,'0',NULL,0,NULL,NULL,'2024-06-09 11:32:54','2024-06-09 11:32:54'),
	(16,5,4,3.00,8,'0',NULL,0,NULL,NULL,'2024-06-09 11:32:54','2024-06-09 11:32:54'),
	(17,6,1,3.00,11,'0',NULL,0,NULL,NULL,'2024-07-05 11:18:08','2024-07-05 11:18:08'),
	(18,6,2,4.00,50,'0',NULL,0,NULL,NULL,'2024-07-05 11:18:08','2024-07-05 11:18:08'),
	(19,6,3,4.00,25,'0',NULL,0,NULL,NULL,'2024-07-05 11:18:08','2024-07-05 11:18:08'),
	(20,6,4,4.00,10,'0',NULL,0,NULL,NULL,'2024-07-05 11:18:08','2024-07-05 11:18:08'),
	(21,7,1,4.00,15,'0',NULL,0,NULL,NULL,'2024-07-05 11:19:55','2024-07-05 11:19:55'),
	(22,7,2,4.00,50,'0',NULL,0,NULL,NULL,'2024-07-05 11:19:55','2024-07-05 11:19:55'),
	(23,7,3,3.00,19,'0',NULL,0,NULL,NULL,'2024-07-05 11:19:55','2024-07-05 11:19:55'),
	(24,7,4,3.00,8,'0',NULL,0,NULL,NULL,'2024-07-05 11:19:55','2024-07-05 11:19:55'),
	(25,8,208,4.00,15,'0',NULL,0,NULL,NULL,'2024-07-05 15:00:21','2024-07-05 15:00:21'),
	(26,8,209,3.00,49,'0',NULL,0,NULL,NULL,'2024-07-05 15:00:21','2024-07-05 15:00:21'),
	(27,8,210,4.00,20,'0',NULL,0,NULL,NULL,'2024-07-05 15:00:21','2024-07-05 15:00:21'),
	(28,9,1,4.00,15,'0',NULL,0,NULL,NULL,'2024-07-09 09:55:01','2024-07-09 09:55:01'),
	(29,9,2,3.00,38,'0',NULL,0,NULL,NULL,'2024-07-09 09:55:01','2024-07-09 09:55:01'),
	(30,9,3,3.00,19,'0',NULL,0,NULL,NULL,'2024-07-09 09:55:01','2024-07-09 09:55:01'),
	(31,9,4,3.00,8,'0',NULL,0,NULL,NULL,'2024-07-09 09:55:01','2024-07-09 09:55:01'),
	(32,10,1,4.00,15,'0',NULL,0,NULL,NULL,'2024-07-09 10:07:59','2024-07-09 10:07:59'),
	(33,10,2,3.00,38,'0',NULL,0,NULL,NULL,'2024-07-09 10:07:59','2024-07-09 10:07:59'),
	(34,10,3,3.00,19,'0',NULL,0,NULL,NULL,'2024-07-09 10:07:59','2024-07-09 10:07:59'),
	(35,10,4,3.00,8,'0',NULL,0,NULL,NULL,'2024-07-09 10:07:59','2024-07-09 10:07:59');

/*!40000 ALTER TABLE `pekpa_details` ENABLE KEYS */;
UNLOCK TABLES;


# Dump of table pekpi_details
# ------------------------------------------------------------

DROP TABLE IF EXISTS `pekpi_details`;

CREATE TABLE `pekpi_details` (
  `id` bigint(20) unsigned NOT NULL AUTO_INCREMENT,
  `kpi_id` int(11) NOT NULL,
  `objective` varchar(255) NOT NULL,
  `kpi` varchar(255) NOT NULL,
  `weight` int(11) NOT NULL,
  `target` int(11) NOT NULL,
  `priode_target` varchar(255) NOT NULL,
  `metode` varchar(255) NOT NULL,
  `created_at` timestamp NULL DEFAULT NULL,
  `updated_at` timestamp NULL DEFAULT NULL,
  PRIMARY KEY (`id`)
) ENGINE=InnoDB DEFAULT CHARSET=utf8mb4 COLLATE=utf8mb4_unicode_ci;

LOCK TABLES `pekpi_details` WRITE;
/*!40000 ALTER TABLE `pekpi_details` DISABLE KEYS */;

INSERT INTO `pekpi_details` (`id`, `kpi_id`, `objective`, `kpi`, `weight`, `target`, `priode_target`, `metode`, `created_at`, `updated_at`)
VALUES
	(1,1,'Plan Maintenance','Membuat Plan Maintenance Weekly/Monthly',15,4,'Weekly','cum','2023-09-14 10:16:29','2023-09-14 10:16:29'),
	(2,1,'Maintenance & Repair (PC, Laptop, Printer, CCTV Network, Server , Finger Print & NVR)','Melakukan Maintenance & Repair secara Daily',50,4,'Daily','cum','2023-09-14 10:16:29','2023-09-14 10:16:29'),
	(3,1,'Backup & Cloning Data','Melakukan Backup / Cloning Data secara Daily',25,4,'Daily','cum','2023-09-14 10:16:29','2023-09-14 10:16:29'),
	(4,1,'Troubleshooting, Installasi/update & Testing','Melakukan installasi & testing hasil installasi',10,4,'Weekly','cum','2023-09-14 10:16:29','2023-09-14 10:16:29'),
	(5,2,'Absensi karyawan','Report Absensi Harian/Mingguan/Bulanan tepat waktu',20,4,'Daily/Weekly/Monthy','cum','2023-09-07 03:50:52','2023-09-07 03:50:52'),
	(6,2,'Summary Dashboard Payroll','Penyusunan dan pengiriman Dashboard sesuai target waktu',30,4,'Monthy','cum','2023-09-07 03:56:22','2023-09-07 03:56:22'),
	(7,2,'Keakurasian data dashboard','Tidak ada komplain karyawan akibat dari kesalahan dalam proses dashboard',30,4,'Monthy','cum','2023-09-07 03:58:44','2023-09-07 03:58:44'),
	(8,2,'Monitoring Kontrak','Pendistribusian kontrak karyawan tepat waktu',10,4,'Monthy','cum','2023-09-07 04:00:43','2023-09-07 04:00:43'),
	(9,2,'Services','Penanganan administrasi karyawan',10,4,'Monthy','cum','2023-09-07 04:02:44','2023-09-07 04:02:44'),
	(10,3,'Absensi Karyawan','Report Absensi Harian/Mingguan/Bulanan tepat waktu',20,4,'Daily/Weekly/Monthy','cum','2023-09-07 04:12:50','2023-09-07 04:12:50'),
	(11,3,'Summary Dashboard','Penyusunan dan pengiriman Dashboard sesuai target waktu',20,4,'Monthy','cum','2023-09-07 04:20:56','2023-09-07 04:20:56'),
	(13,3,'Pengajuan Caddy','Pengajuan Pembayaran Caddy Mingguan ke kasir',15,4,'Weekly','cum','2023-09-07 04:26:36','2023-09-07 04:26:36'),
	(14,3,'Keakurasian data dashboard','Tidak ada komplain karyawan akibat dari kesalahan dalam proses dashboard',15,4,'Monthy','cum','2023-09-07 04:34:14','2023-09-07 04:34:14'),
	(15,3,'Filling Document','Berkas Karyawan terdokumentasi dengan baik',20,4,'Monthy','cum','2023-09-07 04:36:25','2023-09-07 04:36:25'),
	(16,3,'Services','Penanganan administrasi karyawan(Cuti, Surat Keterangan, MR, ISO',10,4,'Monthy','cum','2023-09-07 04:41:45','2023-09-07 04:41:45'),
	(17,4,'Pelaksanaan Training','Pelaksanaan Training External  20 jam/bulan',50,4,'Monthy','cum','2023-09-07 04:51:50','2023-09-07 04:51:50'),
	(18,4,'Report Training','Penyusunan dan pengiriman report training tepat waktu',20,4,'Weekly/Monthy','cum','2023-09-07 05:00:20','2023-09-07 05:00:20'),
	(19,4,'Evaluasi pelaksanaan, sharing knowledge dan evaluasi hasil training','Evaluasi pelaksanaan, sharing knowledge dan evaluasi hasil training setelah 3 bulan',30,4,'Monthy','cum','2023-09-07 05:08:29','2023-09-07 05:08:29'),
	(21,5,'Penanganan BPJS TK dan BPJS KS','Komplain BPJS Ketenagakerjaan & BPJS Kesehatan dapat terselesaikan\r\nBPJS TK didaftarkan  maks 7 hari kerja setelah ttd kontrak\r\nBPJS KS didaftarkan per tanggal 18 bulan berjalan',20,4,'Monthy','cum','2023-09-07 05:26:49','2023-09-07 05:26:49'),
	(22,5,'Report Payroll','Pengajuan report payroll tepat waktu sampai dengan tanda tangan manager HRD',20,4,'Monthy','cum','2023-09-07 05:30:38','2023-09-07 05:30:38'),
	(23,5,'Keakurasian penggajian dan benefit lainnya','Tidak ada komplain karyawan akibat dari kesalahan dalam proses penggajian dan benefit lainnya',20,4,'Monthy','cum','2023-09-07 05:34:54','2023-09-07 05:34:54'),
	(24,5,'Release gaji dan benefit lainnya','Release sesuai target, Gaji max (tanggal 28), kompensasi (akhir kontrak + 2 hari)',15,4,'Monthy','cum','2023-09-07 05:37:22','2023-09-07 05:37:22'),
	(25,5,'Pengiriman Pph 21 Karyawan','Pengiriman laporan data Pph21  karyawan setiap akhir bulan',10,4,'Monthy','cum','2023-09-07 05:39:51','2023-09-07 05:39:51'),
	(26,5,'Distribusi Slip Gaji','Distribusi Slip gaji setiap akhir bulan',10,4,'Monthy','cum','2023-09-07 05:41:53','2023-09-07 05:41:53'),
	(27,5,'Pengajuan Tunjangan Driver','Pengajuan Tunjangan Driver hari rabu setiap minggu',5,4,'Weekly','cum','2023-09-07 05:44:15','2023-09-07 05:44:15'),
	(28,6,'Recruitment','Jumlah kebutuhan karyawan baru yang dapat dipenuhi dengan tepat waktu (< 60 hari)',40,4,'Monthy','cum','2023-09-08 02:36:01','2023-09-08 02:36:01'),
	(29,6,'Report Recruitment','Pembuatan report recruitment tepat waktu',20,4,'Weekly/Monthy','cum','2023-09-08 02:49:42','2023-09-08 02:49:42'),
	(30,6,'Kontrak Karyawan','Pembuatan dan pendistribusian karyawan habis kontrak',30,4,'Monthy','cum','2023-09-08 02:54:55','2023-09-08 02:54:55'),
	(31,6,'Pembuatan akomodasi perjalanan dinas','Pengajuan akomodasi perjalanan dinas (2 hari kerja dari surat perintah tugas diterima) diserahkan ke kasir',10,4,'Monthy','cum','2023-09-08 03:05:29','2023-09-08 03:05:29'),
	(32,7,'Keakurasian penggajian dan benefit lainnya','Monitoring komplain karyawan akibat dari kesalahan dalam proses penggajian dan benefit lainnya',20,4,'Monthy','cum','2023-09-08 03:18:38','2023-09-08 03:18:38'),
	(33,7,'Penanganan BPJS TK dan BPJS KS','Monitoring komplain BPJS Ketenagakerjaan & BPJS Kesehatan dapat terselesaikan BPJS TK didaftarkan maks 7 hari kerja setelah ttd kontrak BPJS KS didaftarkan per tanggal 18 bulan berjalan',15,4,'Monthy','cum','2023-09-08 03:24:46','2023-09-08 03:24:46'),
	(34,7,'Recruitment','Monitoring Proses rekruitmen dapat dipenuhi dengan tepat waktu (< 60 hari)',20,4,'Monthy','cum','2023-09-08 03:27:53','2023-09-08 03:27:53'),
	(35,7,'Kontrak karyawan','Monitoring pembuatan dan distribusi kontrak karyawan',15,4,'Monthy','cum','2023-09-08 03:30:04','2023-09-08 03:30:04'),
	(37,7,'Pelaksanaan Training','Monitoring realisasi training eksternal dan internal 20 jam/bulan',20,4,'Monthy','cum','2023-09-08 03:33:40','2023-09-08 03:33:40'),
	(38,7,'Services','Monitoring Penanganan administrasi karyawan(Cuti, Surat Keterangan, MR, ISO)',10,4,'Monthy','cum','2023-09-08 03:35:35','2023-09-08 03:35:35'),
	(39,8,'Keikutsertaan dalam PJSM','Menghadiri PJSM  sebelum melakukan pekerjaan',15,4,'Monthy','cum','2023-09-08 03:43:20','2023-09-08 03:43:20'),
	(40,8,'Submit kartu HOC','Membuat Kartu HOC minimal 5 kartu dalam sebulan',10,4,'Monthy','cum','2023-09-08 03:46:03','2023-09-08 03:46:03'),
	(41,8,'Program Maintenance AC','Melakukan Maintenance AC 100 % sesuai jadwal bulanan',30,4,'Monthy','cum','2023-09-08 04:01:55','2023-09-08 04:01:55'),
	(42,8,'Laporan Analisa Kerusakan / WO','Pembuatan analisa kerusakan 2 hari kerja terhitung dari tanggal diterimanya form Laporan kerusakan /WO',15,4,'Monthy','cum','2023-09-08 04:08:38','2023-09-08 04:08:38'),
	(43,8,'Kualitas Analisa kerusakan','Keakurasian dalam membuat Analisa kerusakan',15,4,'Monthy','cum','2023-09-08 04:42:52','2023-09-08 04:42:52'),
	(45,8,'Waktu penyelesaian pekerjaan','Penyelesaian pekerjaan dalam 3 hari kerja terhitung dari tanggal material diterima',15,4,'Monthy','cum','2023-09-08 04:52:17','2023-09-08 04:52:17'),
	(46,9,'Keikutsertaan dalam PJSM','Menghadiri PJSM sebelum melakukan pekerjaan',15,4,'Monthy','cum','2023-09-08 06:38:02','2023-09-08 06:38:02'),
	(47,9,'Submit kartu HOC','Membuat Kartu HOC minimal 5 kartu dalam sebulan',10,4,'Monthy','cum','2023-09-08 06:43:59','2023-09-08 06:43:59'),
	(48,9,'Program Maintenance AC','Melakukan Maintenance AC 100 % sesuai jadwal bulanan',30,4,'Monthy','cum','2023-09-08 06:46:00','2023-09-08 06:46:00'),
	(49,9,'Kepatuhan terhadap waktu  kerja onsite','Datang kelokasi tepat waktu setiap pekerjaan onsite',30,4,'Monthy','cum','2023-09-08 06:48:55','2023-09-08 06:48:55'),
	(50,9,'Waktu penyelesaian pekerjaan','Penyelesaian pekerjaan dalam 3 hari kerja terhitung dari tanggal material diterima',15,4,'Monthy','cum','2023-09-08 07:01:02','2023-09-08 07:01:02'),
	(51,10,'Keikutsertaan dalam PJSM','Menghadiri PJSM sebelum melakukan pekerjaan',15,4,'Monthy','cum','2023-09-08 07:03:45','2023-09-08 07:03:45'),
	(52,10,'Submit kartu HOC','Membuat Kartu HOC minimal 5 kartu dalam sebulan',10,4,'Monthy','cum','2023-09-08 07:05:45','2023-09-08 07:05:45'),
	(53,10,'Program Maintenance','Pelaksanaan program maintenance peralatan kelistrikan gedung 100 % sesuai jadwal bulanan',30,4,'Monthy','cum','2023-09-08 07:23:08','2023-09-08 07:23:08'),
	(55,10,'Kualitas Analisa kerusakan','Keakurasian dalam membuat Analisa kerusakan',15,4,'Monthy','cum','2023-09-08 07:29:23','2023-09-08 07:29:23'),
	(57,11,'Keikutsertaan dalam PJSM','Menghadiri PJSM sebelum melakukan pekerjaan',15,4,'Monthy','cum','2023-09-08 07:34:33','2023-09-08 07:34:33'),
	(58,11,'Submit kartu HOC','Membuat Kartu HOC minimal 5 kartu dalam sebulan',10,4,'Monthy','cum','2023-09-08 07:36:13','2023-09-08 07:36:13'),
	(59,11,'Program Maintenance','elaksanaan program maintenance peralatan kelistrikan gedung 100 % sesuai jadwal bulanan',30,4,'Monthy','cum','2023-09-08 07:37:44','2023-09-08 07:37:44'),
	(60,11,'Kepatuhan terhadap waktu  kerja onsite','Datang kelokasi tepat waktu setiap pekerjaan onsite',30,4,'Monthy','cum','2023-09-08 07:41:28','2023-09-08 07:41:28'),
	(62,12,'Keikutsertaan dalam PJSM','Menghadiri PJSM sebelum melakukan pekerjaan',15,4,'Monthy','cum','2023-09-08 07:47:09','2023-09-08 07:47:09'),
	(63,12,'Submit kartu HOC','Membuat Kartu HOC minimal 5 kartu dalam sebulan',10,4,'Monthy','cum','2023-09-11 02:37:56','2023-09-11 02:37:56'),
	(64,12,'Program Maintenance','Pelaksanaan program maintenance 100 % sesuai jadwal bulanan',30,4,'Monthy','cum','2023-09-11 02:53:48','2023-09-11 02:53:48'),
	(65,12,'Laporan Analisa Kerusakan / WO','Pembuatan analisa kerusakan 3 hari kerja terhitung dari tanggal diterimanya form kerusakan /WO',15,4,'Monthy','cum','2023-09-11 02:56:53','2023-09-11 02:56:53'),
	(66,10,'Laporan Analisa Kerusakan / WO','Pembuatan analisa kerusakan 3 hari kerja terhitung dari tanggal diterimanya form kerusakan /WO',15,4,'Monthy','cum','2023-09-11 03:03:13','2023-09-11 03:03:13'),
	(67,12,'Kualitas Analisa kerusakan','Keakurasian dalam membuat Analisa kerusakan',15,4,'Monthy','cum','2023-09-11 03:13:16','2023-09-11 03:13:16'),
	(68,12,'Waktu penyelesaian pekerjaan','Penyelesaian pekerjaan dalam 7  hari kerja atau target timeline terhitung dari tanggal material diterima',15,4,'Monthy','cum','2023-09-14 11:54:51','2023-09-14 11:54:51'),
	(69,10,'Waktu penyelesaian pekerjaan','Penyelesaian pekerjaan dalam 5 hari kerja atau target timeline terhitung dari tanggal material diterima',15,4,'Monthy','cum','2023-09-14 11:58:51','2023-09-14 11:58:51'),
	(70,11,'Waktu penyelesaian pekerjaan','Penyelesaian pekerjaan dalam 5 hari kerja atau target timeline terhitung dari tanggal material diterima',15,4,'Monthy','cum','2023-09-14 12:01:24','2023-09-14 12:01:24'),
	(71,13,'Keikutsertaan dalam PJSM','Menghadiri PJSM sebelum melakukan pekerjaan',15,4,'Monthy','cum','2023-09-14 12:06:50','2023-09-14 12:06:50'),
	(72,13,'Submit kartu HOC','Membuat Kartu HOC minimal 5 kartu dalam sebulan',10,4,'Monthy','cum','2023-09-14 12:08:11','2023-09-14 12:08:11'),
	(73,13,'Program Maintenance','Pelaksanaan program maintenance 100 % sesuai jadwal bulanan',30,4,'Monthy','cum','2023-09-14 12:09:51','2023-09-14 12:09:51'),
	(74,13,'Kepatuhan terhadap waktu kerja onsite','Datang kelokasi tepat waktu setiap pekerjaan onsite',30,4,'Monthy','cum','2023-09-14 14:05:25','2023-09-14 14:05:25'),
	(75,13,'Waktu penyelesaian pekerjaan','Penyelesaian pekerjaan dalam 7 hari kerja terhitung dari tanggal material diterima',15,4,'Monthy','cum','2023-09-14 14:07:11','2023-09-14 14:07:11'),
	(77,14,'Keikutsertaan dalam PJSM','Menghadiri PJSM sebelum melakukan pekerjaan',20,4,'Monthy','cum','2023-09-14 14:18:18','2023-09-14 14:18:18'),
	(78,14,'Submit kartu HOC','Membuat Kartu HOC minimal 5 kartu dalam sebulan',10,4,'Monthy','cum','2023-09-14 14:20:08','2023-09-14 14:20:08'),
	(80,14,'Monitoring pelaksanaan Program Maintenance','Program maintenance peralatan kelistrikan gedung 100 % sesuai jadwal bulanan',30,4,'Monthy','cum','2023-09-14 14:23:39','2023-09-14 14:23:39'),
	(81,14,'Daily report electrician','Mengirim daily report tepat waktu',25,4,'Monthy','cum','2023-09-14 14:25:44','2023-09-14 14:25:44'),
	(82,14,'Monitoring Penyelesaian pekerjaan','Penyelesaian pekerjaan dalam 5 hari kerja atau sesuai target timeline terhitung dari tanggal material diterima',15,4,'Monthy','cum','2023-09-14 14:31:24','2023-09-14 14:31:24'),
	(83,15,'Keikutsertaan dalam PJSM','Menghadiri PJSM sebelum melakukan pekerjaan',10,4,'Monthy','cum','2023-09-18 14:53:28','2023-09-18 14:53:28'),
	(84,15,'Submit kartu HOC','Membuat Kartu HOC minimal 5 kartu dalam sebulan',20,4,'Monthy','cum','2023-09-18 14:55:09','2023-09-18 14:55:09'),
	(85,15,'Kepatuhan terhadap arahan atasan','Melakukan pekerjaan sesuai dengan arahan atasan',30,4,'Monthy','cum','2023-09-21 10:24:40','2023-09-21 10:24:40'),
	(86,15,'Program Kerja Bulanan','Menyelesaikan pekerjaan sesuai dengan target waktu yang ditentukan atasannya',40,4,'Monthy','cum','2023-09-21 10:28:35','2023-09-21 10:28:35'),
	(87,16,'Keikutsertaan dalam PJSM','Menghadiri PJSM sebelum melakukan pekerjaan',10,4,'Monthy','cum','2023-09-21 10:41:52','2023-09-21 10:41:52'),
	(88,16,'Monitoring Program Kerja Bulanan','Monitoring penyelesaikan pekerjaan sesuai dengan target waktu yang ditentukan',40,4,'Monthy','cum','2023-09-21 10:43:33','2023-09-21 10:43:33'),
	(89,16,'Pengadaan Material','Pengadaan material dan alat kerja sesuai dengan target',30,4,'Monthy','cum','2023-09-21 10:45:25','2023-09-21 10:45:25'),
	(90,16,'Submit kartu HOC','Membuat Kartu HOC minimal 5 kartu dalam sebulan',20,4,'Monthy','cum','2023-09-21 10:47:22','2023-09-21 10:47:22'),
	(91,17,'Keikutsertaan dalam PJSM','Menghadiri PJSM sebelum melakukan pekerjaan',10,4,'Monthy','cum','2023-09-21 10:51:26','2023-09-21 10:51:26'),
	(92,17,'Submit kartu HOC','Membuat Kartu HOC minimal 5 kartu dalam sebulan',20,4,'Monthy','cum','2023-09-21 10:52:42','2023-09-21 10:52:42'),
	(93,17,'Kepatuhan terhadap arahan atasan','Melakukan pekerjaan sesuai dengan arahan atasan',30,4,'Monthy','cum','2023-09-21 10:56:50','2023-09-21 10:56:50'),
	(94,17,'Kebersihan area kerja','Area kerja bersih sesuai dengan program kerja harian.\r\n1. Inspeksi 1 (pukul 8-9 )\r\n2. Inspeksi 2 (pukul 11-12)\r\n3. Inspeksi 3 (pukul 15-16)',40,4,'Monthy','cum','2023-09-21 10:59:51','2023-09-21 10:59:51'),
	(95,19,'Monitoring Achievement QHSE Program','Pencapaian HSE program dan HSE plan per bulan sesuai target',30,4,'Monthy','cum','2023-09-21 11:37:06','2023-09-21 11:37:06'),
	(96,19,'HSE Program','Sesuai Pencapaian target Hse Program perbulan',30,4,'Monthy','cum','2023-09-21 11:46:22','2023-09-21 11:46:22'),
	(97,19,'Safety Work Circle (SWC)','Sesuai Pencapaian target SWC',30,4,'Monthy','cum','2023-09-21 11:48:35','2023-09-21 11:48:35'),
	(98,19,'Program Additional','Sesuai Pencapaian target beban program additional',10,4,'Daily/Weekly/Monthy','cum','2023-09-21 11:52:26','2023-09-21 11:52:26'),
	(99,20,'HSE Program','Pencapaian Hse Program sesuai target perbulan',30,4,'Monthy','cum','2023-09-21 11:57:43','2023-09-21 11:57:43'),
	(100,20,'Inspection Program','Inspection Program sesuai target per bulan',30,4,'Monthy','cum','2023-09-21 11:59:46','2023-09-21 11:59:46'),
	(101,20,'Safety Work Circle (SWC','Sesuai Pencapaian target Safety Work Circle (SWC)',30,4,'Monthy','cum','2023-09-21 12:03:36','2023-09-21 12:03:36'),
	(102,20,'Program Additional','Sesuai Pencapaian target beban program additional',10,4,'Daily/Weekly/Monthy','cum','2023-09-21 12:04:58','2023-09-21 12:04:58'),
	(103,21,'HSE Program','Sesuai Pencapaian target Hse Program perbulan',40,4,'Monthy','cum','2023-09-21 12:07:38','2023-09-21 12:07:38'),
	(104,21,'Safety Work Circle (SWC)','Sesuai Pencapaian target SWC',40,4,'Monthy','cum','2023-09-21 12:09:02','2023-09-21 12:09:02'),
	(105,21,'Program Additional','Sesuai Pencapaian target beban program additional',20,4,'Daily/Weekly/Monthy','cum','2023-09-21 12:10:27','2023-09-21 12:10:27'),
	(106,22,'HSE Program','Pencapaian Hse Program sesuai target perbulan\r\nWEIGHT',30,4,'Monthy','cum','2023-09-22 09:32:30','2023-09-22 09:32:30'),
	(107,22,'Inspection Program','Inspection Program sesuai target per bulan',30,4,'Monthy','cum','2023-09-22 09:33:45','2023-09-22 09:33:45'),
	(108,22,'Safety Work Circle (SWC)','Sesuai Pencapaian target Safety Work Circle (SWC)',30,4,'Monthy','cum','2023-09-22 09:34:57','2023-09-22 09:34:57'),
	(109,22,'Program Additional','Sesuai Pencapaian target beban program additional',10,4,'Daily/Weekly/Monthy','cum','2023-09-22 09:36:06','2023-09-22 09:36:06'),
	(110,23,'Keikutsertaan dalam PJSM','Menghadiri PJSM sebelum melakukan pekerjaan',20,4,'Monthy','cum','2023-09-22 13:52:25','2023-09-22 13:52:25'),
	(111,23,'Bekerja aman sesuai dengan SOP','Penggunaan APD Mandatory lengkap',20,4,'Monthy','cum','2023-09-22 13:55:31','2023-09-22 13:55:31'),
	(112,23,'Kepatuhan waktu kerja on site','Datang kelokasi tepat waktu setiap pekerjaan onsite',20,4,'Monthy','cum','2023-09-22 13:59:17','2023-09-22 13:59:17'),
	(113,23,'Submit kartu HOC','Membuat Kartu HOC minimal 5 kartu dalam sebulan',20,4,'Monthy','cum','2023-09-29 12:52:14','2023-09-29 12:52:14'),
	(114,24,'Keikutsertaan dalam PJSM','Menghadiri PJSM sebelum melakukan pekerjaan',25,4,'Monthy','cum','2023-10-02 09:11:54','2023-10-02 09:11:54'),
	(115,24,'Submit kartu HOC','Membuat Kartu HOC minimal 5 kartu dalam sebulan',25,4,'Monthy','cum','2023-10-02 09:13:15','2023-10-02 09:13:15'),
	(116,24,'Laporan Daily Report / Jetty Report','Laporan Daily Report / Jetty Report tepat waktu',25,4,'Daily','cum','2023-10-02 09:14:53','2023-10-02 09:14:53'),
	(117,24,'Akurasi data Entry Cargo','Keakurasian pencatatan cargo / material yang akan di bongkar / dimuat disertai berat dan dimensi cargo Actual ke dalam log book , E-Bos & Tally Sheet',25,4,'Daily/Weekly/Monthy','cum','2023-10-02 09:18:19','2023-10-02 09:18:19'),
	(118,25,'Keikutsertaan dalam PJSM','Menghadiri PJSM sebelum melakukan pekerjaan',25,4,'Monthy','cum','2023-10-02 14:47:29','2023-10-02 14:47:29'),
	(119,25,'Submit kartu HOC','Membuat Kartu HOC minimal 5 kartu dalam sebulan',25,4,'Monthy','cum','2023-10-02 14:48:57','2023-10-02 14:48:57'),
	(120,25,'Report Time Sheet','Membuat Report Time Sheet Setiap selesai pekerjaan',25,4,'Daily','cum','2023-10-02 14:52:36','2023-10-02 14:52:36'),
	(122,25,'Report Pre Use Checklist','Membuat Pre use Checklist / kebersihan alat setiap melakukan pekerjaan',25,4,'Monthy','cum','2023-10-02 15:04:39','2023-10-02 15:04:39'),
	(123,26,'Keikutsertaan dalam PJSM','Menghadiri PJSM sebelum melakukan pekerjaan',25,4,'Monthy','cum','2023-10-02 15:08:15','2023-10-02 15:08:15'),
	(124,26,'Submit kartu HOC','Membuat Kartu HOC minimal 5 kartu dalam sebulan',25,4,'Monthy','cum','2023-10-02 15:09:35','2023-10-02 15:09:35'),
	(125,26,'Report Time Sheet','Membuat Report Time Sheet Setiap selesai pekerjaan',25,4,'Daily','cum','2023-10-02 15:11:23','2023-10-02 15:11:23'),
	(126,26,'Report Pre Use Checklist','Membuat Pre use Checklist / kebersihan alat setiap melakukan pekerjaan',25,4,'Monthy','cum','2023-10-02 15:12:39','2023-10-02 15:12:39'),
	(127,27,'Job Report','Membuat Job Report sesuai tanggal Tally Sheet yang diberikan oleh Team Leader / Supervisor',20,4,'Daily','cum','2023-10-02 15:17:43','2023-10-02 15:17:43'),
	(129,27,'Monthly Report Operation','Membuat Report bulanan Operation',30,4,'Monthy','cum','2023-10-02 15:22:40','2023-10-02 15:22:40'),
	(130,27,'Verifikasi laporan','Verifikasi laporan ke Tenant',30,4,'Monthy','cum','2023-10-02 15:32:21','2023-10-02 15:32:21'),
	(131,27,'Submit kartu HOC','Membuat Kartu HOC minimal 5 kartu dalam sebulan',20,4,'Monthy','cum','2023-10-02 15:33:34','2023-10-02 15:33:34'),
	(133,29,'Administrasi  Permintaan barang & jasa','Pengajuan persetujuan Purchase order (PO)  / Service Order (SO) ke SPV maksimal 6 hari kerja dari tanggal delegasi',35,4,'Monthy','cum','2023-10-06 13:19:34','2023-10-06 13:19:34'),
	(134,29,'Penyelesaian Permintaan barang kategori Umum','Pembelian,pengiriman barang kategori umum maksimal 4 hari kerja setelah disetujui oleh BOD dan atau setelah pembayaran dilakukan (untuk pembayaran dimuka)',20,4,'Monthy','cum','2023-10-06 13:22:13','2023-10-06 13:22:13'),
	(135,29,'Penyelesaian Permintaan barang kategori non umum (Indent, Kontruksi dan Sertifikasi)','Pembelian,pengiriman barang sesuai kesepakatan yang tercantum dalam perjanjian dengan Vendor/supplier/rekanan,',20,4,'Monthy','cum','2023-10-06 13:27:58','2023-10-06 13:27:58'),
	(136,29,'Penambahan vendor kritikal','Melakukan minimal 1 (satu) vendor kritikal setiap bulan untuk diseleksi masuk ke dalam daftar vendor tetap, 5 (lima) hari kerja di bulan berikutnya',10,4,'Monthy','cum','2023-10-06 13:30:29','2023-10-06 13:30:29'),
	(137,29,'Evaluasi vendor / rekanan (kritikal)','Report evaluasi vendor / rekanan (kritikal) bulanan maksimal 5 (lima) hari kerja di bulan berikutnya',5,4,'Monthy','cum','2023-10-06 13:34:32','2023-10-06 13:34:32'),
	(138,29,'Daftar PO/SO','Report daftar PO/SO terbit maksimal 5 (lima) hari kerja di bulan berikutnya',5,4,'Monthy','cum','2023-10-06 13:37:16','2023-10-06 13:37:16'),
	(139,29,'Filling Dokumen','Membuat daftar isi dan filling dokumen bulanan maksimal 5 (lima) hari kerja di bulan berikutnya',5,4,'Monthy','cum','2023-10-06 13:39:46','2023-10-06 13:39:46'),
	(140,30,'Administrasi Permintaan barang & jasa','Pengajuan persetujuan Purchase order (PO) / Service Order (SO) ke SPV maksimal 6 hari kerja dari tanggal delegasi',35,4,'Monthy','cum','2023-10-06 14:14:23','2023-10-06 14:14:23'),
	(141,30,'Penyelesaian Permintaan barang dan jasa kategori Umum','Pembelian,pengiriman barang dan jasa kategori umum maksimal 4 hari kerja setelah disetujui oleh BOD dan atau setelah pembayaran dilakukan (untuk pembayaran dimuka)',20,4,'Monthy','cum','2023-10-06 14:38:20','2023-10-06 14:38:20'),
	(142,30,'Penyelesaian Permintaan barang & Jasa kategori non umum (Indent, Kontruksi dan Sertifikasi)','Pengajuan persetujuan Purchase order (PO)  / Service Order (SO) sampai dengan pemesanan maksimal 12 hari kerja dari tanggal delegasi SPV (diluar waktu tunggu)',20,4,'Monthy','cum','2023-10-06 15:07:35','2023-10-06 15:07:35'),
	(143,30,'Penambahan vendor kritikal','Melakukan minimal 1 (satu) vendor kritikal setiap bulan untuk diseleksi masuk ke dalam daftar vendor tetap, 5 (lima) hari kerja di bulan berikutnya',10,4,'Monthy','cum','2023-10-06 15:15:44','2023-10-06 15:15:44'),
	(144,30,'Evaluasi vendor / rekanan (kritikal)','Report evaluasi vendor / rekanan (kritikal) bulanan maksimal 5 (lima) hari kerja di bulan berikutnya',5,4,'Monthy','cum','2023-10-06 15:49:58','2023-10-06 15:49:58'),
	(145,30,'Laporan evaluasi pencapaian','Report Evaluasi Sarmut & OTP bulanan maksimal 5 hari kerja dibulan berikutnya',5,4,'Monthy','cum','2023-10-06 15:52:34','2023-10-06 15:52:34'),
	(146,30,'Report Stock Barang','Report Stock Barang bulanan maksimal 5 (lima) hari kerja di bulan berikutnya',5,4,'Monthy','cum','2023-10-06 15:54:46','2023-10-06 15:54:46'),
	(147,31,'Administrasi Permintaan barang & jasa','Pengajuan persetujuan Purchase order (PO) / Service Order (SO) ke SPV maksimal 6 hari kerja dari tanggal delegasi',45,4,'Monthy','cum','2023-10-12 11:07:06','2023-10-12 11:07:06'),
	(148,31,'Penyelesaian Permintaan barang & jasa','Pembelian,pengiriman barang dan jasa kategori umum maksimal 4 hari kerja setelah disetujui oleh BOD dan atau setelah pembayaran dilakukan (untuk pembayaran dimuka)',20,4,'Monthly','cum','2023-10-12 11:18:04','2023-10-12 11:18:04'),
	(149,31,'Penyelesaian Permintaan barang kategori non umum (Indent, Kontruksi dan Sertifikasi','Pembelian,pengiriman barang sesuai dengan kesepakatan perjanjian dengan vendor/supplier/rekanan, yang tercantum dalam',20,4,'Monthly','cum','2023-10-12 11:22:46','2023-10-12 11:22:46'),
	(151,31,'Penambahan vendor kritikal','Melakukan minimal 1 (satu) vendor kritikal setiap bulan untuk diseleksi masuk ke dalam daftar vendor tetap, 5 (lima) hari kerja di bulan berikutnya',10,4,'Monthly','cum','2023-10-12 11:34:26','2023-10-12 11:34:26'),
	(152,31,'Evaluasi vendor / rekanan (kritikal)','Melakukan evaluasi vendor / rekanan (kritikal) bulanan, 5 (lima) hari kerja di bulan berikutnya',5,4,'Monthly','cum','2023-10-12 11:39:31','2023-10-12 11:39:31'),
	(153,28,'Verifikasi dokumen AP & Pembuatan faktur pajak','Verifikasi invoice maksimal 1 hari\r\nPembuatan faktur pajak maksimal 2 hari',25,4,'Daily','cum','2023-10-17 13:54:42','2023-10-17 13:54:42'),
	(154,28,'Closing transaksi BKK','Report ceklis BKK mingguan atas BKK 1 minggu kebelakang yang sudah diterbitkan oleh kasir',10,4,'Weekly','cum','2023-10-17 14:05:00','2023-10-17 14:05:00'),
	(155,28,'Rekonsile Tax & kirim data permintaan accounting','Membuat rekonsile PPH (21,23, 4 ayat 2) dan PPN\r\nKirim data softcopy hutang pajak, rekap bukti potong dan SSP PPN \r\ndikirim setiap tanggal 5',20,4,'Monthly','cum','2023-10-17 14:10:53','2023-10-17 14:10:53'),
	(156,28,'Pembayaran kas negara','Menyerahkan pengajuan (PPH 21, 23, 4 (2), 25) kepada kasir setiap tanggal 8 dan pembayaran PPN setiap tanggal 27',15,4,'Monthly','cum','2023-10-17 14:15:45','2023-10-17 14:15:45'),
	(157,28,'Pelaporan SPM PPH [21,23, 4(2) ] dan PPN','Membuat laporan pajak untuk PPH maksimal tanggal 20 di bulan berikutnya\r\nMembuat laporan pajak untuk PPN setiap akhir bulan berikutnya',25,4,'Monthly','cum','2023-10-17 14:21:13','2023-10-17 14:21:13'),
	(158,28,'Arsip dokumen','Pengarsipan dokumen SPT Masa setelah jatuh tempo pelaporan (tanggal 20)',5,4,'Monthly','cum','2023-10-17 14:24:58','2023-10-17 14:24:58'),
	(159,32,'Monitoring verifikasi dokumen','Review dokumen yang diverifikasi oleh Tax Staff maksimal 1 hari dari dokumen diterima',25,4,'Daily','cum','2023-10-17 14:38:18','2023-10-17 14:38:18'),
	(160,32,'Monitoring closing transaksi BKK','Monitoring report checklist BKK Mingguan (setiap hari senin)',10,4,'Weekly','cum','2023-10-17 14:43:14','2023-10-17 14:43:14'),
	(161,32,'Rekonsile Tax vs Acc & kirim data permintaan accounting','Membuat rekonsile PPH 21, PEIP, ESMAR, ENA dengan Accounting setiap tanggal 5',20,4,'Monthly','cum','2023-10-17 14:45:50','2023-10-17 14:45:50'),
	(162,32,'Monitoring pengajuan pembayaran kas negara','Review pengajuan pembayaran dan ID billing (PPH 21, 23, 4(2), 25) sebelum diserahkan kasir setiap tanggal 8 dan pembayaran PPN setiap tanggal 27',15,4,'Monthly','cum','2023-10-17 14:50:23','2023-10-17 14:50:23'),
	(163,32,'Monitoring pelaporan SPM PPH 21, 23, 4(2) & PPN','Monitoring pelaporan pajak. PPH maksimal tanggal 20 bulan berikutnya. PPN setiap akhir bulan berikutnya',25,4,'Monthly','cum','2023-10-17 14:54:38','2023-10-17 14:54:38'),
	(164,32,'Monitoring arsip dokumen','Mmonitoring SPT Masa maksimal 3 hari kerja setelah jatuh tempo pelaporan (tanggal 20)',5,4,'Monthly','cum','2023-10-17 14:57:29','2023-10-17 14:57:29'),
	(165,33,'Monitoring reklas transaksi pengeluaran kas bank & AP','Monitoring pekerjaan daily atas reklas transaksi pengeluaran kas di sistem akuntansi',10,4,'Monthly','cum','2023-10-17 15:08:53','2023-10-17 15:08:53'),
	(166,33,'Monitoring input transaksi penerimaan kas bank & AR','Monitoring pencatatan proforma invoice, invoice dan penerimaan ke sistem akuntansi',10,4,'Monthly','cum','2023-10-17 15:16:15','2023-10-17 15:16:15'),
	(167,33,'Monitoring Cash Opname & Stock Opname','Monitoring Cash Opname & Stock Opname, memastikan saldo pembukuan sama dengan kondisi fisiknya',5,4,'Monthly','cum','2023-10-17 15:19:54','2023-10-17 15:19:54'),
	(168,33,'Monitoring Closing Transaksi & Rekonsile Akun','Memonitoring proses closing tranksasi dan rekonsile akun setiap akhir bulan sampai awal bulan untuk keperluan pembuatan Laporan Keuangan',20,4,'Monthly','cum','2023-10-17 15:28:52','2023-10-17 15:28:52'),
	(169,33,'Laporan Keuangan','Menyajikan Laporan Keuangan bulanan sesuai standar akuntansi keuangan (PSAK) yang berlaku setiap tanggal 8',50,4,'Monthly','cum','2023-10-17 15:32:35','2023-10-17 15:32:35'),
	(170,33,'Monitoring Arsip Dokumen','Memonitoring pengarsipan dokumen-dokumen terkait Asset, Kontrak, AP/AR, rekonsile dan copy BKK (Gaji, BPJS, Sewa Lahan, SGU).',5,4,'Monthly','cum','2023-10-17 15:35:07','2023-10-17 15:35:07'),
	(171,34,'Laporan Harian','Informasi saldo kas & bank serta rencana pengeluaran kasir melalui media sosial (WAG)  <=  pukul 11.00 wib setiap hari.',20,4,'Daily','cum','2023-10-26 11:29:08','2023-10-26 11:29:08'),
	(172,35,'Penerbitan dan Submit Proforma Invoice','Submit Proforma Invoice ke Vendor setiap tanggal 15 bulan berjalan',15,4,'Monthy','cum','2023-10-26 12:32:24','2023-10-26 12:32:24'),
	(173,35,'Penerbitan Invoice','membuat invoice sampai dengan invoice terkirim setiap tanggal 25 bulan berjalan',45,4,'Monthy','cum','2023-10-26 12:33:42','2023-10-26 12:33:42'),
	(174,35,'Update Estimasi Penerimaan','Manager Finance Terinformasi Terkait Estimasi Penerimaan Uang Masuk setiap hari senin',20,4,'Weekly','cum','2023-10-26 12:35:19','2023-10-26 12:35:19'),
	(175,35,'Review Aging','Terinformasinya Aging AR ke pihak Accounting dan Tax setiap tanggal 7 bulan berjalan',20,4,'Monthy','cum','2023-10-26 12:36:32','2023-10-26 12:36:32'),
	(177,36,'Laporan harian kasir','Informasi saldo kas kecil & atm kapal serta rencana pengeluaran kasir melalui media sosial (WAG) maksimal pukul 11.00 wib setiap hari.',15,4,'Daily','cum','2023-12-28 10:57:52','2023-12-28 10:57:52'),
	(178,36,'Transaksi pembayaran Petty cash','Melakukan pembayaran maksimal  7 hari kerja dari tanggal persetujuan dokumen pembayaran.',20,4,'Daily','cum','2023-12-28 10:59:33','2023-12-28 10:59:33'),
	(179,36,'Schedule Pengajuan Petty Cash','Balancing cash setiap hari rabu',20,4,'Weekly','cum','2023-12-28 11:05:40','2023-12-28 11:05:40'),
	(180,36,'Laporan mingguan kasir','Membuat laporan rekapan kas kecil ke accounting maksimal pukul 16.00 wib setiap Jumat.',15,4,'Weekly','cum','2023-12-28 11:10:05','2023-12-28 11:10:05'),
	(181,36,'Laporan bulanan kasir','Membuat rekapitulasi bulanan kalijapat (kas kecil, atm kapal, sampah, air minum, air bersih kapal, ops cost, kasbon) maksimal 5 hari kerja di bulan berikutnya.',25,4,'Monthy','cum','2023-12-28 11:53:16','2023-12-28 11:53:16'),
	(183,36,'Filling dokumen','Membuat daftar isi dan penyimpanan dokumen 7 (tujuh) hari kerja di bulan berikutnya.',5,4,'Monthy','cum','2023-12-28 13:01:14','2023-12-28 13:01:14'),
	(184,37,'Reklas Transaksi Pengeluaran Kas Bank & AP','Melakukan reklas transaksi pengeluaran dari akun tampungan yang sudah di input Div. Kasir melalui sistem akuntansi ke akun yang sesungguhnya maksimal 2 hari kerja',25,4,'Daily','cum','2023-12-28 14:12:26','2023-12-28 14:12:26'),
	(185,34,'Transaksi pembayaran','Melakukan pembayaran maksimal 3 hari kerja setelah dokumen pembayaran di setujui.',20,4,'Daily','cum','2024-01-03 10:29:47','2024-01-03 10:29:47'),
	(188,34,'Laporan rekapitulasi hutang bulanan','Membuat rekapitulasi hutang maksimal 5 hari kerja di bulan berikutnya',15,4,'Monthy','cum','2024-01-03 10:34:47','2024-01-03 10:34:47'),
	(189,34,'Laporan rekapitulasi affiliasi bulanan','Membuat rekapitulasi affiliasi maksimal 5 hari kerja di bulan berikutnya',15,4,'Monthy','cum','2024-01-03 10:36:21','2024-01-03 10:36:21'),
	(191,34,'Laporan rekapitulasi kasbon bulanan','Membuat rekapitulasi kasbon maksimal 5 hari kerja di bulan berikutnya',15,4,'Monthy','cum','2024-01-03 10:38:16','2024-01-03 10:38:16'),
	(193,34,'Pencatatan ke dalam Sistem keuangan','Melakukan pencatatan kedalam sistem keuangan maksimal 2 hari kerja setelah tanggal pembayaran.',10,4,'Daily','cum','2024-01-03 10:40:37','2024-01-03 10:40:37'),
	(194,34,'Filling dokumen','Membuat daftar isi dan penyimpanan dokumen 7 hari kerja di bulan berikutnya',5,4,'Monthy','cum','2024-01-03 10:42:33','2024-01-03 10:42:33'),
	(195,37,'Input Proforma, Invoice dan Penerimaan AR','Melakukan pencatatan Proforma Invoice, Invoice dan Penerimaan atas pendapatan yang diterima dari Div. AR ke sistem akuntansi. Dimana data PI & INV akan diterima oleh Accounting setiap Tanggal 15-16 dan 30-31.',15,4,'Weekly/Monthy','cum','2024-01-04 14:16:10','2024-01-04 14:16:10'),
	(196,37,'Cash Opname & Stock Opname','Melakukan pengecekan jumlah uang dan barang fisik dengan saldo pembukuan yang berlangsung harian (daily) dan bulanan (awal bulan berikutnya).',5,4,'Daily/Weekly/Monthy','cum','2024-01-04 14:27:51','2024-01-04 14:27:51'),
	(197,37,'Closing Transaksi & Rekonsile Akun','Melakukan closing tranksasi dan rekonsile akun setiap akhir bulan sampai awal bulan untuk keperluan pembuatan Laporan Keuangan. Dimana Div. Finance & Tax Akan mengirimkan data yang diperlukan untuk rekonsile maksimal tanggal 5 bulan berikutnya',15,4,'Monthy','cum','2024-01-04 14:35:31','2024-01-04 14:35:31'),
	(198,37,'Laporan Keuangan','Menyajikan Laporan Keuangan bulanan sesuai standar akuntansi keuangan (PSAK) yang berlaku setiap tanggal 8 dibulan berikutnya',35,4,'Monthy','cum','2024-01-04 14:37:20','2024-01-04 14:37:20'),
	(199,37,'Arsip Dokumen','Mengarsipkan dokumen-dokumen terkait Asset, Kontrak, AP/AR, rekonsile dan copy BKK (Gaji, BPJS, Sewa Lahan, SGU).',5,4,'Monthy','cum','2024-01-04 14:39:50','2024-01-04 14:39:50'),
	(200,38,'Reklas Transaksi Pengeluaran Kas Bank & AP','Melakukan reklas transaksi pengeluaran dari akun tampungan yang sudah di input Div. Kasir melalui sistem akuntansi ke akun yang sesungguhnya maksimal 2 hari kerja',50,4,'Daily','cum','2024-01-04 14:49:36','2024-01-04 14:49:36'),
	(201,38,'Cash Opname & Stock Opname','Melakukan pengecekan jumlah uang dan barang fisik dengan saldo pembukuan yang berlangsung harian (daily) dan bulanan (awal bulan berikutnya).',15,4,'Daily/Weekly/Monthy','cum','2024-01-04 15:07:15','2024-01-04 15:07:15'),
	(202,38,'Closing Transaksi & Rekonsile Akun','Melakukan closing tranksasi dan rekonsile akun setiap akhir bulan sampai awal bulan untuk keperluan pembuatan Laporan Keuangan. Dimana Div. Finance & Tax Akan mengirimkan data yang diperlukan untuk rekonsile maksimal tanggal 5 bulan berikutnya',30,4,'Monthy','cum','2024-01-04 15:15:18','2024-01-04 15:15:18'),
	(203,38,'Arsip Dokumen','Mengarsipkan dokumen-dokumen terkait Asset, Kontrak, AP/AR, rekonsile dan copy BKK (Gaji, BPJS, Sewa Lahan, SGU).',5,4,'Monthy','cum','2024-01-04 15:24:04','2024-01-04 15:24:04'),
	(204,39,'Reklas Transaksi Pengeluaran Kas Bank & AP','Melakukan reklas transaksi pengeluaran dari akun tampungan yang sudah di input Div. Kasir melalui sistem akuntansi ke akun yang sesungguhnya maksimal 2 hari kerja',35,4,'Daily/Weekly/Monthy','cum','2024-01-04 15:36:27','2024-01-04 15:36:27'),
	(205,39,'Input Proforma, Invoice dan Penerimaan AR','Melakukan pencatatan Proforma Invoice, Invoice dan Penerimaan atas pendapatan yang diterima dari Div. AR ke sistem akuntansi. Dimana data PI & INV akan diterima oleh Accounting setiap Tanggal 15-16 dan 30-31.',35,4,'Weekly/Monthy','cum','2024-01-04 15:38:48','2024-01-04 15:38:48'),
	(206,39,'Closing Transaksi & Rekonsile Akun','Melakukan closing tranksasi dan rekonsile akun setiap akhir bulan sampai awal bulan untuk keperluan pembuatan Laporan Keuangan. Dimana Div. Finance & Tax Akan mengirimkan data yang diperlukan untuk rekonsile maksimal tanggal 5 bulan berikutnya',25,4,'Monthy','cum','2024-01-04 15:44:52','2024-01-04 15:44:52'),
	(207,39,'Arsip Dokumen','Mengarsipkan dokumen-dokumen terkait Asset, Kontrak, AP/AR, rekonsile dan copy BKK (Gaji, BPJS, Sewa Lahan, SGU).',5,4,'Monthy','cum','2024-01-04 15:51:30','2024-01-04 15:51:30'),
	(208,40,'Development Plan','Membuat Weekly & Monthly Development Plan',15,4,'Weekly/Monthly','cum','2024-01-30 09:58:32','2024-01-30 09:58:32'),
	(209,40,'Devlopment System','Melakukan Development System sesuai dengan plan secara daily',65,4,'Daily','cum','2024-01-30 09:59:28','2024-01-30 09:59:28'),
	(210,40,'Database Administrator','Update data sesuai dengan request user berdasarkan prosedur',20,4,'Daily','cum','2024-01-30 10:01:00','2024-01-30 10:01:00'),
	(211,41,'Report Pekerjaan','Pembuatan report daily/weekly/monthly',60,4,'Daily/Weekly/Monthly','cum','2024-01-30 10:40:00','2024-01-30 10:40:00');

/*!40000 ALTER TABLE `pekpi_details` ENABLE KEYS */;
UNLOCK TABLES;


# Dump of table pekpi_points
# ------------------------------------------------------------

DROP TABLE IF EXISTS `pekpi_points`;

CREATE TABLE `pekpi_points` (
  `id` int(10) unsigned NOT NULL AUTO_INCREMENT,
  `pekpi_detail_id` bigint(20) NOT NULL,
  `point` int(11) NOT NULL,
  `keterangan` varchar(255) NOT NULL,
  `created_at` timestamp NULL DEFAULT NULL,
  `updated_at` timestamp NULL DEFAULT NULL,
  PRIMARY KEY (`id`)
) ENGINE=InnoDB DEFAULT CHARSET=utf8mb4 COLLATE=utf8mb4_unicode_ci;

LOCK TABLES `pekpi_points` WRITE;
/*!40000 ALTER TABLE `pekpi_points` DISABLE KEYS */;

INSERT INTO `pekpi_points` (`id`, `pekpi_detail_id`, `point`, `keterangan`, `created_at`, `updated_at`)
VALUES
	(1,1,4,'Selesai tepat waktu','2023-08-31 02:37:24','2023-08-31 02:37:24'),
	(3,1,3,'lewat 1 hari','2023-08-31 04:23:45','2023-08-31 04:23:45'),
	(4,5,4,'Daily report sesuai tanggal ex: hari libur, Weekly Report (Dashboard) setiap hari senin, monthly report (Man Hour) setiap tanggal 3 bulan berikutnya','2023-09-07 03:52:14','2023-09-07 03:52:14'),
	(8,6,4,'Sesuai penetapan tanggal Cut off bulan berjalan','2023-09-07 03:57:01','2023-09-07 03:57:01'),
	(11,7,4,'Tidak ada komplain karyawan dalam periode penggajian','2023-09-07 03:59:02','2023-09-07 03:59:02'),
	(12,7,3,'Komplain 1 sampai 3 dalam  periode penggajian','2023-09-07 03:59:20','2023-09-07 03:59:20'),
	(13,7,2,'Komplain 4 sampai 6 dalam  periode penggajian','2023-09-07 03:59:32','2023-09-07 03:59:32'),
	(14,7,1,'Komplain 7 atau lebih dalam periode penggajian','2023-09-07 03:59:44','2023-09-07 03:59:44'),
	(15,8,4,'Tidak ada karyawan yang terlewat kontraknya','2023-09-07 04:00:59','2023-09-07 04:00:59'),
	(16,8,3,'1 karyawan terlewat kontraknya','2023-09-07 04:01:12','2023-09-07 04:01:12'),
	(17,8,2,'2 karyawan terlewat kontraknya','2023-09-07 04:01:29','2023-09-07 04:01:29'),
	(18,8,1,'3 karyawan atau lebih terlewat kontraknya','2023-09-07 04:01:57','2023-09-07 04:01:57'),
	(19,9,4,'sesuai tanggal permintaan','2023-09-07 04:04:35','2023-09-07 04:04:35'),
	(20,9,3,'1 hari kerja dari tanggal permintaan','2023-09-07 04:05:05','2023-09-07 04:05:05'),
	(21,9,2,'2 hari kerja dari permintaan','2023-09-07 04:05:23','2023-09-07 04:05:23'),
	(22,9,1,'3 hari kerja atau lebih dari tanggal permintaan','2023-09-07 04:05:51','2023-09-07 04:05:51'),
	(23,5,3,'1 hari kerja dari target','2023-09-07 04:06:40','2023-09-07 04:06:40'),
	(24,5,2,'2 hari kerja dari target','2023-09-07 04:06:58','2023-09-07 04:06:58'),
	(25,10,4,'Daily report sesuai tanggal ex: hari libur, Weekly Report (Dashboard) setiap hari senin, monthly report (Sarmut) setiap tanggal 3 bulan berikutnya','2023-09-07 04:13:54','2023-09-07 04:13:54'),
	(26,10,3,'1 hari kerja dari target','2023-09-07 04:14:11','2023-09-07 04:14:11'),
	(27,10,2,'2 hari kerja dari target','2023-09-07 04:14:29','2023-09-07 04:14:29'),
	(28,5,1,'3 hari kerja atau lebih dari target','2023-09-07 04:19:41','2023-09-07 04:19:41'),
	(29,10,1,'3 hari kerja atau lebih dari target','2023-09-07 04:20:14','2023-09-07 04:20:14'),
	(30,11,4,'Sesuai penetapan tanggal Cut off bulan berjalan','2023-09-07 04:21:19','2023-09-07 04:21:19'),
	(31,6,3,'1 hari kerja dari tanggal target','2023-09-07 04:22:04','2023-09-07 04:22:04'),
	(32,6,2,'2 hari kerja dari tanggal target','2023-09-07 04:22:15','2023-09-07 04:22:15'),
	(33,6,1,'3 hari kerja atau dari tanggal target','2023-09-07 04:22:29','2023-09-07 04:22:29'),
	(34,11,3,'1 hari kerja dari tanggal target','2023-09-07 04:23:07','2023-09-07 04:23:07'),
	(35,11,2,'2 hari kerja dari tanggal target','2023-09-07 04:23:16','2023-09-07 04:23:16'),
	(36,11,1,'3 hari kerja atau lebih dari tanggal target','2023-09-07 04:23:34','2023-09-07 04:23:34'),
	(37,12,4,'Tidak ada komplain karyawan dalam periode penggajian','2023-09-07 04:24:34','2023-09-07 04:24:34'),
	(38,12,3,'Komplain 1 sampai 3 dalam  periode penggajian','2023-09-07 04:24:48','2023-09-07 04:24:48'),
	(39,12,2,'Komplain 4 sampai 6 dalam  periode penggajian','2023-09-07 04:24:58','2023-09-07 04:24:58'),
	(40,12,1,'Komplain 7 atau lebih dalam periode penggajian','2023-09-07 04:25:12','2023-09-07 04:25:12'),
	(41,13,4,'Pengajuan ke kasir setiap hari kamis','2023-09-07 04:27:42','2023-09-07 04:27:42'),
	(42,13,3,'1 hari kerja dari target hari kamis setiap minggunya','2023-09-07 04:28:43','2023-09-07 04:28:43'),
	(43,13,2,'2 hari kerja dari target hari kamis setiap minggunya','2023-09-07 04:28:57','2023-09-07 04:28:57'),
	(44,13,1,'3 hari kerja atau lebih dari target hari kamis setiap minggunya','2023-09-07 04:29:15','2023-09-07 04:29:15'),
	(45,14,4,'Sesuai penetapan tanggal Cut off bulan berjalan','2023-09-07 04:34:41','2023-09-07 04:34:41'),
	(46,14,3,'1 hari kerja dari tanggal target','2023-09-07 04:35:04','2023-09-07 04:35:04'),
	(47,14,2,'2 hari kerja dari tanggal target','2023-09-07 04:35:16','2023-09-07 04:35:16'),
	(48,14,1,'3 hari kerja atau lebih dari tanggal target','2023-09-07 04:35:32','2023-09-07 04:35:32'),
	(49,15,4,'Dokumen lengkap dan Update','2023-09-07 04:37:04','2023-09-07 04:37:04'),
	(52,15,2,'3 sd 4 Dokumen legal tidak lengkap atau Update','2023-09-07 04:39:49','2023-09-07 04:39:49'),
	(53,15,3,'1 sd 2 Dokumen legal tidak lengkap atau Update','2023-09-07 04:40:11','2023-09-07 04:40:11'),
	(54,15,1,'5 atau lebih Dokumen legal tidak lengkap atau Update','2023-09-07 04:40:37','2023-09-07 04:40:37'),
	(55,16,4,'sesuai tanggal permintaan','2023-09-07 04:42:18','2023-09-07 04:42:18'),
	(56,16,3,'1 hari kerja dari tanggal permintaan','2023-09-07 04:42:44','2023-09-07 04:42:44'),
	(57,16,2,'2 hari kerja dari tanggal permintaan','2023-09-07 04:43:08','2023-09-07 04:43:08'),
	(58,17,4,'Target 20 jam per bulan','2023-09-07 04:52:27','2023-09-07 04:52:27'),
	(59,17,3,'11 jam lebih atau kurang  dari 20 jam per bulan','2023-09-07 04:53:36','2023-09-07 04:53:36'),
	(60,17,2,'5 jam lebih atau kurang dari 11 jam per bulan','2023-09-07 04:55:23','2023-09-07 04:55:23'),
	(61,17,1,'kurang dari 5 jam per bulan','2023-09-07 04:55:55','2023-09-07 04:55:55'),
	(62,18,4,'Sesuai target Weekly (tracking report training) setiap hari senin, \r\nMonthly report (sarmut training ) setiap tanggal 3 bulan berikutnya.','2023-09-07 05:03:21','2023-09-07 05:03:21'),
	(63,18,3,'1 hari kerja dari target','2023-09-07 05:05:00','2023-09-07 05:05:00'),
	(64,18,2,'2 hari kerja dari target','2023-09-07 05:05:54','2023-09-07 05:05:54'),
	(65,18,1,'3 hari kerja atau lebih dari target','2023-09-07 05:06:21','2023-09-07 05:06:21'),
	(66,19,4,'sesuai target 90 hari setelah training','2023-09-07 05:09:10','2023-09-07 05:09:10'),
	(67,19,3,'1 sd 7 hari kerja  dari target','2023-09-07 05:10:17','2023-09-07 05:10:17'),
	(68,19,2,'7 sd 14 hari kerja dari target','2023-09-07 05:10:43','2023-09-07 05:10:43'),
	(69,19,1,'lebih dari 14 hari kerja dari target','2023-09-07 05:11:11','2023-09-07 05:11:11'),
	(71,21,4,'1 hari kerja untuk internal atau 3 hari kerja untuk eksternal dari tanggal diterimanya komplain','2023-09-07 05:27:43','2023-09-07 05:27:43'),
	(72,21,3,'2 hari kerja untuk internal atau 4 hari kerja untuk eksternal dari tanggal diterimanya komplain','2023-09-07 05:28:07','2023-09-07 05:28:07'),
	(73,21,2,'3 hari kerja untuk internal atau 5 hari kerja untuk eksternal dari tanggal diterimanya komplain','2023-09-07 05:28:26','2023-09-07 05:28:26'),
	(74,21,1,'Lebih dari 3 hari kerja untuk internal atau lebih dari 5 hari kerja untuk eksternal dari tanggal diterimanya komplain','2023-09-07 05:28:59','2023-09-07 05:28:59'),
	(75,22,4,'sesuai penetapan tanggal cut off + 2 hari kerja bulan berjalan','2023-09-07 05:32:20','2023-09-07 05:32:20'),
	(76,22,3,'1 hari kerja dari target bulan berjalan','2023-09-07 05:33:11','2023-09-07 05:33:11'),
	(77,22,2,'2 hari kerja dari target bulan berjalan','2023-09-07 05:33:22','2023-09-07 05:33:22'),
	(78,22,1,'3 hari kerja atau lebih dari target bulan berjalan','2023-09-07 05:33:38','2023-09-07 05:33:38'),
	(79,23,4,'Tidak ada komplain karyawan dalam periode penggajian','2023-09-07 05:35:12','2023-09-07 05:35:12'),
	(80,23,3,'Komplain 1 sampai 3 dalam  periode penggajian','2023-09-07 05:35:40','2023-09-07 05:35:40'),
	(81,23,2,'Komplain 4 sampai 6 dalam  periode penggajian','2023-09-07 05:35:54','2023-09-07 05:35:54'),
	(82,23,1,'Komplain 7 atau lebih dalam periode penggajian','2023-09-07 05:36:04','2023-09-07 05:36:04'),
	(83,24,4,'sesuai target bulan berjalan','2023-09-07 05:37:41','2023-09-07 05:37:41'),
	(84,24,3,'1 hari kerja dari target bulan berjalan','2023-09-07 05:38:13','2023-09-07 05:38:13'),
	(85,24,2,'2 hari kerja dari target bulan berjalan','2023-09-07 05:38:26','2023-09-07 05:38:26'),
	(86,24,1,'3 hari kerja atau lebih dari target bulan berjalan','2023-09-07 05:38:41','2023-09-07 05:38:41'),
	(87,25,4,'sesuai target akhir bulan berjalan','2023-09-07 05:40:04','2023-09-07 05:40:04'),
	(88,25,3,'1 hari kerja dari target','2023-09-07 05:40:36','2023-09-07 05:40:36'),
	(89,25,2,'2 hari kerja dari target','2023-09-07 05:40:48','2023-09-07 05:40:48'),
	(90,25,1,'3 hari kerja atau lebih dari target','2023-09-07 05:41:04','2023-09-07 05:41:04'),
	(91,26,4,'sesuai target akhir bulan','2023-09-07 05:42:19','2023-09-07 05:42:19'),
	(92,26,3,'1 hari kerja dari target','2023-09-07 05:42:39','2023-09-07 05:42:39'),
	(93,26,2,'2 hari kerja dari target','2023-09-07 05:42:53','2023-09-07 05:42:53'),
	(94,26,1,'3 hari kerja atau lebih dari target','2023-09-07 05:43:10','2023-09-07 05:43:10'),
	(95,27,4,'sesuai target','2023-09-07 05:44:46','2023-09-07 05:44:46'),
	(96,27,3,'1 hari kerja dari target mingguan','2023-09-07 05:45:27','2023-09-07 05:45:27'),
	(97,27,2,'2 hari kerja dari target mingguan','2023-09-07 05:45:52','2023-09-07 05:45:52'),
	(98,27,1,'3 hari kerja atau lebih dari target mingguan','2023-09-07 05:46:13','2023-09-07 05:46:13'),
	(99,28,4,'sesuai target 60 hari dari PTK diterima HRD','2023-09-08 02:45:04','2023-09-08 02:45:04'),
	(100,28,3,'1 hari kerja sampai dengan 7 hari kerja dari target','2023-09-08 02:45:53','2023-09-08 02:45:53'),
	(101,28,2,'8 hari kerja sampai dengan 14 hari kerja dari target','2023-09-08 02:46:22','2023-09-08 02:46:22'),
	(102,28,1,'15 hari kerja atau lebih dari target','2023-09-08 02:46:53','2023-09-08 02:46:53'),
	(103,29,4,'Weekly Report  (tracking recruitment) setiap hari senin, monthly report (sarmut) setiap tanggal 3 bulan berikutnya','2023-09-08 02:50:32','2023-09-08 02:50:32'),
	(104,29,3,'1 hari kerja dari target','2023-09-08 02:50:57','2023-09-08 02:50:57'),
	(105,29,2,'2 hari kerja dari target','2023-09-08 02:51:54','2023-09-08 02:51:54'),
	(106,29,1,'3 hari kerja atau lebih dari target','2023-09-08 02:52:19','2023-09-08 02:52:19'),
	(107,30,4,'Tidak ada karyawan yang terlewat kontraknya','2023-09-08 02:55:10','2023-09-08 02:55:10'),
	(108,30,3,'1 karyawan terlewat kontrak','2023-09-08 02:55:31','2023-09-08 02:55:31'),
	(109,30,2,'2 karyawan terlewat kontrak','2023-09-08 02:56:45','2023-09-08 02:56:45'),
	(110,30,1,'3 karyawan atau lebih terlewat kontrak','2023-09-08 03:04:22','2023-09-08 03:04:22'),
	(111,31,4,'sesuai target (2 hari kerja dari surat perintah tugas di terima) diserahkan ke kasir','2023-09-08 03:05:50','2023-09-08 03:05:50'),
	(112,31,3,'1  hari kerja dari target','2023-09-08 03:06:19','2023-09-08 03:06:19'),
	(113,31,2,'2  hari kerja dari target','2023-09-08 03:07:18','2023-09-08 03:07:18'),
	(114,31,1,'3  hari kerja atau lebih dari target','2023-09-08 03:07:37','2023-09-08 03:07:37'),
	(115,16,1,'3 hari kerja atau lebih dari tanggal permintaan','2023-09-08 03:11:00','2023-09-08 03:11:00'),
	(116,32,4,'Tidak ada komplain karyawan dalam periode penggajian','2023-09-08 03:19:15','2023-09-08 03:19:15'),
	(117,32,3,'Komplain 1 sampai 3 dalam periode penggajian','2023-09-08 03:19:28','2023-09-08 03:19:28'),
	(118,32,2,'Komplain 4 sampai 6 dalam periode penggajian','2023-09-08 03:19:40','2023-09-08 03:19:40'),
	(119,32,1,'Komplain 7 atau lebih dalam periode penggajian','2023-09-08 03:20:07','2023-09-08 03:20:07'),
	(120,33,4,'1 hari kerja untuk internal atau 3 hari kerja untuk eksternal dari tanggal diterimanya komplain','2023-09-08 03:26:29','2023-09-08 03:26:29'),
	(121,33,3,'2 hari kerja untuk internal atau 4 hari kerja untuk eksternal dari tanggal diterimanya komplain','2023-09-08 03:26:43','2023-09-08 03:26:43'),
	(122,33,2,'3 hari kerja untuk internal atau 5 hari kerja untuk eksternal dari tanggal diterimanya komplain','2023-09-08 03:26:58','2023-09-08 03:26:58'),
	(123,33,1,'Lebih dari 3 hari kerja untuk internal atau lebih dari 5 hari kerja untuk eksternal dari tanggal diterimanya komplain','2023-09-08 03:27:14','2023-09-08 03:27:14'),
	(124,34,4,'sesuai target 60 hari dari PTK diterima HRD','2023-09-08 03:28:37','2023-09-08 03:28:37'),
	(125,34,3,'1 hari kerja sampai dengan 7 hari kerja dari target','2023-09-08 03:28:50','2023-09-08 03:28:50'),
	(126,34,2,'8 hari kerja sampai dengan 14 hari kerja dari target','2023-09-08 03:29:03','2023-09-08 03:29:03'),
	(127,34,1,'15 hari kerja atau lebih dari target','2023-09-08 03:29:17','2023-09-08 03:29:17'),
	(128,35,4,'Tidak ada karyawan yang terlewat kontraknya','2023-09-08 03:30:33','2023-09-08 03:30:33'),
	(129,35,3,'1 karyawan terlewat kontrak','2023-09-08 03:30:45','2023-09-08 03:30:45'),
	(130,35,2,'2 karyawan terlewat kontrak','2023-09-08 03:30:58','2023-09-08 03:30:58'),
	(131,35,1,'3 karyawan atau lebih terlewat kontrak','2023-09-08 03:31:13','2023-09-08 03:31:13'),
	(132,37,4,'Target 20 jam per bulan','2023-09-08 03:33:59','2023-09-08 03:33:59'),
	(133,37,3,'11 jam lebih atau kurang dari 20 jam per bulan','2023-09-08 03:34:13','2023-09-08 03:34:13'),
	(134,37,2,'5 jam lebih atau kurang dari 11 jam per bulan','2023-09-08 03:34:25','2023-09-08 03:34:25'),
	(135,37,1,'kurang dari 5 jam per bulan','2023-09-08 03:34:38','2023-09-08 03:34:38'),
	(136,38,4,'sesuai tanggal permintaan','2023-09-08 03:36:13','2023-09-08 03:36:13'),
	(137,38,3,'1 hari kerja dari tanggal permintaan','2023-09-08 03:38:14','2023-09-08 03:38:14'),
	(138,38,2,'2 hari kerja dari permintaan','2023-09-08 03:38:28','2023-09-08 03:38:28'),
	(139,38,1,'3 hari kerja atau lebih dari tanggal permintaan','2023-09-08 03:38:43','2023-09-08 03:38:43'),
	(140,39,4,'Selalu hadir PJSM kecuali (Sakit, Ijin, Cuti, Shift malam)','2023-09-08 03:44:20','2023-09-08 03:44:20'),
	(141,39,3,'Tidak hadir PJSM  1 sampai 4 kali dalam 1 bulan','2023-09-08 03:44:49','2023-09-08 03:44:49'),
	(142,39,2,'Tidak hadir PJSM  5 sampai 8 kali dalam 1 bulan','2023-09-08 03:45:06','2023-09-08 03:45:06'),
	(143,39,1,'Tidak hadir PJSM lebih dari 8 kali dalam 1 bulan','2023-09-08 03:45:19','2023-09-08 03:45:19'),
	(148,40,4,'Submit kartu HOC 5 atau lebih dalam 1 bulan','2023-09-08 03:49:33','2023-09-08 03:49:33'),
	(149,40,3,'Submit HOC minimal 4 dalam 1 bulan','2023-09-08 03:53:18','2023-09-08 03:53:18'),
	(150,40,2,'Submit HOC minimal 3 dalam 1 bulan','2023-09-08 03:53:31','2023-09-08 03:53:31'),
	(151,40,1,'Submit HOC kurang dari 3 dalam 1 bulan','2023-09-08 03:54:25','2023-09-08 03:54:25'),
	(152,41,4,'100% Program tercapai','2023-09-08 04:02:27','2023-09-08 04:02:27'),
	(155,41,3,'Lebih dari 91% dan kurang dari 100% target tercapai','2023-09-08 04:06:23','2023-09-08 04:06:23'),
	(156,41,2,'Lebih dari 81% dan kurang dari 91% target tercapai','2023-09-08 04:06:53','2023-09-08 04:06:53'),
	(157,41,1,'Kurang dari 81% target tercapai','2023-09-08 04:07:16','2023-09-08 04:07:16'),
	(158,42,4,'Sesuai target 2 hari kerja terhitung dari laporan kerusakan diterima','2023-09-08 04:39:31','2023-09-08 04:39:31'),
	(159,42,3,'1 hari kerja dari target','2023-09-08 04:39:55','2023-09-08 04:39:55'),
	(160,42,2,'2 hari kerja dari target','2023-09-08 04:40:15','2023-09-08 04:40:15'),
	(161,42,1,'3 hari kerja atau lebih dari target','2023-09-08 04:42:16','2023-09-08 04:42:16'),
	(162,43,4,'Analisa kerusakan akurat','2023-09-08 04:44:16','2023-09-08 04:44:16'),
	(166,43,3,'1 kali salah menganalisa kerusakan dalam 1 bulan','2023-09-08 04:46:46','2023-09-08 04:46:46'),
	(167,43,2,'2 kali salah menganalisa kerusakan dalam 1 bulan','2023-09-08 04:47:02','2023-09-08 04:47:02'),
	(168,43,1,'3 kali atau lebih salah menganalisa kerusakan dalam 1 bulan','2023-09-08 04:47:18','2023-09-08 04:47:18'),
	(169,44,4,'sesuai target 3 hari kerja terhitung dari material diterima','2023-09-08 04:50:44','2023-09-08 04:50:44'),
	(170,44,3,'1 hari kerja dari target','2023-09-08 04:51:13','2023-09-08 04:51:13'),
	(171,45,4,'sesuai target 3 hari kerja terhitung dari tanggal material diterima','2023-09-08 04:52:48','2023-09-08 04:52:48'),
	(172,45,3,'1 hari kerja dari target','2023-09-08 04:53:14','2023-09-08 04:53:14'),
	(173,45,2,'2 hari kerja dari target','2023-09-08 04:53:27','2023-09-08 04:53:27'),
	(174,45,1,'3 hari kerja atau lebih dari target','2023-09-08 04:53:45','2023-09-08 04:53:45'),
	(175,46,4,'Selalu hadir PJSM kecuali (Sakit, Ijin, Cuti, Shift malam)','2023-09-08 06:39:01','2023-09-08 06:39:01'),
	(176,46,3,'Tidak hadir PJSM 1 sampai 4 kali dalam 1 bulan','2023-09-08 06:39:28','2023-09-08 06:39:28'),
	(177,46,2,'Tidak hadir PJSM 5 sampai 8 kali dalam 1 bulan','2023-09-08 06:39:46','2023-09-08 06:39:46'),
	(178,46,1,'Tidak hadir PJSM lebih dari 8 kali dalam 1 bulan','2023-09-08 06:40:00','2023-09-08 06:40:00'),
	(179,47,4,'Submit kartu HOC 5 atau lebih dalam 1 bulan','2023-09-08 06:44:18','2023-09-08 06:44:18'),
	(180,47,3,'Submit HOC minimal 4 dalam 1 bulan','2023-09-08 06:44:30','2023-09-08 06:44:30'),
	(181,47,2,'Submit HOC minimal 3 dalam 1 bulan','2023-09-08 06:44:43','2023-09-08 06:44:43'),
	(182,47,1,'Submit HOC kurang dari 3 dalam 1 bulan','2023-09-08 06:44:56','2023-09-08 06:44:56'),
	(183,48,4,'100% Program tercapai','2023-09-08 06:47:39','2023-09-08 06:47:39'),
	(184,48,3,'Lebih dari 91% dan kurang dari 100% target tercapai','2023-09-08 06:47:53','2023-09-08 06:47:53'),
	(185,48,2,'Lebih dari 81% dan kurang dari 91% target tercapai','2023-09-08 06:48:09','2023-09-08 06:48:09'),
	(186,48,1,'Kurang dari 81% target tercapai','2023-09-08 06:48:22','2023-09-08 06:48:22'),
	(187,49,4,'Selalu datang tepat waktu di lokasi kerja','2023-09-08 06:49:16','2023-09-08 06:49:16'),
	(188,49,3,'terlambat 1  sd 3 kali dalam 1 sebulan','2023-09-08 06:50:11','2023-09-08 06:50:11'),
	(189,49,2,'terlambat 4  sd 7 kali dalam 1 sebulan','2023-09-08 06:50:34','2023-09-08 06:50:34'),
	(190,49,1,'terlambat lebih dari 7 kali dalam 1 sebulan','2023-09-08 06:51:06','2023-09-08 06:51:06'),
	(191,50,4,'sesuai target 3 hari kerja terhitung dari tanggal material diterima','2023-09-08 07:01:13','2023-09-08 07:01:13'),
	(192,50,3,'1 hari kerja dari target','2023-09-08 07:01:28','2023-09-08 07:01:28'),
	(193,50,2,'2 hari kerja dari target','2023-09-08 07:01:41','2023-09-08 07:01:41'),
	(194,50,1,'3 hari kerja atau lebih dari target','2023-09-08 07:01:57','2023-09-08 07:01:57'),
	(195,51,4,'Selalu hadir PJSM kecuali (Sakit, Ijin, Cuti, Shift malam)','2023-09-08 07:04:09','2023-09-08 07:04:09'),
	(196,51,3,'Tidak hadir PJSM 1 sampai 4 kali dalam 1 bulan','2023-09-08 07:04:25','2023-09-08 07:04:25'),
	(197,51,2,'Tidak hadir PJSM 5 sampai 8 kali dalam 1 bulan','2023-09-08 07:04:42','2023-09-08 07:04:42'),
	(198,51,1,'Tidak hadir PJSM lebih dari 8 kali dalam 1 bulan','2023-09-08 07:04:55','2023-09-08 07:04:55'),
	(199,52,4,'Submit kartu HOC 5 atau lebih dalam 1 bulan','2023-09-08 07:09:52','2023-09-08 07:09:52'),
	(200,52,3,'Submit HOC minimal 4 dalam 1 bulan','2023-09-08 07:10:03','2023-09-08 07:10:03'),
	(201,52,2,'Submit HOC minimal 3 dalam 1 bulan','2023-09-08 07:10:54','2023-09-08 07:10:54'),
	(202,52,1,'Submit HOC kurang dari 3 dalam 1 bulan','2023-09-08 07:11:15','2023-09-08 07:11:15'),
	(203,53,4,'100% Program tercapai','2023-09-08 07:23:31','2023-09-08 07:23:31'),
	(204,53,3,'Lebih dari 91% dan kurang dari 100% target tercapai','2023-09-08 07:23:42','2023-09-08 07:23:42'),
	(205,53,2,'Lebih dari 81% dan kurang dari 91% target tercapai','2023-09-08 07:23:55','2023-09-08 07:23:55'),
	(206,53,1,'Kurang dari 81% target tercapai','2023-09-08 07:24:16','2023-09-08 07:24:16'),
	(211,55,4,'Analisa kerusakan akurat','2023-09-08 07:29:48','2023-09-08 07:29:48'),
	(212,55,3,'1 kali salah menganalisa kerusakan dalam 1 bulan','2023-09-08 07:30:02','2023-09-08 07:30:02'),
	(213,55,2,'2 kali salah menganalisa kerusakan dalam 1 bulan','2023-09-08 07:30:15','2023-09-08 07:30:15'),
	(214,55,1,'3 kali atau lebih salah menganalisa kerusakan dalam 1 bulan','2023-09-08 07:30:28','2023-09-08 07:30:28'),
	(215,56,4,'sesuai target 3 hari kerja terhitung dari tanggal material diterima','2023-09-08 07:31:47','2023-09-08 07:31:47'),
	(216,56,3,'1 hari kerja dari target','2023-09-08 07:32:04','2023-09-08 07:32:04'),
	(217,56,2,'2 hari kerja dari target','2023-09-08 07:32:20','2023-09-08 07:32:20'),
	(218,56,1,'3 hari kerja atau lebih dari target','2023-09-08 07:32:36','2023-09-08 07:32:36'),
	(219,57,4,'Selalu hadir PJSM kecuali (Sakit, Ijin, Cuti, Shift malam)','2023-09-08 07:34:42','2023-09-08 07:34:42'),
	(220,57,3,'Tidak hadir PJSM 1 sampai 4 kali dalam 1 bulan','2023-09-08 07:35:02','2023-09-08 07:35:02'),
	(221,57,2,'Tidak hadir PJSM 5 sampai 8 kali dalam 1 bulan','2023-09-08 07:35:17','2023-09-08 07:35:17'),
	(222,57,1,'Tidak hadir PJSM lebih dari 8 kali dalam 1 bulan','2023-09-08 07:35:38','2023-09-08 07:35:38'),
	(223,58,4,'Submit kartu HOC 5 atau lebih dalam 1 bulan','2023-09-08 07:36:24','2023-09-08 07:36:24'),
	(224,58,3,'Submit HOC minimal 4 dalam 1 bulan','2023-09-08 07:36:35','2023-09-08 07:36:35'),
	(225,58,2,'Submit HOC minimal 3 dalam 1 bulan','2023-09-08 07:36:46','2023-09-08 07:36:46'),
	(226,58,1,'Submit HOC kurang dari 3 dalam 1 bulan','2023-09-08 07:37:00','2023-09-08 07:37:00'),
	(227,59,4,'100% Program tercapai','2023-09-08 07:37:57','2023-09-08 07:37:57'),
	(228,59,3,'Lebih dari 91% dan kurang dari 100% target tercapai','2023-09-08 07:38:10','2023-09-08 07:38:10'),
	(229,59,2,'Lebih dari 81% dan kurang dari 91% target tercapai','2023-09-08 07:38:25','2023-09-08 07:38:25'),
	(230,59,1,'Kurang dari 81% target tercapai','2023-09-08 07:38:36','2023-09-08 07:38:36'),
	(231,60,4,'Selalu datang tepat waktu di lokasi kerja','2023-09-08 07:41:46','2023-09-08 07:41:46'),
	(232,60,3,'1 sd 3 kali terlambat dalam 1 bulan','2023-09-08 07:42:21','2023-09-08 07:42:21'),
	(233,60,2,'4 sd 7 kali terlambat dalam 1 bulan','2023-09-08 07:42:44','2023-09-08 07:42:44'),
	(234,61,4,'sesuai target 3 hari kerja terhitung dari tanggal material diterima','2023-09-08 07:43:57','2023-09-08 07:43:57'),
	(235,61,3,'1 hari kerja dari target','2023-09-08 07:44:10','2023-09-08 07:44:10'),
	(236,61,2,'2 hari kerja dari target','2023-09-08 07:44:24','2023-09-08 07:44:24'),
	(237,61,1,'3 hari kerja atau lebih dari target','2023-09-08 07:44:38','2023-09-08 07:44:38'),
	(238,62,4,'Selalu hadir PJSM kecuali (Sakit, Ijin, Cuti, Shift malam)','2023-09-08 07:47:23','2023-09-08 07:47:23'),
	(239,62,3,'Tidak hadir PJSM 1 sampai 4 kali dalam 1 bulan','2023-09-08 07:47:35','2023-09-08 07:47:35'),
	(240,62,2,'Tidak hadir PJSM 5 sampai 8 kali dalam 1 bulan','2023-09-08 07:47:51','2023-09-08 07:47:51'),
	(241,62,1,'Tidak hadir PJSM lebih dari 8 kali dalam 1 bulan','2023-09-08 07:48:09','2023-09-08 07:48:09'),
	(242,63,4,'Submit kartu HOC 5 atau lebih dalam 1 bulan','2023-09-11 02:38:11','2023-09-11 02:38:11'),
	(243,63,3,'Submit HOC minimal 4 dalam 1 bulan','2023-09-11 02:38:24','2023-09-11 02:38:24'),
	(244,63,2,'Submit HOC minimal 3 dalam 1 bulan','2023-09-11 02:38:40','2023-09-11 02:38:40'),
	(245,63,1,'Submit HOC kurang dari 3 dalam 1 bulan','2023-09-11 02:38:52','2023-09-11 02:38:52'),
	(246,64,4,'100% Program tercapai','2023-09-11 02:55:32','2023-09-11 02:55:32'),
	(247,64,3,'Lebih dari 91% dan kurang dari 100% target tercapai','2023-09-11 02:55:44','2023-09-11 02:55:44'),
	(248,64,2,'Lebih dari 81% dan kurang dari 91% target tercapai','2023-09-11 02:55:56','2023-09-11 02:55:56'),
	(249,64,1,'Kurang dari 81% target tercapai','2023-09-11 02:56:10','2023-09-11 02:56:10'),
	(250,65,4,'Sesuai target 3 hari kerja terhitung dari laporan kerusakan diterima','2023-09-11 02:58:32','2023-09-11 02:58:32'),
	(251,65,3,'1 hari kerja dari target','2023-09-11 02:58:49','2023-09-11 02:58:49'),
	(252,65,2,'2 hari kerja dari target','2023-09-11 02:59:02','2023-09-11 02:59:02'),
	(253,65,1,'3 hari kerja atau lebih dari target','2023-09-11 02:59:15','2023-09-11 02:59:15'),
	(255,54,4,'Sesuai target 3 hari kerja terhitung dari laporan kerusakan diterima','2023-09-11 02:59:35','2023-09-11 02:59:35'),
	(258,66,4,'Sesuai target 3 hari kerja terhitung dari laporan kerusakan diterima','2023-09-13 01:54:06','2023-09-13 01:54:06'),
	(259,66,3,'1 hari kerja dari target','2023-09-13 01:54:48','2023-09-13 01:54:48'),
	(260,66,2,'2 hari kerja dari target','2023-09-13 01:55:13','2023-09-13 01:55:13'),
	(261,66,1,'3 hari kerja dari target','2023-09-13 01:55:36','2023-09-13 01:55:36'),
	(262,67,4,'Analisa kerusakan akurat','2023-09-13 02:05:19','2023-09-13 02:05:19'),
	(263,67,3,'1 kali salah menganalisa kerusakan dalam 1 bulan','2023-09-13 02:05:44','2023-09-13 02:05:44'),
	(264,67,2,'2 kali salah menganalisa kerusakan dalam 1 bulan','2023-09-13 02:06:05','2023-09-13 02:06:05'),
	(265,67,1,'3 kali atau lebih salah menganalisa kerusakan dalam 1 bulan','2023-09-13 02:06:26','2023-09-13 02:06:26'),
	(266,68,4,'sesuai target 7 hari kerja terhitung dari tanggal material diterima','2023-09-14 11:56:45','2023-09-14 11:56:45'),
	(267,68,3,'1 hari kerja dari target','2023-09-14 11:56:59','2023-09-14 11:56:59'),
	(268,68,2,'2 hari kerja dari target','2023-09-14 11:57:16','2023-09-14 11:57:16'),
	(269,68,1,'3 hari kerja atau lebih dari target','2023-09-14 11:57:33','2023-09-14 11:57:33'),
	(270,69,4,'sesuai target 5 hari kerja terhitung dari tanggal material diterima','2023-09-14 11:59:13','2023-09-14 11:59:13'),
	(271,69,3,'1 hari kerja dari target','2023-09-14 11:59:32','2023-09-14 11:59:32'),
	(272,69,2,'2 hari kerja dari target','2023-09-14 11:59:45','2023-09-14 11:59:45'),
	(273,69,1,'3 hari kerja atau lebih dari target','2023-09-14 12:00:02','2023-09-14 12:00:02'),
	(274,70,4,'sesuai target 5 hari kerja terhitung dari tanggal material diterima','2023-09-14 12:02:36','2023-09-14 12:02:36'),
	(275,70,3,'1 hari kerja dari target','2023-09-14 12:02:50','2023-09-14 12:02:50'),
	(276,70,2,'2 hari kerja dari target','2023-09-14 12:03:03','2023-09-14 12:03:03'),
	(277,70,1,'3 hari kerja atau lebih dari target','2023-09-14 12:03:20','2023-09-14 12:03:20'),
	(278,71,4,'Selalu hadir PJSM kecuali (Sakit, Ijin, Cuti, Shift malam)','2023-09-14 12:06:57','2023-09-14 12:06:57'),
	(279,71,3,'Tidak hadir PJSM 1 sampai 4 kali dalam 1 bulan','2023-09-14 12:07:11','2023-09-14 12:07:11'),
	(280,71,2,'Tidak hadir PJSM 5 sampai 8 kali dalam 1 bulan','2023-09-14 12:07:25','2023-09-14 12:07:25'),
	(281,71,1,'Tidak hadir PJSM lebih dari 8 kali dalam 1 bulan','2023-09-14 12:07:37','2023-09-14 12:07:37'),
	(282,72,4,'Submit kartu HOC 5 atau lebih dalam 1 bulan','2023-09-14 12:08:23','2023-09-14 12:08:23'),
	(283,72,3,'Submit HOC minimal 4 dalam 1 bulan','2023-09-14 12:08:35','2023-09-14 12:08:35'),
	(284,72,1,'Submit HOC kurang dari 3 dalam 1 bulan','2023-09-14 12:09:01','2023-09-14 12:09:01'),
	(285,73,4,'100% Program tercapai','2023-09-14 14:03:31','2023-09-14 14:03:31'),
	(286,73,3,'Lebih dari 91% dan kurang dari 100% target tercapai','2023-09-14 14:03:47','2023-09-14 14:03:47'),
	(287,73,2,'Lebih dari 81% dan kurang dari 91% target tercapai','2023-09-14 14:04:00','2023-09-14 14:04:00'),
	(288,73,1,'Kurang dari 81% target tercapai','2023-09-14 14:04:15','2023-09-14 14:04:15'),
	(289,74,4,'Selalu datang tepat waktu di lokasi kerja','2023-09-14 14:05:41','2023-09-14 14:05:41'),
	(290,74,3,'terlambat 1 sd 3 kali dalam 1 sebulan','2023-09-14 14:05:56','2023-09-14 14:05:56'),
	(291,74,2,'terlambat 4 sd 7 kali dalam 1 sebulan','2023-09-14 14:06:12','2023-09-14 14:06:12'),
	(292,74,1,'terlambat lebih dari 7 kali dalam 1 sebulan','2023-09-14 14:06:31','2023-09-14 14:06:31'),
	(293,75,4,'sesuai target 7 hari kerja terhitung dari tanggal material diterima','2023-09-14 14:07:28','2023-09-14 14:07:28'),
	(294,75,3,'1 hari kerja dari target','2023-09-14 14:07:44','2023-09-14 14:07:44'),
	(295,75,2,'2 hari kerja dari target','2023-09-14 14:08:08','2023-09-14 14:08:08'),
	(296,75,1,'3 hari kerja atau lebih dari target','2023-09-14 14:08:48','2023-09-14 14:08:48'),
	(297,77,4,'Selalu hadir PJSM kecuali (Sakit, Ijin, Cuti, Shift malam)','2023-09-14 14:18:34','2023-09-14 14:18:34'),
	(298,77,3,'Tidak hadir PJSM 1 sampai 4 kali dalam 1 bulan','2023-09-14 14:18:48','2023-09-14 14:18:48'),
	(299,77,2,'Tidak hadir PJSM 5 sampai 8 kali dalam 1 bulan','2023-09-14 14:19:05','2023-09-14 14:19:05'),
	(300,77,1,'Tidak hadir PJSM lebih dari 8 kali dalam 1 bulan','2023-09-14 14:19:21','2023-09-14 14:19:21'),
	(301,78,4,'Submit kartu HOC 5 atau lebih dalam 1 bulan','2023-09-14 14:20:19','2023-09-14 14:20:19'),
	(302,78,3,'Submit HOC minimal 4 dalam 1 bulan','2023-09-14 14:20:35','2023-09-14 14:20:35'),
	(303,78,2,'Submit HOC minimal 3 dalam 1 bulan','2023-09-14 14:20:49','2023-09-14 14:20:49'),
	(304,78,1,'Submit HOC kurang dari 3 dalam 1 bulan','2023-09-14 14:21:03','2023-09-14 14:21:03'),
	(305,80,4,'100% Program tercapai','2023-09-14 14:23:59','2023-09-14 14:23:59'),
	(306,80,3,'Lebih dari 91% dan kurang dari 100% target tercapai','2023-09-14 14:24:16','2023-09-14 14:24:16'),
	(307,80,2,'Lebih dari 81% dan kurang dari 91% target tercapai','2023-09-14 14:24:27','2023-09-14 14:24:27'),
	(308,80,1,'Kurang dari 81% target tercapai','2023-09-14 14:24:40','2023-09-14 14:24:40'),
	(309,81,4,'Membuat dan mengirimkan daily report sesuai target via Email atau WA Group','2023-09-14 14:26:40','2023-09-14 14:26:40'),
	(310,81,3,'1 hari kerja dari target','2023-09-14 14:27:02','2023-09-14 14:27:02'),
	(311,81,2,'2 hari kerja dari target','2023-09-14 14:27:16','2023-09-14 14:27:16'),
	(312,81,1,'3 hari kerja atau lebih dari target','2023-09-14 14:28:36','2023-09-14 14:28:36'),
	(313,82,4,'sesuai target 5 hari kerja terhitung dari tanggal material diterima','2023-09-14 14:31:40','2023-09-14 14:31:40'),
	(314,82,3,'1 hari kerja dari target','2023-09-14 14:31:54','2023-09-14 14:31:54'),
	(315,82,2,'2 hari kerja dari target','2023-09-14 14:32:13','2023-09-14 14:32:13'),
	(316,82,1,'3 hari kerja atau lebih dari target','2023-09-14 14:32:32','2023-09-14 14:32:32'),
	(317,83,4,'Selalu hadir PJSM kecuali (Sakit, Ijin, Cuti)','2023-09-18 14:53:56','2023-09-18 14:53:56'),
	(318,83,3,'Tidak hadir PJSM 1 sampai 4 kali dalam 1 bulan','2023-09-18 14:54:07','2023-09-18 14:54:07'),
	(319,83,2,'Tidak hadir PJSM 5 sampai 8 kali dalam 1 bulan','2023-09-18 14:54:18','2023-09-18 14:54:18'),
	(320,83,1,'Tidak hadir PJSM lebih dari 8 kali dalam 1 bulan','2023-09-18 14:54:30','2023-09-18 14:54:30'),
	(321,84,4,'Submit kartu HOC 5 atau lebih dalam 1 bulan','2023-09-18 14:55:27','2023-09-18 14:55:27'),
	(322,84,3,'Submit HOC minimal 4 dalam 1 bulan','2023-09-18 14:55:39','2023-09-18 14:55:39'),
	(323,84,2,'Submit HOC minimal 3 dalam 1 bulan','2023-09-18 14:55:49','2023-09-18 14:55:49'),
	(324,84,1,'Submit HOC kurang dari 3 dalam 1 bulan','2023-09-18 14:56:00','2023-09-18 14:56:00'),
	(325,85,4,'Melakukan pekerjaan sesuai dengan arahan atasan','2023-09-21 10:24:58','2023-09-21 10:24:58'),
	(326,85,3,'1 sd 2 kali melakukan pekerjaan tidak sesuai dengan arahan atasan dalam 1 bulan','2023-09-21 10:25:30','2023-09-21 10:25:30'),
	(327,85,2,'3 sd 4 kali melakukan pekerjaan tidak sesuai dengan arahan atasan dalam 1 bulan','2023-09-21 10:25:47','2023-09-21 10:25:47'),
	(328,85,1,'5 kali atau lebih melakukan pekerjaan tidak sesuai dengan arahan atasan dalam 1 bulan','2023-09-21 10:26:32','2023-09-21 10:26:32'),
	(329,86,4,'Menyelesaikan pekerjaan sesuai target','2023-09-21 10:30:07','2023-09-21 10:30:07'),
	(330,86,3,'1 hari kerja dari target penyelesaian','2023-09-21 10:31:46','2023-09-21 10:31:46'),
	(331,86,2,'2 sd 3 hari kerja dari target penyelesaian','2023-09-21 10:32:37','2023-09-21 10:32:37'),
	(332,86,1,'5 hari kerja atau lebih dari target penyelesaian','2023-09-21 10:34:50','2023-09-21 10:34:50'),
	(333,87,4,'Selalu hadir PJSM kecuali (Sakit, Ijin, Cuti)','2023-09-21 10:42:04','2023-09-21 10:42:04'),
	(334,87,3,'Tidak hadir PJSM 1 sampai 4 kali dalam 1 bulan','2023-09-21 10:42:17','2023-09-21 10:42:17'),
	(335,87,2,'Tidak hadir PJSM 5 sampai 8 kali dalam 1 bulan','2023-09-21 10:42:30','2023-09-21 10:42:30'),
	(336,87,1,'Tidak hadir PJSM lebih dari 8 kali dalam 1 bulan','2023-09-21 10:42:48','2023-09-21 10:42:48'),
	(337,88,4,'Menyelesaikan pekerjaan sesuai target','2023-09-21 10:44:03','2023-09-21 10:44:03'),
	(338,88,3,'1 hari kerja dari target penyelesaian','2023-09-21 10:44:17','2023-09-21 10:44:17'),
	(339,88,2,'2 sd 3 hari kerja dari target penyelesaian','2023-09-21 10:44:29','2023-09-21 10:44:29'),
	(340,88,1,'5 hari kerja atau lebih dari target penyelesaian','2023-09-21 10:44:42','2023-09-21 10:44:42'),
	(341,89,4,'Pengadaan sesuai target','2023-09-21 10:45:46','2023-09-21 10:45:46'),
	(342,89,3,'1 hari kerja dari target','2023-09-21 10:46:09','2023-09-21 10:46:09'),
	(343,89,2,'2 sd 3 hari kerja dari target','2023-09-21 10:46:26','2023-09-21 10:46:26'),
	(344,89,1,'4 hari kerja atau lebih dari target','2023-09-21 10:46:47','2023-09-21 10:46:47'),
	(345,90,4,'Submit kartu HOC 5 atau lebih dalam 1 bulan','2023-09-21 10:47:33','2023-09-21 10:47:33'),
	(346,90,3,'Submit HOC minimal 4 dalam 1 bulan','2023-09-21 10:47:45','2023-09-21 10:47:45'),
	(347,90,2,'Submit HOC minimal 3 dalam 1 bulan','2023-09-21 10:48:00','2023-09-21 10:48:00'),
	(348,90,1,'Submit HOC kurang dari 3 dalam 1 bulan','2023-09-21 10:48:18','2023-09-21 10:48:18'),
	(349,91,4,'Selalu hadir PJSM kecuali (Sakit, Ijin, Cuti)','2023-09-21 10:51:35','2023-09-21 10:51:35'),
	(350,91,3,'Tidak hadir PJSM 1 sampai 4 kali dalam 1 bulan','2023-09-21 10:51:47','2023-09-21 10:51:47'),
	(351,91,2,'Tidak hadir PJSM 5 sampai 8 kali dalam 1 bulan','2023-09-21 10:52:00','2023-09-21 10:52:00'),
	(352,91,1,'Tidak hadir PJSM lebih dari 8 kali dalam 1 bulan','2023-09-21 10:52:11','2023-09-21 10:52:11'),
	(353,92,4,'Submit kartu HOC 5 atau lebih dalam 1 bulan','2023-09-21 10:52:53','2023-09-21 10:52:53'),
	(354,92,3,'Submit HOC minimal 4 dalam 1 bulan','2023-09-21 10:55:35','2023-09-21 10:55:35'),
	(355,92,2,'Submit HOC minimal 3 dalam 1 bulan','2023-09-21 10:55:47','2023-09-21 10:55:47'),
	(356,92,1,'Submit HOC kurang dari 3 dalam 1 bulan','2023-09-21 10:56:01','2023-09-21 10:56:01'),
	(357,93,4,'Melakukan pekerjaan sesuai dengan arahan atasan','2023-09-21 10:57:09','2023-09-21 10:57:09'),
	(358,93,3,'1 sd 2 kali melakukan pekerjaan tidak sesuai dengan arahan atasan dalam 1 bulan','2023-09-21 10:57:26','2023-09-21 10:57:26'),
	(359,93,2,'3 sd 4 kali melakukan pekerjaan tidak sesuai dengan arahan atasan dalam 1 bulan','2023-09-21 10:57:38','2023-09-21 10:57:38'),
	(360,93,1,'5 kali atau lebih melakukan pekerjaan tidak sesuai dengan arahan atasan dalam 1 bulan','2023-09-21 10:57:51','2023-09-21 10:57:51'),
	(361,94,4,'Tidak terdapat area kotor','2023-09-21 11:01:54','2023-09-21 11:01:54'),
	(362,94,3,'Terdapat 1 area kotor dari hasil inspeksi','2023-09-21 11:05:05','2023-09-21 11:05:05'),
	(363,94,2,'Terdapat 2 area kotor dari hasil inspeksi','2023-09-21 11:05:34','2023-09-21 11:05:34'),
	(364,94,1,'Terdapat 3 atau lebih area kotor dari hasil inspeksi','2023-09-21 11:06:13','2023-09-21 11:06:13'),
	(366,95,4,'Pencapaian 91% sd 100% dari target','2023-09-21 11:41:54','2023-09-21 11:41:54'),
	(367,95,3,'Pencapaian lebih besar dari 75% dan kurang dari 91% dari target','2023-09-21 11:43:47','2023-09-21 11:43:47'),
	(368,95,2,'Pencapaian lebih besar dari 60% dan kurang dari 75% dari target','2023-09-21 11:44:10','2023-09-21 11:44:10'),
	(369,95,1,'Pencapaian kurang atau sama dengan 60% dari target','2023-09-21 11:45:02','2023-09-21 11:45:02'),
	(370,96,4,'Pencapaian 91% sd 100% dari target','2023-09-21 11:46:39','2023-09-21 11:46:39'),
	(371,96,3,'Pencapaian lebih besar dari 75% dan kurang dari 91% dari target','2023-09-21 11:46:59','2023-09-21 11:46:59'),
	(372,96,2,'Pencapaian lebih besar dari 60% dan kurang dari 75% dari target','2023-09-21 11:47:14','2023-09-21 11:47:14'),
	(373,96,1,'Pencapaian kurang atau sama dengan 60% dari target','2023-09-21 11:47:28','2023-09-21 11:47:28'),
	(374,97,4,'Pencapaian 91% sd 100% dari target','2023-09-21 11:48:58','2023-09-21 11:48:58'),
	(375,97,3,'Pencapaian lebih besar dari 75% dan kurang dari 91% dari target','2023-09-21 11:49:12','2023-09-21 11:49:12'),
	(376,97,2,'Pencapaian lebih besar dari 60% dan kurang dari 75% dari target','2023-09-21 11:49:25','2023-09-21 11:49:25'),
	(377,97,1,'Pencapaian kurang atau sama dengan 60% dari target','2023-09-21 11:49:37','2023-09-21 11:49:37'),
	(378,98,4,'Pencapaian sesuai target','2023-09-21 11:55:28','2023-09-21 11:55:28'),
	(379,98,1,'Pencapaian tidak tercapai','2023-09-21 11:55:51','2023-09-21 11:55:51'),
	(380,99,4,'Pencapaian 91% sd 100% dari target','2023-09-21 11:58:04','2023-09-21 11:58:04'),
	(381,99,3,'Pencapaian lebih besar dari 75% dan kurang dari 91% dari target','2023-09-21 11:58:18','2023-09-21 11:58:18'),
	(382,99,2,'Pencapaian lebih besar dari 60% dan kurang dari 75% dari target','2023-09-21 11:58:29','2023-09-21 11:58:29'),
	(383,99,1,'Pencapaian kurang atau sama dengan 60% dari target','2023-09-21 11:58:39','2023-09-21 11:58:39'),
	(384,100,4,'Pencapaian 91% sd 100% dari target','2023-09-21 11:59:59','2023-09-21 11:59:59'),
	(385,100,3,'Pencapaian lebih besar dari 75% dan kurang dari 91% dari target','2023-09-21 12:00:11','2023-09-21 12:00:11'),
	(386,100,2,'Pencapaian lebih besar dari 60% dan kurang dari 75% dari target','2023-09-21 12:00:24','2023-09-21 12:00:24'),
	(387,100,1,'Pencapaian kurang atau sama dengan 60% dari target','2023-09-21 12:00:36','2023-09-21 12:00:36'),
	(388,101,4,'Pencapaian 91% sd 100% dari target','2023-09-21 12:03:47','2023-09-21 12:03:47'),
	(389,101,3,'Pencapaian lebih besar dari 75% dan kurang dari 91% dari target','2023-09-21 12:03:59','2023-09-21 12:03:59'),
	(390,101,2,'Pencapaian lebih besar dari 60% dan kurang dari 75% dari target','2023-09-21 12:04:11','2023-09-21 12:04:11'),
	(391,101,1,'Pencapaian kurang atau sama dengan 60% dari target','2023-09-21 12:04:24','2023-09-21 12:04:24'),
	(392,102,4,'Pencapaian sesuai target','2023-09-21 12:05:39','2023-09-21 12:05:39'),
	(393,102,1,'Pencapaian tidak tercapai','2023-09-21 12:05:53','2023-09-21 12:05:53'),
	(394,103,4,'Pencapaian 91% sd 100% dari target','2023-09-21 12:07:51','2023-09-21 12:07:51'),
	(395,103,3,'Pencapaian lebih besar dari 75% dan kurang dari 91% dari target','2023-09-21 12:08:04','2023-09-21 12:08:04'),
	(396,103,2,'Pencapaian lebih besar dari 60% dan kurang dari 75% dari target','2023-09-21 12:08:15','2023-09-21 12:08:15'),
	(397,103,1,'Pencapaian kurang atau sama dengan 60% dari target','2023-09-21 12:08:27','2023-09-21 12:08:27'),
	(398,104,4,'Pencapaian 91% sd 100% dari target','2023-09-21 12:09:12','2023-09-21 12:09:12'),
	(399,104,3,'Pencapaian lebih besar dari 75% dan kurang dari 91% dari target','2023-09-21 12:09:26','2023-09-21 12:09:26'),
	(400,104,2,'Pencapaian lebih besar dari 60% dan kurang dari 75% dari target','2023-09-21 12:09:43','2023-09-21 12:09:43'),
	(401,104,1,'Pencapaian kurang atau sama dengan 60% dari target','2023-09-21 12:09:54','2023-09-21 12:09:54'),
	(402,105,4,'Pencapaian sesuai target','2023-09-21 12:10:48','2023-09-21 12:10:48'),
	(403,105,1,'Pencapaian tidak tercapai','2023-09-21 12:10:56','2023-09-21 12:10:56'),
	(404,106,4,'Pencapaian 91% sd 100% dari target','2023-09-22 09:32:43','2023-09-22 09:32:43'),
	(405,106,3,'Pencapaian lebih besar dari 75% dan kurang dari 91% dari target','2023-09-22 09:32:56','2023-09-22 09:32:56'),
	(406,106,2,'Pencapaian lebih besar dari 60% dan kurang dari 75% dari target','2023-09-22 09:33:08','2023-09-22 09:33:08'),
	(407,106,1,'Pencapaian kurang atau sama dengan 60% dari target','2023-09-22 09:33:18','2023-09-22 09:33:18'),
	(408,107,4,'Pencapaian 91% sd 100% dari target','2023-09-22 09:33:55','2023-09-22 09:33:55'),
	(409,107,3,'Pencapaian lebih besar dari 75% dan kurang dari 91% dari target','2023-09-22 09:34:05','2023-09-22 09:34:05'),
	(410,107,2,'Pencapaian lebih besar dari 60% dan kurang dari 75% dari target','2023-09-22 09:34:16','2023-09-22 09:34:16'),
	(411,107,1,'Pencapaian kurang atau sama dengan 60% dari target','2023-09-22 09:34:25','2023-09-22 09:34:25'),
	(412,108,4,'Pencapaian 91% sd 100% dari target','2023-09-22 09:35:07','2023-09-22 09:35:07'),
	(413,108,3,'Pencapaian lebih besar dari 75% dan kurang dari 91% dari target','2023-09-22 09:35:17','2023-09-22 09:35:17'),
	(414,108,2,'Pencapaian lebih besar dari 60% dan kurang dari 75% dari target','2023-09-22 09:35:29','2023-09-22 09:35:29'),
	(415,108,1,'Pencapaian kurang atau sama dengan 60% dari target','2023-09-22 09:35:39','2023-09-22 09:35:39'),
	(416,109,4,'Pencapaian sesuai target','2023-09-22 09:36:22','2023-09-22 09:36:22'),
	(417,109,1,'Pencapaian tidak tercapai','2023-09-22 09:36:47','2023-09-22 09:36:47'),
	(418,110,4,'Selalu hadir PJSM kecuali (Sakit, Ijin, Cuti)','2023-09-22 13:52:48','2023-09-22 13:52:48'),
	(419,110,3,'Tidak hadir PJSM 1 sampai 4 kali dalam 1 bulan','2023-09-22 13:53:08','2023-09-22 13:53:08'),
	(420,110,2,'Tidak hadir PJSM 5 sampai 8 kali dalam 1 bulan','2023-09-22 13:53:20','2023-09-22 13:53:20'),
	(421,110,1,'Tidak hadir PJSM lebih dari 8 kali dalam 1 bulan','2023-09-22 13:53:45','2023-09-22 13:53:45'),
	(422,111,4,'Selalu menggunakan APD mandatory lengkap disetiap kegiatan dalam 1 bulan','2023-09-22 13:56:44','2023-09-22 13:56:44'),
	(423,111,3,'1 Kali tidak menggunakan APD mandatory lengkap dalam  1 bulan','2023-09-22 13:57:27','2023-09-22 13:57:27'),
	(424,111,2,'2 Kali tidak menggunakan APD mandatory lengkap dalam 1 bulan','2023-09-22 13:57:58','2023-09-22 13:57:58'),
	(425,111,1,'3 Kali atau lebih tidak menggunakan APD mandatory lengkap dalam 1 bulan','2023-09-22 13:58:21','2023-09-22 13:58:21'),
	(426,112,4,'Selalu datang tepat waktu di lokasi kerja','2023-09-22 13:59:32','2023-09-22 13:59:32'),
	(427,112,3,'terlambat 1 sd 4 kali dalam 1 sebulan','2023-09-22 14:01:06','2023-09-22 14:01:06'),
	(428,112,2,'terlambat 5 sd 8 kali dalam 1 sebulan','2023-09-22 14:01:21','2023-09-22 14:01:21'),
	(429,113,4,'Submit kartu HOC 5 atau lebih dalam 1 bulan','2023-09-29 12:52:27','2023-09-29 12:52:27'),
	(430,113,3,'Submit HOC minimal 4 dalam 1 bulan','2023-09-29 12:52:40','2023-09-29 12:52:40'),
	(431,113,2,'Submit HOC minimal 3 dalam 1 bulan','2023-09-29 12:52:54','2023-09-29 12:52:54'),
	(432,113,1,'Submit HOC kurang dari 3 dalam 1 bulan','2023-09-29 12:53:06','2023-09-29 12:53:06'),
	(433,114,4,'Selalu hadir PJSM kecuali (Sakit, Ijin, Cuti)','2023-10-02 09:12:04','2023-10-02 09:12:04'),
	(434,114,3,'Tidak hadir PJSM 1 sampai 4 kali dalam 1 bulan','2023-10-02 09:12:18','2023-10-02 09:12:18'),
	(435,114,2,'Tidak hadir PJSM 5 sampai 8 kali dalam 1 bulan','2023-10-02 09:12:30','2023-10-02 09:12:30'),
	(436,114,1,'Tidak hadir PJSM lebih dari 8 kali dalam 1 bulan','2023-10-02 09:12:42','2023-10-02 09:12:42'),
	(437,115,4,'Submit kartu HOC 5 atau lebih dalam 1 bulan','2023-10-02 09:13:33','2023-10-02 09:13:33'),
	(438,115,3,'Submit HOC minimal 4 dalam 1 bulan','2023-10-02 09:13:44','2023-10-02 09:13:44'),
	(439,115,2,'Submit HOC minimal 3 dalam 1 bulan','2023-10-02 09:13:59','2023-10-02 09:13:59'),
	(440,115,1,'Submit HOC kurang dari 3 dalam 1 bulan','2023-10-02 09:14:09','2023-10-02 09:14:09'),
	(441,116,4,'Report tepat waktu sesuai tanggal','2023-10-02 09:16:22','2023-10-02 09:16:22'),
	(442,116,3,'1 hari kerja dari target','2023-10-02 09:16:47','2023-10-02 09:16:47'),
	(443,116,2,'2 hari kerja dari target','2023-10-02 09:17:01','2023-10-02 09:17:01'),
	(444,116,1,'3 hari kerja atau lebih dari target','2023-10-02 09:17:13','2023-10-02 09:17:13'),
	(445,117,4,'Data cargo / material , berat dan Dimesi sesuai dengan Actual dalam 1 bulan','2023-10-02 09:18:40','2023-10-02 09:18:40'),
	(446,117,3,'1 sd 3 kali salah pencatatan dengan Actual dalam 1 bulan','2023-10-02 09:19:35','2023-10-02 09:19:35'),
	(447,117,2,'4 sd 6 kali salah pencatatan dengan Actual dalam 1 bulan','2023-10-02 09:19:58','2023-10-02 09:19:58'),
	(448,117,1,'7 kali atau lebih salah pencatatan dengan Actual dalam 1 bulan','2023-10-02 09:20:37','2023-10-02 09:20:37'),
	(449,118,4,'Selalu hadir PJSM kecuali (Sakit, Ijin, Cuti)','2023-10-02 14:47:50','2023-10-02 14:47:50'),
	(450,118,3,'Tidak hadir PJSM 1 sampai 4 kali dalam 1 bulan','2023-10-02 14:48:01','2023-10-02 14:48:01'),
	(451,118,2,'Tidak hadir PJSM 5 sampai 8 kali dalam 1 bulan','2023-10-02 14:48:14','2023-10-02 14:48:14'),
	(452,118,1,'Tidak hadir PJSM lebih dari 8 kali dalam 1 bulan','2023-10-02 14:48:26','2023-10-02 14:48:26'),
	(453,119,4,'Submit kartu HOC 5 atau lebih dalam 1 bulan','2023-10-02 14:50:23','2023-10-02 14:50:23'),
	(454,119,3,'Submit HOC minimal 4 dalam 1 bulan','2023-10-02 14:50:39','2023-10-02 14:50:39'),
	(455,119,2,'Submit HOC minimal 3 dalam 1 bulan','2023-10-02 14:50:50','2023-10-02 14:50:50'),
	(456,119,1,'Submit HOC kurang dari 3 dalam 1 bulan','2023-10-02 14:51:06','2023-10-02 14:51:06'),
	(457,120,4,'Report sesuai target daily','2023-10-02 14:58:16','2023-10-02 14:58:16'),
	(458,120,3,'1 hari kerja dari target','2023-10-02 14:58:35','2023-10-02 14:58:35'),
	(459,120,2,'2 hari kerja dari target','2023-10-02 14:59:13','2023-10-02 14:59:13'),
	(460,120,1,'3 hari kerja atau lebih dari target','2023-10-02 14:59:24','2023-10-02 14:59:24'),
	(461,121,4,'Selalu membuat Pre Use Checklist setiap melakukan pekerjaan','2023-10-02 15:02:52','2023-10-02 15:02:52'),
	(462,122,4,'Selalu membuat Pre Use Checklist setiap melakukan pekerjaan dalam 1 bulan','2023-10-02 15:05:16','2023-10-02 15:05:16'),
	(463,122,3,'1 kali tidak membuat Pre Use Checkilist dalam 1 bulan','2023-10-02 15:05:47','2023-10-02 15:05:47'),
	(464,122,2,'2 kali tidak membuat Pre Use Checkilist dalam 1 bulan','2023-10-02 15:05:58','2023-10-02 15:05:58'),
	(465,122,1,'3 kali atau lebih tidak membuat Pre Use Checkilist dalam 1 bulan','2023-10-02 15:06:18','2023-10-02 15:06:18'),
	(466,123,4,'Selalu hadir PJSM kecuali (Sakit, Ijin, Cuti)','2023-10-02 15:08:25','2023-10-02 15:08:25'),
	(467,123,3,'Tidak hadir PJSM 1 sampai 4 kali dalam 1 bulan','2023-10-02 15:08:39','2023-10-02 15:08:39'),
	(468,123,2,'Tidak hadir PJSM 5 sampai 8 kali dalam 1 bulan','2023-10-02 15:08:51','2023-10-02 15:08:51'),
	(469,123,1,'Tidak hadir PJSM lebih dari 8 kali dalam 1 bulan','2023-10-02 15:09:02','2023-10-02 15:09:02'),
	(470,124,4,'Submit kartu HOC 5 atau lebih dalam 1 bulan','2023-10-02 15:09:41','2023-10-02 15:09:41'),
	(471,124,3,'Submit HOC minimal 4 dalam 1 bulan','2023-10-02 15:09:57','2023-10-02 15:09:57'),
	(472,124,2,'Submit HOC minimal 3 dalam 1 bulan','2023-10-02 15:10:11','2023-10-02 15:10:11'),
	(473,124,1,'Submit HOC kurang dari 3 dalam 1 bulan','2023-10-02 15:10:26','2023-10-02 15:10:26'),
	(474,125,4,'Report sesuai target daily','2023-10-02 15:11:36','2023-10-02 15:11:36'),
	(475,125,3,'1 hari kerja dari target','2023-10-02 15:11:47','2023-10-02 15:11:47'),
	(476,125,2,'2 hari kerja dari target','2023-10-02 15:12:00','2023-10-02 15:12:00'),
	(477,125,1,'3 hari kerja atau lebih dari target','2023-10-02 15:12:12','2023-10-02 15:12:12'),
	(478,126,4,'Selalu membuat Pre Use Checklist setiap melakukan pekerjaan dalam 1 bulan','2023-10-02 15:12:50','2023-10-02 15:12:50'),
	(479,126,3,'1 kali tidak membuat Pre Use Checkilist dalam 1 bulan','2023-10-02 15:13:06','2023-10-02 15:13:06'),
	(480,126,2,'2 kali tidak membuat Pre Use Checkilist dalam 1 bulan','2023-10-02 15:13:17','2023-10-02 15:13:17'),
	(481,126,1,'3 kali atau lebih tidak membuat Pre Use Checkilist dalam 1 bulan','2023-10-02 15:13:29','2023-10-02 15:13:29'),
	(482,127,4,'Membuat Job Report sesuai target penerimaan Tally sheet sampai dengan tanda tangan Shorebase Manager/ Asst. Manager Operation','2023-10-02 15:19:16','2023-10-02 15:19:16'),
	(483,127,3,'1 hari kerja dari target','2023-10-02 15:19:33','2023-10-02 15:19:33'),
	(484,127,2,'2 hari kerja dari target','2023-10-02 15:19:57','2023-10-02 15:19:57'),
	(485,127,1,'3 hari kerja atau lebih dari target','2023-10-02 15:20:14','2023-10-02 15:20:14'),
	(486,129,4,'Report bulanan setiap tanggal 3 bulan berikutnya sampai dengan tanda tangan Shorebase Manager/ Asst. Manager Operation','2023-10-02 15:23:41','2023-10-02 15:23:41'),
	(487,129,3,'1 hari kerja dari target','2023-10-02 15:24:00','2023-10-02 15:24:00'),
	(488,129,2,'2 hari kerja dari target','2023-10-02 15:24:21','2023-10-02 15:24:21'),
	(489,129,1,'3 hari kerja atau lebih dari target','2023-10-02 15:24:38','2023-10-02 15:24:38'),
	(490,131,4,'Submit kartu HOC 5 atau lebih dalam 1 bulan','2023-10-02 15:33:45','2023-10-02 15:33:45'),
	(491,131,3,'Submit HOC minimal 4 dalam 1 bulan','2023-10-02 15:33:59','2023-10-02 15:33:59'),
	(492,131,2,'Submit HOC minimal 3 dalam 1 bulan','2023-10-02 15:34:17','2023-10-02 15:34:17'),
	(493,131,1,'Submit HOC kurang dari 3 dalam 1 bulan','2023-10-02 15:34:33','2023-10-02 15:34:33'),
	(494,132,4,'sesuai dengan target 2 hari dari diterima tagihan','2023-10-06 10:08:38','2023-10-06 10:08:38'),
	(495,132,3,'1 hari kerja dari target','2023-10-06 10:09:02','2023-10-06 10:09:02'),
	(496,132,2,'2 hari kerja dari target','2023-10-06 10:09:19','2023-10-06 10:09:19'),
	(497,132,1,'3 hari kerja atau lebih dari target','2023-10-06 10:09:39','2023-10-06 10:09:39'),
	(498,133,4,'Sesuai target maksimal 6 hari kerja dari tanggal pendelegasian','2023-10-06 13:20:14','2023-10-06 13:20:14'),
	(499,133,3,'1 hari kerja dari target','2023-10-06 13:20:34','2023-10-06 13:20:34'),
	(500,133,2,'2 hari kerja dari target','2023-10-06 13:20:46','2023-10-06 13:20:46'),
	(501,133,1,'3 hari kerja atau lebih dari target','2023-10-06 13:21:06','2023-10-06 13:21:06'),
	(502,134,4,'Sesuai target maksimal 4 hari kerja setelah tandatangan Direksi','2023-10-06 13:22:58','2023-10-06 13:22:58'),
	(503,134,3,'1 hari kerja dari target','2023-10-06 13:23:27','2023-10-06 13:23:27'),
	(504,134,2,'2 hari kerja dari target','2023-10-06 13:23:37','2023-10-06 13:23:37'),
	(505,134,1,'3 hari kerja atau lebih dari target','2023-10-06 13:23:53','2023-10-06 13:23:53'),
	(506,135,4,'Sesuai target yang tercantum dalam perjanjian dengan vendor','2023-10-06 13:28:38','2023-10-06 13:28:38'),
	(507,135,3,'1 hari kerja dari target','2023-10-06 13:29:02','2023-10-06 13:29:02'),
	(508,135,2,'2 hari kerja dari target','2023-10-06 13:29:13','2023-10-06 13:29:13'),
	(509,135,1,'3 hari kerja atau lebih dari target','2023-10-06 13:29:29','2023-10-06 13:29:29'),
	(510,136,4,'Sesuai target 5 hari kerja dibulan berikutnya','2023-10-06 13:31:32','2023-10-06 13:31:32'),
	(511,136,3,'1 hari kerja dari target','2023-10-06 13:31:49','2023-10-06 13:31:49'),
	(512,136,2,'2 hari kerja dari target','2023-10-06 13:32:05','2023-10-06 13:32:05'),
	(513,136,1,'3 hari kerja atau lebih dari target','2023-10-06 13:32:23','2023-10-06 13:32:23'),
	(514,137,4,'sesuai target maksimal 5 hari kerja pada bulan berikutnya','2023-10-06 13:35:13','2023-10-06 13:35:13'),
	(515,137,3,'1 hari kerja dari target','2023-10-06 13:35:36','2023-10-06 13:35:36'),
	(516,137,2,'2 hari kerja dari target','2023-10-06 13:35:50','2023-10-06 13:35:50'),
	(517,137,1,'3 hari kerja atau lebih dari target','2023-10-06 13:36:09','2023-10-06 13:36:09'),
	(518,138,4,'Sesuai target maksimal 5 hari kerja di bulan berikutnya','2023-10-06 13:37:39','2023-10-06 13:37:39'),
	(519,138,3,'1 hari kerja dari target','2023-10-06 13:38:07','2023-10-06 13:38:07'),
	(520,138,2,'2 hari kerja dari target','2023-10-06 13:38:28','2023-10-06 13:38:28'),
	(521,138,1,'3 hari kerja atau lebih dari target','2023-10-06 13:38:43','2023-10-06 13:38:43'),
	(522,140,4,'Sesuai target maksimal 6 hari kerja dari tanggal pendelegasian','2023-10-06 14:14:35','2023-10-06 14:14:35'),
	(523,140,3,'1 hari kerja dari target','2023-10-06 14:14:46','2023-10-06 14:14:46'),
	(524,140,2,'2 hari kerja dari target','2023-10-06 14:15:08','2023-10-06 14:15:08'),
	(525,140,1,'3 hari kerja atau lebih dari target','2023-10-06 14:20:34','2023-10-06 14:20:34'),
	(526,141,4,'Sesuai target maksimal 4 hari kerja setelah tandatangan Direksi','2023-10-06 14:38:46','2023-10-06 14:38:46'),
	(527,141,3,'1 hari kerja dari target','2023-10-06 14:39:02','2023-10-06 14:39:02'),
	(528,141,2,'2 hari kerja dari target','2023-10-06 14:39:19','2023-10-06 14:39:19'),
	(529,141,1,'3 hari kerja atau lebih dari target','2023-10-06 14:39:46','2023-10-06 14:39:46'),
	(530,142,4,'sesuai target maksimal 12 hari kerja dari tanggal delegasi SPV (diluar waktu tunggu)','2023-10-06 15:08:12','2023-10-06 15:08:12'),
	(531,142,3,'1 hari kerja dari target','2023-10-06 15:14:31','2023-10-06 15:14:31'),
	(532,142,2,'2 hari kerja dari target','2023-10-06 15:14:42','2023-10-06 15:14:42'),
	(533,142,1,'3 hari kerja atau lebih dari target','2023-10-06 15:14:58','2023-10-06 15:14:58'),
	(534,143,4,'Sesuai target 5 hari kerja dibulan berikutnya','2023-10-06 15:15:55','2023-10-06 15:15:55'),
	(535,143,3,'1 hari kerja dari target','2023-10-06 15:16:11','2023-10-06 15:16:11'),
	(536,143,2,'2 hari kerja dari target','2023-10-06 15:18:02','2023-10-06 15:18:02'),
	(537,143,1,'3 hari kerja atau lebih dari target','2023-10-06 15:18:47','2023-10-06 15:18:47'),
	(538,144,4,'sesuai target maksimal 5 hari kerja pada bulan berikutnya','2023-10-06 15:50:10','2023-10-06 15:50:10'),
	(539,144,3,'1 hari kerja dari target','2023-10-06 15:50:25','2023-10-06 15:50:25'),
	(540,144,2,'2 hari kerja dari target','2023-10-06 15:50:44','2023-10-06 15:50:44'),
	(541,144,1,'3 hari kerja atau lebih dari target','2023-10-06 15:50:57','2023-10-06 15:50:57'),
	(542,145,4,'sesuai target maksimal 5 hari kerja pada bulan berikutnya','2023-10-06 15:52:50','2023-10-06 15:52:50'),
	(543,145,3,'1 hari kerja dari target','2023-10-06 15:53:03','2023-10-06 15:53:03'),
	(544,145,2,'2 hari kerja dari target','2023-10-06 15:53:14','2023-10-06 15:53:14'),
	(545,145,1,'3 hari kerja atau lebih dari target','2023-10-06 15:53:26','2023-10-06 15:53:26'),
	(546,146,4,'sesuai target maksimal 5 hari kerja pada bulan berikutnya','2023-10-06 15:54:57','2023-10-06 15:54:57'),
	(547,146,3,'1 hari kerja dari target','2023-10-06 15:55:08','2023-10-06 15:55:08'),
	(548,146,2,'2 hari kerja dari target','2023-10-06 15:55:20','2023-10-06 15:55:20'),
	(549,146,1,'3 hari kerja atau lebih dari target','2023-10-06 15:55:33','2023-10-06 15:55:33'),
	(550,147,4,'Sesuai target maksimal 6 hari kerja dari tanggal pendelegasian','2023-10-12 11:08:10','2023-10-12 11:08:10'),
	(551,147,3,'1 hari kerja dari target','2023-10-12 11:08:37','2023-10-12 11:08:37'),
	(552,147,2,'2 hari kerja dari target','2023-10-12 11:08:53','2023-10-12 11:08:53'),
	(553,147,1,'3 hari kerja atau lebih dari target','2023-10-12 11:09:25','2023-10-12 11:09:25'),
	(554,148,4,'Sesuai target penyelesaian maksimal 4 hari kerja dari tanggal pendelegasian','2023-10-12 11:19:34','2023-10-12 11:19:34'),
	(555,148,3,'1 hari kerja dari target','2023-10-12 11:20:49','2023-10-12 11:20:49'),
	(556,148,2,'2 hari kerja dari target','2023-10-12 11:21:29','2023-10-12 11:21:29'),
	(558,149,4,'Sesuai target','2023-10-12 11:24:06','2023-10-12 11:24:06'),
	(559,149,3,'1 hari kerja dari target','2023-10-12 11:24:25','2023-10-12 11:24:25'),
	(560,149,2,'2 hari kerja dari target','2023-10-12 11:25:08','2023-10-12 11:25:08'),
	(561,149,1,'3 hari kerja atau lebih dari target','2023-10-12 11:26:11','2023-10-12 11:26:11'),
	(562,148,1,'3 hari kerja atau lebih dari target','2023-10-12 11:26:53','2023-10-12 11:26:53'),
	(563,150,4,'Sesuai target maksimal 5 hari kerja','2023-10-12 11:29:05','2023-10-12 11:29:05'),
	(564,150,3,'1 hari kerja dari target','2023-10-12 11:29:48','2023-10-12 11:29:48'),
	(565,150,2,'2 hari kerja dari target','2023-10-12 11:30:22','2023-10-12 11:30:22'),
	(566,150,1,'3 hari atau lebih dari target','2023-10-12 11:31:05','2023-10-12 11:31:05'),
	(567,151,4,'Maksimal 5 hari kerja dari target','2023-10-12 11:35:03','2023-10-12 11:35:03'),
	(568,151,3,'1 hari kerja dari target','2023-10-12 11:35:52','2023-10-12 11:35:52'),
	(569,151,2,'2 hari kerja dari target','2023-10-12 11:36:40','2023-10-12 11:36:40'),
	(570,151,1,'3 hari atau lebih dari target','2023-10-12 11:37:48','2023-10-12 11:37:48'),
	(571,152,4,'Sesuai target maksimal 5 hari kerja','2023-10-12 11:40:32','2023-10-12 11:40:32'),
	(572,152,3,'1 hari kerja dari target','2023-10-12 11:41:03','2023-10-12 11:41:03'),
	(573,152,2,'2 hari kerja dari target','2023-10-12 11:41:51','2023-10-12 11:41:51'),
	(574,152,1,'3 hari kerja atau lebih dari target','2023-10-12 11:42:28','2023-10-12 11:42:28'),
	(575,153,4,'Sesuai target','2023-10-17 13:55:44','2023-10-17 13:55:44'),
	(576,153,3,'1 hari kerja dari target','2023-10-17 14:01:55','2023-10-17 14:01:55'),
	(577,153,2,'2 hari kerja dari target','2023-10-17 14:02:16','2023-10-17 14:02:16'),
	(578,153,1,'3 hari kerja atau lebih dari target','2023-10-17 14:02:37','2023-10-17 14:02:37'),
	(579,154,4,'Sesuai target','2023-10-17 14:05:32','2023-10-17 14:05:32'),
	(580,154,3,'1 hari kerja dari target','2023-10-17 14:05:47','2023-10-17 14:05:47'),
	(581,154,2,'2 hari kerja dari target','2023-10-17 14:06:07','2023-10-17 14:06:07'),
	(582,154,1,'3 hari kerja atau lebih dari target','2023-10-17 14:06:23','2023-10-17 14:06:23'),
	(583,155,4,'sesuai target','2023-10-17 14:11:10','2023-10-17 14:11:10'),
	(584,155,3,'1 hari kerja dari target','2023-10-17 14:11:28','2023-10-17 14:11:28'),
	(585,155,2,'2 hari kerja dari target','2023-10-17 14:11:45','2023-10-17 14:11:45'),
	(586,155,1,'3 hari kerja atau lebih dari target','2023-10-17 14:12:17','2023-10-17 14:12:17'),
	(587,156,4,'Sesuai target','2023-10-17 14:16:04','2023-10-17 14:16:04'),
	(588,156,3,'1 hari kerja dari target','2023-10-17 14:16:33','2023-10-17 14:16:33'),
	(589,156,2,'2 hari kerja dari target','2023-10-17 14:16:49','2023-10-17 14:16:49'),
	(590,156,1,'3 hari kerja atau lebih dari target','2023-10-17 14:17:09','2023-10-17 14:17:09'),
	(591,157,4,'Seusai target','2023-10-17 14:21:38','2023-10-17 14:21:38'),
	(592,157,3,'1 hari kerja dari target','2023-10-17 14:21:59','2023-10-17 14:21:59'),
	(593,157,2,'2 hari kerja dari target','2023-10-17 14:22:16','2023-10-17 14:22:16'),
	(594,157,1,'3 hari kerja atau lebih dari target','2023-10-17 14:22:32','2023-10-17 14:22:32'),
	(595,158,4,'Sesuai target','2023-10-17 14:25:17','2023-10-17 14:25:17'),
	(596,158,3,'1 hari kerja dari target','2023-10-17 14:25:35','2023-10-17 14:25:35'),
	(597,158,2,'2 hari kerja dari target','2023-10-17 14:25:53','2023-10-17 14:25:53'),
	(598,158,1,'3 hari kerja atau lebih dari target','2023-10-17 14:26:13','2023-10-17 14:26:13'),
	(599,159,4,'Sesuai target','2023-10-17 14:38:35','2023-10-17 14:38:35'),
	(600,159,3,'1 hari kerja dari target','2023-10-17 14:38:57','2023-10-17 14:38:57'),
	(601,159,2,'2 hari kerja dari target','2023-10-17 14:39:15','2023-10-17 14:39:15'),
	(602,159,1,'3 hari kerja atau lebih dari target','2023-10-17 14:39:30','2023-10-17 14:39:30'),
	(603,160,4,'Sesuai target','2023-10-17 14:43:27','2023-10-17 14:43:27'),
	(604,160,3,'1 hari kerja dari target','2023-10-17 14:43:42','2023-10-17 14:43:42'),
	(605,160,2,'2 hari kerja dari target','2023-10-17 14:43:56','2023-10-17 14:43:56'),
	(606,160,1,'3 hari kerja atau lebih dari target','2023-10-17 14:44:12','2023-10-17 14:44:12'),
	(607,161,4,'Sesuai target','2023-10-17 14:46:05','2023-10-17 14:46:05'),
	(608,161,3,'1 hari kerja dari target','2023-10-17 14:46:20','2023-10-17 14:46:20'),
	(609,161,2,'2 hari kerja dari target','2023-10-17 14:46:39','2023-10-17 14:46:39'),
	(610,161,1,'3 hari kerja atau lebih dari target','2023-10-17 14:46:57','2023-10-17 14:46:57'),
	(611,162,4,'Sesuai target','2023-10-17 14:50:39','2023-10-17 14:50:39'),
	(612,162,3,'1 hari kerja dari target','2023-10-17 14:50:55','2023-10-17 14:50:55'),
	(613,162,2,'2 hari kerja dari target','2023-10-17 14:51:08','2023-10-17 14:51:08'),
	(614,162,1,'3 hari kerja atau lebih dari target','2023-10-17 14:51:25','2023-10-17 14:51:25'),
	(615,163,4,'Sesuai target','2023-10-17 14:54:55','2023-10-17 14:54:55'),
	(616,163,3,'1 hari kerja dari target','2023-10-17 14:55:18','2023-10-17 14:55:18'),
	(617,163,2,'2 hari kerja dari target','2023-10-17 14:55:33','2023-10-17 14:55:33'),
	(618,163,1,'3 hari kerja atau lebih dari target','2023-10-17 14:55:57','2023-10-17 14:55:57'),
	(619,164,4,'Sesuai target','2023-10-17 14:57:50','2023-10-17 14:57:50'),
	(620,164,3,'1 hari kerja dari target','2023-10-17 14:58:05','2023-10-17 14:58:05'),
	(621,164,2,'2 hari kerja dari target','2023-10-17 14:58:25','2023-10-17 14:58:25'),
	(622,164,1,'3 hari kerja atau lebih dari target','2023-10-17 14:58:46','2023-10-17 14:58:46'),
	(643,168,4,'1 hari setelah terima data dari finance','2023-10-17 15:29:22','2023-10-17 15:29:22'),
	(644,168,3,'2 hari setelah terima data dari finance','2023-10-17 15:29:46','2023-10-17 15:29:46'),
	(645,168,2,'3 hari setelah terima data dari finance','2023-10-17 15:30:14','2023-10-17 15:30:14'),
	(659,172,4,'sesuai dengan target tanggal 15 bulan berjalan','2023-10-26 12:32:34','2023-10-26 12:32:34'),
	(660,172,3,'1 sd 2 hari kerja dari target','2023-10-26 12:32:46','2023-10-26 12:32:46'),
	(661,172,2,'3 sd 4 hari kerja dari target','2023-10-26 12:32:57','2023-10-26 12:32:57'),
	(662,172,1,'5 hari kerja atau lebih dari target','2023-10-26 12:33:10','2023-10-26 12:33:10'),
	(663,173,4,'sesuai dengan target tanggal 25 bulan berjalan','2023-10-26 12:34:01','2023-10-26 12:34:01'),
	(664,173,3,'1 sd 2 hari kerja dari target','2023-10-26 12:34:15','2023-10-26 12:34:15'),
	(665,173,2,'3 sd 4 hari kerja dari target','2023-10-26 12:34:29','2023-10-26 12:34:29'),
	(666,173,1,'5 hari kerja atau lebih dari target','2023-10-26 12:34:42','2023-10-26 12:34:42'),
	(667,174,4,'setiap hari senin','2023-10-26 12:35:29','2023-10-26 12:35:29'),
	(668,174,3,'1 sd 2 hari kerja dari target','2023-10-26 12:35:40','2023-10-26 12:35:40'),
	(669,174,2,'3 sd 4 hari kerja dari target','2023-10-26 12:35:53','2023-10-26 12:35:53'),
	(670,174,1,'5 hari kerja atau lebih dari target','2023-10-26 12:36:05','2023-10-26 12:36:05'),
	(671,175,4,'sesuai dengan target tanggal 7 bulan berjalan','2023-10-26 12:36:42','2023-10-26 12:36:42'),
	(672,175,3,'1 sd 2 hari kerja dari target','2023-10-26 12:36:54','2023-10-26 12:36:54'),
	(673,175,2,'3 sd 4 hari kerja dari target','2023-10-26 12:37:06','2023-10-26 12:37:06'),
	(674,175,1,'5 hari kerja atau lebih dari target','2023-10-26 12:37:19','2023-10-26 12:37:19'),
	(675,177,4,'Sesuai target pencapaian maksimal pukul 11:00 setiap hari','2023-12-28 10:58:16','2023-12-28 10:58:16'),
	(676,177,3,'lebih 1 sd 15 menit dari target','2023-12-28 10:58:32','2023-12-28 10:58:32'),
	(677,177,2,'lebih 16 sd 30 menit dari target','2023-12-28 10:58:46','2023-12-28 10:58:46'),
	(678,177,1,'lebih 31 menit atau lebih dari target','2023-12-28 10:59:02','2023-12-28 10:59:02'),
	(679,178,4,'Sesuai target maksimal 7 hari kerja dari tanggal persetujuan','2023-12-28 11:01:15','2023-12-28 11:01:15'),
	(680,178,3,'1 hari kerja dari target','2023-12-28 11:01:33','2023-12-28 11:01:33'),
	(681,178,2,'2 hari kerja dari target','2023-12-28 11:03:38','2023-12-28 11:03:38'),
	(682,178,1,'3 hari kerja atau lebih dari target','2023-12-28 11:04:48','2023-12-28 11:04:48'),
	(683,179,4,'Target setiap hari rabu (hari kerja)','2023-12-28 11:06:48','2023-12-28 11:06:48'),
	(684,179,3,'1 hari kerja dari target','2023-12-28 11:07:05','2023-12-28 11:07:05'),
	(685,179,2,'2 hari kerja dari target','2023-12-28 11:07:31','2023-12-28 11:07:31'),
	(686,179,1,'3 hari kerja atau lebih dari target','2023-12-28 11:09:08','2023-12-28 11:09:08'),
	(687,180,4,'Sesuai target pencapaian maksimal hari jum\'at pukul 16:00','2023-12-28 11:10:45','2023-12-28 11:10:45'),
	(688,180,3,'lebih 1 sd 15 menit dari target','2023-12-28 11:11:14','2023-12-28 11:11:14'),
	(689,180,2,'lebih 16 sd 30 menit dari target','2023-12-28 11:12:13','2023-12-28 11:12:13'),
	(690,180,1,'lebih 31 menit atau lebih dari target','2023-12-28 11:12:38','2023-12-28 11:12:38'),
	(691,181,4,'Sesuai target pencapaian 5 hari kerja di bulan berikutnya','2023-12-28 11:53:51','2023-12-28 11:53:51'),
	(692,181,3,'1 hari kerja dari target','2023-12-28 11:54:07','2023-12-28 11:54:07'),
	(693,181,2,'2 hari kerja dari target','2023-12-28 11:54:22','2023-12-28 11:54:22'),
	(694,181,1,'3 hari kerja atau lebih dari target','2023-12-28 11:55:13','2023-12-28 11:55:13'),
	(695,183,4,'Sesuai target pencapaian 7 (tujuh) hari kerja di bulan berikutnya','2023-12-28 13:01:30','2023-12-28 13:01:30'),
	(696,183,3,'1 hari kerja dari target','2023-12-28 13:02:13','2023-12-28 13:02:13'),
	(697,183,2,'2 hari kerja dari target','2023-12-28 13:02:34','2023-12-28 13:02:34'),
	(698,183,1,'3 hari kerja atau lebih dari target','2023-12-28 13:02:50','2023-12-28 13:02:50'),
	(699,184,4,'Sesuai target reklas semua transaksi terinput di sistem maksimal 2 hari','2023-12-28 14:13:45','2023-12-28 14:13:45'),
	(703,171,4,'Sesuai target pencapaian maksimal pukul 11:00 setiap hari','2024-01-03 10:26:42','2024-01-03 10:26:42'),
	(704,171,3,'lebih 1 sd 15 menit dari target','2024-01-03 10:26:56','2024-01-03 10:26:56'),
	(705,171,2,'lebih 16 sd 30 menit dari target','2024-01-03 10:28:45','2024-01-03 10:28:45'),
	(706,171,1,'lebih 31 menit atau lebih dari target','2024-01-03 10:28:59','2024-01-03 10:28:59'),
	(707,185,4,'Sesuai target maksimal 3 hari kerja dari tanggal persetujuan','2024-01-03 10:30:00','2024-01-03 10:30:00'),
	(708,185,3,'1 hari kerja dari target','2024-01-03 10:30:14','2024-01-03 10:30:14'),
	(709,185,2,'2 hari kerja dari target','2024-01-03 10:30:26','2024-01-03 10:30:26'),
	(710,185,1,'3 hari kerja atau lebih dari target','2024-01-03 10:30:38','2024-01-03 10:30:38'),
	(711,186,4,'Sesuai target pencapaian 5 hari kerja di bulan berikutnya','2024-01-03 10:31:31','2024-01-03 10:31:31'),
	(712,186,3,'1 hari kerja dari target','2024-01-03 10:31:42','2024-01-03 10:31:42'),
	(713,186,2,'2 hari kerja dari target','2024-01-03 10:31:54','2024-01-03 10:31:54'),
	(714,186,1,'3 hari kerja atau lebih dari target','2024-01-03 10:32:09','2024-01-03 10:32:09'),
	(715,187,4,'Sesuai target pencapaian 5 hari kerja di bulan berikutnya','2024-01-03 10:33:12','2024-01-03 10:33:12'),
	(716,188,4,'Sesuai target pencapaian 5 hari kerja di bulan berikutnya','2024-01-03 10:34:57','2024-01-03 10:34:57'),
	(717,188,3,'1 hari kerja dari target','2024-01-03 10:35:09','2024-01-03 10:35:09'),
	(718,188,2,'2 hari kerja dari target','2024-01-03 10:35:20','2024-01-03 10:35:20'),
	(719,188,1,'3 hari kerja atau lebih dari target','2024-01-03 10:35:31','2024-01-03 10:35:31'),
	(720,189,4,'Sesuai target pencapaian 5 hari kerja di bulan berikutnya','2024-01-03 10:36:32','2024-01-03 10:36:32'),
	(721,189,3,'1 hari kerja dari target','2024-01-03 10:36:43','2024-01-03 10:36:43'),
	(722,189,2,'2 hari kerja dari target','2024-01-03 10:36:54','2024-01-03 10:36:54'),
	(723,189,1,'3 hari kerja atau lebih dari target','2024-01-03 10:37:05','2024-01-03 10:37:05'),
	(724,191,4,'Sesuai target pencapaian 5 hari kerja di bulan berikutnya','2024-01-03 10:38:26','2024-01-03 10:38:26'),
	(725,191,3,'1 hari kerja dari target','2024-01-03 10:38:36','2024-01-03 10:38:36'),
	(726,191,2,'2 hari kerja dari target','2024-01-03 10:38:48','2024-01-03 10:38:48'),
	(727,191,1,'3 hari kerja atau lebih dari target','2024-01-03 10:39:00','2024-01-03 10:39:00'),
	(728,193,4,'Sesuai target pencapaian 2 hari kerja setelah tanggal pembayaran','2024-01-03 10:41:27','2024-01-03 10:41:27'),
	(729,193,3,'1 hari kerja dari target','2024-01-03 10:41:39','2024-01-03 10:41:39'),
	(730,193,2,'2 hari kerja dari target','2024-01-03 10:41:52','2024-01-03 10:41:52'),
	(731,193,1,'3 hari kerja atau lebih dari target','2024-01-03 10:42:03','2024-01-03 10:42:03'),
	(732,194,4,'Sesuai target pencapaian 7 hari kerja di bulan berikutnya','2024-01-03 10:42:49','2024-01-03 10:42:49'),
	(733,194,3,'1 hari kerja dari target','2024-01-03 10:43:02','2024-01-03 10:43:02'),
	(734,194,2,'2 hari kerja dari target','2024-01-03 10:43:13','2024-01-03 10:43:13'),
	(735,194,1,'3 hari kerja atau lebih dari target','2024-01-03 10:43:23','2024-01-03 10:43:23'),
	(736,195,4,'Sesuai target 2 hari setelah data diterima','2024-01-04 14:17:06','2024-01-04 14:17:06'),
	(737,195,3,'1 hari kerja dari target','2024-01-04 14:17:25','2024-01-04 14:17:25'),
	(738,195,2,'2 hari kerja dari target','2024-01-04 14:17:40','2024-01-04 14:17:40'),
	(739,195,1,'3 hari kerja atau lebih dari target','2024-01-04 14:18:01','2024-01-04 14:18:01'),
	(740,196,4,'Daily target di hari yang sama\r\nMonthly target di awal bulan berikutnya','2024-01-04 14:29:16','2024-01-04 14:29:16'),
	(741,196,3,'1 hari kerja dari target','2024-01-04 14:30:17','2024-01-04 14:30:17'),
	(742,196,2,'2 hari kerja dari target','2024-01-04 14:30:29','2024-01-04 14:30:29'),
	(743,196,1,'3 hari kerja atau lebih dari target','2024-01-04 14:32:15','2024-01-04 14:32:15'),
	(744,197,4,'sesuai target 1 hari setelah terima data dari finance','2024-01-04 14:36:00','2024-01-04 14:36:00'),
	(747,198,4,'Sesuai target tanggal 9 bulan berikutnya','2024-01-04 14:38:14','2024-01-04 14:38:14'),
	(748,198,3,'1 sd 2 hari kerja dari target','2024-01-04 14:38:46','2024-01-04 14:38:46'),
	(749,198,2,'3 sd 4 hari kerja dari target','2024-01-04 14:38:59','2024-01-04 14:38:59'),
	(750,198,1,'5 hari kerja atau lebih dari target','2024-01-04 14:39:19','2024-01-04 14:39:19'),
	(751,199,4,'sesuai target 2 hari kerja setelah tanggal pengiriman Laporan Keuangan','2024-01-04 14:40:42','2024-01-04 14:40:42'),
	(752,199,3,'1 hari kerja dari target','2024-01-04 14:41:04','2024-01-04 14:41:04'),
	(753,199,2,'2 hari kerja dari target','2024-01-04 14:41:14','2024-01-04 14:41:14'),
	(754,199,1,'3 hari kerja atau lebih dari target','2024-01-04 14:41:29','2024-01-04 14:41:29'),
	(755,200,4,'Sesuai target reklas semua transaksi terinput di sistem maksimal 2 hari','2024-01-04 14:49:52','2024-01-04 14:49:52'),
	(758,200,3,'1 hari kerja dari target','2024-01-04 14:51:10','2024-01-04 14:51:10'),
	(759,200,2,'2 hari kerja dari target','2024-01-04 14:51:21','2024-01-04 14:51:21'),
	(760,200,1,'3 hari kerja atau lebih dari target','2024-01-04 14:51:36','2024-01-04 14:51:36'),
	(761,184,3,'1 hari kerja dari target','2024-01-04 15:03:11','2024-01-04 15:03:11'),
	(762,184,2,'2 hari kerja dari target','2024-01-04 15:03:22','2024-01-04 15:03:22'),
	(763,184,1,'3 hari kerja atau lebih dari target','2024-01-04 15:03:39','2024-01-04 15:03:39'),
	(764,201,4,'Daily target di hari yang sama Monthly target di awal bulan berikutnya','2024-01-04 15:12:16','2024-01-04 15:12:16'),
	(765,201,3,'1 hari kerja dari target','2024-01-04 15:12:56','2024-01-04 15:12:56'),
	(766,201,2,'2 hari kerja dari target','2024-01-04 15:13:22','2024-01-04 15:13:22'),
	(767,201,1,'3 hari kerja atau lebih dari target','2024-01-04 15:13:42','2024-01-04 15:13:42'),
	(768,202,4,'sesuai target 1 hari setelah terima data dari finance','2024-01-04 15:15:40','2024-01-04 15:15:40'),
	(769,197,3,'1 hari kerja dari target','2024-01-04 15:16:35','2024-01-04 15:16:35'),
	(770,197,2,'2 hari kerja dari target','2024-01-04 15:16:50','2024-01-04 15:16:50'),
	(771,197,1,'3 hari kerja atau lebih dari target','2024-01-04 15:17:12','2024-01-04 15:17:12'),
	(772,202,3,'1 hari kerja dari target','2024-01-04 15:17:55','2024-01-04 15:17:55'),
	(773,202,2,'2 hari kerja dari target','2024-01-04 15:18:22','2024-01-04 15:18:22'),
	(774,202,1,'3 hari kerja atau lebih dari target','2024-01-04 15:18:42','2024-01-04 15:18:42'),
	(775,203,4,'sesuai target 2 hari kerja setelah tanggal pengiriman Laporan Keuangan','2024-01-04 15:24:27','2024-01-04 15:24:27'),
	(776,203,3,'1 hari kerja dari target','2024-01-04 15:24:52','2024-01-04 15:24:52'),
	(777,203,2,'2 hari kerja dari target','2024-01-04 15:25:06','2024-01-04 15:25:06'),
	(778,203,1,'3 hari kerja atau lebih dari target','2024-01-04 15:25:48','2024-01-04 15:25:48'),
	(779,204,4,'Sesuai target reklas semua transaksi terinput di sistem maksimal 2 hari','2024-01-04 15:36:40','2024-01-04 15:36:40'),
	(780,204,3,'1 hari kerja dari target','2024-01-04 15:36:53','2024-01-04 15:36:53'),
	(781,204,2,'2 hari kerja dari target','2024-01-04 15:37:03','2024-01-04 15:37:03'),
	(782,204,1,'3 hari kerja atau lebih dari target','2024-01-04 15:37:21','2024-01-04 15:37:21'),
	(783,205,4,'Sesuai target 2 hari setelah data diterima','2024-01-04 15:39:09','2024-01-04 15:39:09'),
	(784,205,3,'1 hari kerja dari target','2024-01-04 15:39:25','2024-01-04 15:39:25'),
	(785,205,2,'2 hari kerja dari target','2024-01-04 15:39:39','2024-01-04 15:39:39'),
	(786,205,1,'3 hari kerja atau lebih dari target','2024-01-04 15:41:06','2024-01-04 15:41:06'),
	(787,206,4,'sesuai target 1 hari setelah terima data dari finance','2024-01-04 15:45:10','2024-01-04 15:45:10'),
	(788,206,3,'1 hari kerja dari target','2024-01-04 15:45:32','2024-01-04 15:45:32'),
	(789,206,2,'2 hari kerja dari target','2024-01-04 15:48:12','2024-01-04 15:48:12'),
	(790,206,1,'3 hari kerja atau lebih dari target','2024-01-04 15:48:38','2024-01-04 15:48:38'),
	(791,207,4,'sesuai target 2 hari kerja setelah tanggal pengiriman Laporan Keuangan','2024-01-04 15:52:40','2024-01-04 15:52:40'),
	(792,207,3,'1 hari kerja dari target','2024-01-04 15:52:59','2024-01-04 15:52:59'),
	(793,207,2,'2 hari kerja dari target','2024-01-04 15:53:13','2024-01-04 15:53:13'),
	(794,207,1,'3 hari kerja atau lebih dari target','2024-01-04 15:53:53','2024-01-04 15:53:53'),
	(795,165,4,'Sesuai target reklas semua transaksi terinput di sistem maksimal 2 hari','2024-01-04 16:11:05','2024-01-04 16:11:05'),
	(796,165,3,'1 hari kerja dari target','2024-01-04 16:11:27','2024-01-04 16:11:27'),
	(797,165,2,'2 hari kerja dari target','2024-01-04 16:11:40','2024-01-04 16:11:40'),
	(798,165,1,'3 hari kerja atau lebih dari target','2024-01-04 16:11:56','2024-01-04 16:11:56'),
	(799,166,4,'Sesuai target Input PI/INV/Penerimaan 2 hari setelah data di terima','2024-01-04 16:14:43','2024-01-04 16:14:43'),
	(800,166,3,'1 hari kerja dari target','2024-01-04 16:15:06','2024-01-04 16:15:06'),
	(801,166,2,'2 hari kerja dari target','2024-01-04 16:15:18','2024-01-04 16:15:18'),
	(802,166,1,'3 hari kerja atau lebih dari target','2024-01-04 16:16:04','2024-01-04 16:16:04'),
	(803,167,4,'Daily target di hari yang sama Monthly target di awal bulan berikutnya','2024-01-04 16:17:04','2024-01-04 16:17:04'),
	(804,167,3,'1 hari kerja dari target','2024-01-04 16:17:26','2024-01-04 16:17:26'),
	(805,167,2,'2 hari kerja dari target','2024-01-04 16:18:11','2024-01-04 16:18:11'),
	(806,167,1,'3 hari kerja atau lebih dari target','2024-01-04 16:18:27','2024-01-04 16:18:27'),
	(807,168,1,'4 hari atau lebih setelah terima data dari finance','2024-01-04 16:19:58','2024-01-04 16:19:58'),
	(808,169,4,'Sesuai target tanggal 9 bulan berikutnya','2024-01-04 16:21:09','2024-01-04 16:21:09'),
	(809,169,3,'1 sd 2 hari kerja dari target','2024-01-04 16:21:26','2024-01-04 16:21:26'),
	(810,169,2,'3 sd 4 hari kerja dari target','2024-01-04 16:21:43','2024-01-04 16:21:43'),
	(811,169,1,'5 hari kerja atau lebih dari target','2024-01-04 16:21:58','2024-01-04 16:21:58'),
	(812,170,4,'sesuai target 2 hari kerja setelah tanggal pengiriman Laporan Keuangan','2024-01-04 16:22:54','2024-01-04 16:22:54'),
	(813,170,3,'1 hari kerja dari target','2024-01-04 16:23:08','2024-01-04 16:23:08'),
	(814,170,2,'2 hari kerja dari target','2024-01-04 16:23:23','2024-01-04 16:23:23'),
	(815,170,1,'3 hari kerja atau lebih dari target','2024-01-04 16:23:40','2024-01-04 16:23:40'),
	(816,211,4,'Secara Rutin Harian','2024-01-30 10:40:50','2024-01-30 10:40:50');

/*!40000 ALTER TABLE `pekpi_points` ENABLE KEYS */;
UNLOCK TABLES;


# Dump of table permissions
# ------------------------------------------------------------

DROP TABLE IF EXISTS `permissions`;

CREATE TABLE `permissions` (
  `id` bigint(20) unsigned NOT NULL AUTO_INCREMENT,
  `name` varchar(255) NOT NULL,
  `guard_name` varchar(255) NOT NULL,
  `created_at` timestamp NULL DEFAULT NULL,
  `updated_at` timestamp NULL DEFAULT NULL,
  PRIMARY KEY (`id`),
  UNIQUE KEY `permissions_name_guard_name_unique` (`name`,`guard_name`)
) ENGINE=InnoDB DEFAULT CHARSET=utf8mb4 COLLATE=utf8mb4_unicode_ci;



# Dump of table personal_access_tokens
# ------------------------------------------------------------

DROP TABLE IF EXISTS `personal_access_tokens`;

CREATE TABLE `personal_access_tokens` (
  `id` bigint(20) unsigned NOT NULL AUTO_INCREMENT,
  `tokenable_type` varchar(255) NOT NULL,
  `tokenable_id` bigint(20) unsigned NOT NULL,
  `name` varchar(255) NOT NULL,
  `token` varchar(64) NOT NULL,
  `abilities` text DEFAULT NULL,
  `last_used_at` timestamp NULL DEFAULT NULL,
  `created_at` timestamp NULL DEFAULT NULL,
  `updated_at` timestamp NULL DEFAULT NULL,
  PRIMARY KEY (`id`),
  UNIQUE KEY `personal_access_tokens_token_unique` (`token`),
  KEY `personal_access_tokens_tokenable_type_tokenable_id_index` (`tokenable_type`,`tokenable_id`)
) ENGINE=InnoDB DEFAULT CHARSET=utf8mb4 COLLATE=utf8mb4_unicode_ci;



# Dump of table pes
# ------------------------------------------------------------

DROP TABLE IF EXISTS `pes`;

CREATE TABLE `pes` (
  `id` bigint(20) unsigned NOT NULL AUTO_INCREMENT,
  `employe_id` bigint(20) NOT NULL,
  `date` date NOT NULL DEFAULT '2024-01-01',
  `achievement` int(11) NOT NULL DEFAULT 0,
  `status` varchar(3) NOT NULL DEFAULT '0',
  `discipline` int(11) NOT NULL DEFAULT 0,
  `kpi` int(11) NOT NULL DEFAULT 0,
  `behavior` int(11) NOT NULL DEFAULT 0,
  `pengurang` int(11) NOT NULL DEFAULT 0,
  `is_semester` varchar(1) NOT NULL DEFAULT '0',
  `semester` varchar(1) DEFAULT NULL,
  `tahun` varchar(4) DEFAULT NULL,
  `alasan_reject` text DEFAULT NULL,
  `release_at` datetime DEFAULT NULL,
  `resend_at` datetime DEFAULT NULL,
  `verifikasi_at` datetime DEFAULT NULL,
  `validasi_at` datetime DEFAULT NULL,
  `created_by` varchar(255) DEFAULT NULL,
  `verifikasi_by` varchar(255) DEFAULT NULL,
  `validasi_by` varchar(255) DEFAULT NULL,
  `created_at` timestamp NULL DEFAULT NULL,
  `updated_at` timestamp NULL DEFAULT NULL,
  `nd_date` date DEFAULT NULL,
  `complained` int(1) DEFAULT 0,
  `complain_date` date DEFAULT NULL,
  `complain_alasan` varchar(255) DEFAULT NULL,
  `nd_for` varchar(11) DEFAULT NULL,
  `nd_dibuat` varchar(11) DEFAULT NULL,
  `nd_alasan` char(255) DEFAULT NULL,
  `nd_from` varchar(255) DEFAULT NULL,
  `komentar` varchar(255) DEFAULT NULL,
  `pengembangan` varchar(255) DEFAULT NULL,
  `evidence` varchar(255) DEFAULT NULL,
  PRIMARY KEY (`id`)
) ENGINE=InnoDB DEFAULT CHARSET=utf8mb4 COLLATE=utf8mb4_unicode_ci;

LOCK TABLES `pes` WRITE;
/*!40000 ALTER TABLE `pes` DISABLE KEYS */;

INSERT INTO `pes` (`id`, `employe_id`, `date`, `achievement`, `status`, `discipline`, `kpi`, `behavior`, `pengurang`, `is_semester`, `semester`, `tahun`, `alasan_reject`, `release_at`, `resend_at`, `verifikasi_at`, `validasi_at`, `created_by`, `verifikasi_by`, `validasi_by`, `created_at`, `updated_at`, `nd_date`, `complained`, `complain_date`, `complain_alasan`, `nd_for`, `nd_dibuat`, `nd_alasan`, `nd_from`, `komentar`, `pengembangan`, `evidence`)
VALUES
	(5,4,'2024-06-06',70,'2',13,48,14,5,'1','1','2024',NULL,'2024-06-06 16:00:36',NULL,'2024-06-07 14:21:38',NULL,NULL,'Admin',NULL,'2024-06-06 15:28:27','2024-06-07 14:21:38',NULL,0,NULL,NULL,NULL,NULL,NULL,NULL,NULL,NULL,NULL),
	(6,3,'2024-06-09',83,'2',14,57,12,0,'1','1','2024',NULL,'2024-07-01 15:25:14',NULL,'2024-07-01 15:31:13',NULL,NULL,'Abdul Rozak',NULL,'2024-06-09 11:32:54','2024-07-01 15:31:13',NULL,0,NULL,NULL,NULL,NULL,NULL,NULL,NULL,NULL,NULL),
	(9,19,'2024-07-05',73,'0',14,59,0,0,'1','2','2024',NULL,NULL,NULL,NULL,NULL,NULL,NULL,NULL,'2024-07-05 15:00:21','2024-07-08 23:44:37',NULL,0,NULL,NULL,NULL,NULL,NULL,NULL,NULL,NULL,NULL);

/*!40000 ALTER TABLE `pes` ENABLE KEYS */;
UNLOCK TABLES;


# Dump of table positions
# ------------------------------------------------------------

DROP TABLE IF EXISTS `positions`;

CREATE TABLE `positions` (
  `id` smallint(5) unsigned NOT NULL AUTO_INCREMENT,
  `name` varchar(100) NOT NULL,
  `report_to` varchar(255) DEFAULT NULL,
  `sub_dept_id` smallint(6) NOT NULL,
  `designation_id` tinyint(4) NOT NULL,
  `created_at` timestamp NULL DEFAULT NULL,
  `updated_at` timestamp NULL DEFAULT NULL,
  PRIMARY KEY (`id`)
) ENGINE=InnoDB DEFAULT CHARSET=utf8mb4 COLLATE=utf8mb4_unicode_ci;

LOCK TABLES `positions` WRITE;
/*!40000 ALTER TABLE `positions` DISABLE KEYS */;

INSERT INTO `positions` (`id`, `name`, `report_to`, `sub_dept_id`, `designation_id`, `created_at`, `updated_at`)
VALUES
	(2,'Manager IT',NULL,2,6,'2023-09-14 10:17:10','2023-09-14 10:17:10'),
	(3,'IT Staff',NULL,2,2,'2023-09-14 10:17:10','2023-09-14 10:17:10'),
	(4,' IT Admin',NULL,2,1,'2023-09-14 10:17:11','2023-09-14 10:17:11'),
	(5,'Satpam',NULL,3,1,'2023-09-14 10:17:11','2023-09-14 10:17:11'),
	(6,'Operasional Staff',NULL,3,1,'2023-09-14 10:17:11','2023-09-14 10:17:11'),
	(7,'Messenger',NULL,3,1,'2023-09-14 10:17:11','2023-09-14 10:17:11'),
	(8,'IT Supervisor',NULL,2,4,'2023-09-14 10:17:12','2023-09-14 10:17:12'),
	(9,' SPV Civil, HK & OB',NULL,4,4,'2023-09-14 10:17:12','2023-09-14 10:17:12'),
	(10,'Receptionist',NULL,4,1,'2023-09-14 10:17:12','2023-09-14 10:17:12'),
	(11,'Office Boy',NULL,3,1,'2023-09-14 10:17:12','2023-09-14 10:17:12'),
	(12,'Operasional Staff',NULL,4,1,'2023-09-14 10:17:13','2023-09-14 10:17:13'),
	(13,'Supervisor Operation',NULL,5,3,'2023-09-14 10:17:14','2023-09-14 10:17:14'),
	(14,'Driver Mobil Box',NULL,5,1,'2023-09-14 10:17:14','2023-09-14 10:17:14'),
	(15,'Operator Forklift',NULL,5,2,'2023-09-14 10:17:14','2023-09-14 10:17:14'),
	(16,'Material Man',NULL,5,2,'2023-09-14 10:17:14','2023-09-14 10:17:14'),
	(17,'Operator Crane',NULL,5,2,'2023-09-14 10:17:15','2023-09-14 10:17:15'),
	(18,'Team Leader Operation',NULL,5,3,'2023-09-14 10:17:15','2023-09-14 10:17:15'),
	(19,'Foreman',NULL,5,2,'2023-09-14 10:17:15','2023-09-14 10:17:15'),
	(20,'Office Boy',NULL,4,1,'2023-09-14 10:17:16','2023-09-14 10:17:16'),
	(21,'Support Admin',NULL,4,1,'2023-09-14 10:17:16','2023-09-14 10:17:16'),
	(22,'Helper',NULL,5,1,'2023-09-14 10:17:16','2023-09-14 10:17:16'),
	(23,'Checker',NULL,5,2,'2023-09-14 10:17:17','2023-09-14 10:17:17'),
	(24,'Admin Staff',NULL,5,1,'2023-09-14 10:17:17','2023-09-14 10:17:17'),
	(25,'Driver Mobil Box',NULL,4,1,'2023-09-14 10:17:18','2023-09-14 10:17:18'),
	(26,'Shorebase Manager',NULL,5,6,'2023-09-14 10:17:19','2023-09-14 10:17:19'),
	(27,'Asst. Manager Operation',NULL,5,5,'2023-09-14 10:17:19','2023-09-14 10:17:19'),
	(28,'Helper Mekanik',NULL,6,1,'2023-09-14 10:17:20','2023-09-14 10:17:20'),
	(29,'Teknisi AC',NULL,4,2,'2023-09-14 10:17:20','2023-09-14 10:17:20'),
	(30,'Helper Electrician',NULL,4,1,'2023-09-14 10:17:20','2023-09-14 10:17:20'),
	(31,'Electrician',NULL,4,2,'2023-09-14 10:17:21','2023-09-14 10:17:21'),
	(32,'Welder',NULL,4,2,'2023-09-14 10:17:21','2023-09-14 10:17:21'),
	(33,'Driver Trailler',NULL,4,1,'2023-09-14 10:17:21','2023-09-14 10:17:21'),
	(34,'Team Leader Port Control',NULL,5,3,'2023-09-14 10:17:22','2023-09-14 10:17:22'),
	(35,'Driver Operation',NULL,4,1,'2023-09-14 10:17:22','2023-09-14 10:17:22'),
	(36,'Civil ',NULL,4,1,'2023-09-14 10:17:22','2023-09-14 10:17:22'),
	(37,'Supervisor Operation',NULL,5,4,'2023-09-14 10:17:23','2023-09-14 10:17:23'),
	(38,'Helper Welder',NULL,4,1,'2023-09-14 10:17:23','2023-09-14 10:17:23'),
	(39,'Warehouse Staff',NULL,5,1,'2023-09-14 10:17:23','2023-09-14 10:17:23'),
	(40,'Team Leader Civil',NULL,4,3,'2023-09-14 10:17:24','2023-09-14 10:17:24'),
	(41,'Driver Truck',NULL,4,1,'2023-09-14 10:17:24','2023-09-14 10:17:24'),
	(42,'Mekanik',NULL,6,2,'2023-09-14 10:17:25','2024-07-10 09:02:07'),
	(43,'Helper AC',NULL,4,1,'2023-09-14 10:17:25','2023-09-14 10:17:25'),
	(44,'Team Leader Electrician',NULL,4,3,'2023-09-14 10:17:25','2023-09-14 10:17:25'),
	(45,'Mandor',NULL,4,1,'2023-09-14 10:17:26','2023-09-14 10:17:26'),
	(46,'Supervisor GS-Electrical',NULL,4,4,'2023-09-14 10:17:26','2023-09-14 10:17:26'),
	(47,'Driver Trailer',NULL,4,1,'2023-09-14 10:17:26','2023-09-14 10:17:26'),
	(48,'Port Control',NULL,5,2,'2023-09-14 10:17:27','2023-09-14 10:17:27'),
	(49,'Administrasi',NULL,5,1,'2023-09-14 10:17:28','2023-09-14 10:17:28'),
	(50,'Driver Trailer',NULL,5,1,'2023-09-14 10:17:29','2023-09-14 10:17:29'),
	(51,'Supervisor Mekanik',NULL,6,4,'2023-09-14 10:17:29','2023-09-14 10:17:29'),
	(52,'Housekeeping',NULL,4,1,'2023-09-14 10:17:30','2023-09-14 10:17:30'),
	(53,'Engineering',NULL,4,4,'2023-09-14 10:17:31','2023-09-14 10:17:31'),
	(54,'Helper Welder',NULL,5,1,'2023-09-14 10:17:31','2023-09-14 10:17:31'),
	(55,'Acc & Finance General Manager',NULL,7,7,'2023-09-14 10:17:33','2023-09-14 10:17:33'),
	(56,'Finance Manager',NULL,7,6,'2023-09-14 10:17:33','2023-09-14 10:17:33'),
	(57,'HRD Manager',NULL,8,6,'2023-09-14 10:17:34','2023-09-14 10:17:34'),
	(58,'Accounting Manager',NULL,9,6,'2023-09-14 10:17:34','2023-09-14 10:17:34'),
	(59,'Cashier',NULL,7,2,'2023-09-14 10:17:34','2023-09-14 10:17:34'),
	(60,'Procurement Staff',NULL,10,1,'2023-09-14 10:17:35','2023-09-14 10:17:35'),
	(61,'Procurement Supervisor',NULL,10,4,'2023-09-14 10:17:35','2023-09-14 10:17:35'),
	(62,'Accounting Staff',NULL,9,2,'2023-09-14 10:17:35','2023-09-14 10:17:35'),
	(63,'AR Staff',NULL,7,2,'2023-09-14 10:17:35','2023-09-14 10:17:35'),
	(64,'Team Leader Tax',NULL,7,3,'2023-09-14 10:17:36','2023-09-14 10:17:36'),
	(65,' Supervisor Budgeting',NULL,7,4,'2023-09-14 10:17:36','2023-09-14 10:17:36'),
	(66,'HRD Officer',NULL,8,2,'2023-09-14 10:17:36','2023-09-14 10:17:36'),
	(67,'Asst. Manager Tax',NULL,7,5,'2023-09-14 10:17:36','2023-09-14 10:17:36'),
	(68,'Sekretaris',NULL,11,2,'2023-09-14 10:17:37','2023-09-14 10:17:37'),
	(69,'Tax Staff',NULL,7,2,'2023-09-14 10:17:38','2023-09-14 10:17:38'),
	(70,'Asst. Manager Accounting',NULL,9,5,'2023-09-14 10:17:38','2023-09-14 10:17:38'),
	(71,'Supervisor HRD',NULL,8,4,'2023-09-14 10:17:38','2023-09-14 10:17:38'),
	(72,'Budgeting Staff',NULL,7,2,'2023-09-14 10:17:39','2023-09-14 10:17:39'),
	(73,'Manager QHSSE',NULL,12,6,'2023-09-14 10:17:40','2023-09-14 10:17:40'),
	(74,'QHSE  Inspector',NULL,12,2,'2023-09-14 10:17:40','2023-09-14 10:17:40'),
	(75,'Team Leader QHSE',NULL,12,3,'2023-09-14 10:17:40','2023-09-14 10:17:40'),
	(76,'Asst. Manager QHSE',NULL,12,5,'2023-09-14 10:17:40','2023-09-14 10:17:40'),
	(77,'Deputy PFSO',NULL,12,2,'2023-09-14 10:17:41','2023-09-14 10:17:41'),
	(78,'QHSE  officer',NULL,12,2,'2023-09-14 10:17:41','2023-09-14 10:17:41'),
	(79,'Accounting',NULL,9,2,'2023-09-14 10:17:42','2023-09-14 10:17:42'),
	(80,'QHSE Admin',NULL,12,2,'2023-09-14 10:17:42','2023-09-14 10:17:42'),
	(81,'Rigger',NULL,13,1,'2023-09-14 10:17:43','2023-09-14 10:17:43'),
	(82,'Supervisor',NULL,14,4,'2023-09-14 10:17:50','2023-09-14 10:17:50'),
	(83,'Housekeeping',NULL,14,1,'2023-09-14 10:17:50','2023-09-14 10:17:50'),
	(84,'Housekeeping',NULL,15,1,'2023-09-14 10:17:50','2023-09-14 10:17:50'),
	(85,'Project Manager',NULL,16,6,'2023-09-14 10:17:51','2023-09-14 10:17:51'),
	(86,'Koordinator Cab. Prabumulih',NULL,16,3,'2023-09-14 10:17:51','2023-09-14 10:17:51'),
	(87,'Supervisor Chemical',NULL,17,4,'2023-09-14 10:17:51','2023-09-14 10:17:51'),
	(88,'Operasional Staff',NULL,17,1,'2023-09-14 10:17:52','2023-09-14 10:17:52'),
	(89,'Business Development',NULL,16,4,'2023-09-14 10:17:52','2023-09-14 10:17:52'),
	(90,'Office Boy',NULL,15,1,'2023-09-14 10:17:52','2023-09-14 10:17:52'),
	(91,'Supervisor Operasional Driving',NULL,18,4,'2023-09-14 10:17:53','2023-09-14 10:17:53'),
	(92,'Ball Counter',NULL,18,1,'2023-09-14 10:17:54','2023-09-14 10:17:54'),
	(93,'Locker Man',NULL,18,1,'2023-09-14 10:17:54','2023-09-14 10:17:54'),
	(94,'Satpam',NULL,18,1,'2023-09-14 10:17:54','2023-09-14 10:17:54'),
	(95,'Cashier',NULL,18,1,'2023-09-14 10:17:55','2023-09-14 10:17:55'),
	(96,'Operasional Staff',NULL,18,1,'2023-09-14 10:17:55','2023-09-14 10:17:55'),
	(97,'Marketing Staff',NULL,18,1,'2023-09-14 10:17:55','2023-09-14 10:17:55'),
	(98,'Admin Staff',NULL,18,1,'2023-09-14 10:17:56','2023-09-14 10:17:56'),
	(99,'Boarding Officer',NULL,19,1,'2023-09-14 10:17:57','2023-09-14 10:17:57'),
	(100,'Admin Staff',NULL,19,1,'2023-09-14 10:17:57','2023-09-14 10:17:57'),
	(101,'Team Leader Accounting',NULL,20,3,'2023-09-14 10:17:57','2023-09-14 10:17:57'),
	(102,'Supervisor Operation',NULL,19,4,'2023-09-14 10:17:58','2023-09-14 10:17:58'),
	(103,'Secretary',NULL,19,2,'2023-09-14 10:17:58','2023-09-14 10:17:58'),
	(104,'Secretary',NULL,21,2,'2023-09-14 10:17:59','2023-09-14 10:17:59'),
	(105,'Terminal Koordinator',NULL,22,3,'2023-09-14 10:17:59','2023-09-14 10:17:59'),
	(106,'Team Leader QHSE',NULL,22,3,'2023-09-14 10:17:59','2023-09-14 10:17:59'),
	(107,'Filling Shed Operator',NULL,22,1,'2023-09-14 10:18:00','2023-09-14 10:18:00'),
	(108,'Checker',NULL,23,2,'2023-09-14 10:18:00','2023-09-14 10:18:00'),
	(109,'Manager Bussiness Development ',NULL,24,6,'2023-09-14 10:18:00','2023-09-14 10:18:00'),
	(110,'Rigger',NULL,23,1,'2023-09-14 10:18:01','2023-09-14 10:18:01'),
	(111,'Team Leader Administrasi & GA',NULL,25,3,'2023-09-14 10:18:01','2023-09-14 10:18:01'),
	(112,'Team Leader Operation',NULL,23,3,'2023-09-14 10:18:01','2023-09-14 10:18:01'),
	(113,'Messenger',NULL,23,1,'2023-09-14 10:18:02','2023-09-14 10:18:02'),
	(114,'Supervisor Operation',NULL,23,2,'2023-09-14 10:18:02','2023-09-14 10:18:02'),
	(115,'Administrasi CLI',NULL,23,1,'2023-09-14 10:18:02','2023-09-14 10:18:02'),
	(116,'Administrasi ',NULL,23,1,'2023-09-14 10:18:02','2023-09-14 10:18:02'),
	(117,'Cargo Control',NULL,26,2,'2023-09-14 10:18:03','2023-09-14 10:18:03'),
	(118,'Maintenance',NULL,26,2,'2023-09-14 10:18:03','2023-09-14 10:18:03'),
	(119,'Filling Shed Operator',NULL,26,1,'2023-09-14 10:18:04','2023-09-14 10:18:04'),
	(120,'QHSE Inspector',NULL,27,2,'2023-09-14 10:18:04','2023-09-14 10:18:04'),
	(121,'Finance Admin',NULL,28,1,'2023-09-14 10:18:04','2023-09-14 10:18:04'),
	(122,'Operator Timbangan',NULL,26,1,'2023-09-14 10:18:05','2023-09-14 10:18:05'),
	(123,'Weighing Admin',NULL,26,1,'2023-09-14 10:18:05','2023-09-14 10:18:05'),
	(124,'Operator Penerimaan',NULL,26,1,'2023-09-14 10:18:05','2023-09-14 10:18:05'),
	(125,'Operator Jembatan Timbang',NULL,26,1,'2023-09-14 10:18:05','2023-09-14 10:18:05'),
	(126,'QHSE  Inspector',NULL,27,2,'2023-09-14 10:18:06','2023-09-14 10:18:06'),
	(127,'Maintenance',NULL,29,2,'2023-09-14 10:18:06','2023-09-14 10:18:06'),
	(128,'Cost Control',NULL,30,2,'2023-09-14 10:18:08','2023-09-14 10:18:08'),
	(129,'Messenger',NULL,31,1,'2023-09-14 10:18:08','2023-09-14 10:18:08'),
	(130,'Fleet Manager',NULL,30,6,'2023-09-14 10:18:08','2023-09-14 10:18:08'),
	(131,'Document Control Officer',NULL,30,2,'2023-09-14 10:18:09','2023-09-14 10:18:09'),
	(132,'Marketing Officer',NULL,30,2,'2023-09-14 10:18:09','2023-09-14 10:18:09'),
	(133,'General Affair',NULL,30,1,'2023-09-14 10:18:09','2023-09-14 10:18:09'),
	(134,'Marketing Staff',NULL,30,4,'2023-09-14 10:18:09','2023-09-14 10:18:09'),
	(135,'Operator Speedboat',NULL,30,1,'2023-09-14 10:18:09','2023-09-14 10:18:09'),
	(136,'Helper Speedboat',NULL,30,1,'2023-09-14 10:18:10','2023-09-14 10:18:10'),
	(137,'Crewing Superintendent',NULL,30,4,'2023-09-14 10:18:10','2023-09-14 10:18:10'),
	(138,'GA Staff',NULL,30,1,'2023-09-14 10:18:11','2023-09-14 10:18:11'),
	(139,'Crewing Admin',NULL,30,1,'2023-09-14 10:18:11','2023-09-14 10:18:11'),
	(140,'Admin Operation',NULL,30,1,'2023-09-14 10:18:11','2023-09-14 10:18:11'),
	(141,'Procurement Staff',NULL,30,2,'2023-09-14 10:18:11','2023-09-14 10:18:11'),
	(142,'Technical Admin',NULL,30,2,'2023-09-14 10:18:11','2023-09-14 10:18:11'),
	(143,'Crewing Officer',NULL,30,2,'2023-09-14 10:18:12','2023-09-14 10:18:12'),
	(144,'Accounting Stafff',NULL,32,2,'2023-09-14 10:18:12','2023-09-14 10:18:12'),
	(145,'Purchasing Admin',NULL,30,1,'2023-09-14 10:18:12','2023-09-14 10:18:12'),
	(146,'Technical Superintendent',NULL,30,4,'2023-09-14 10:18:13','2023-09-14 10:18:13'),
	(147,'Operation Superintendent',NULL,30,4,'2023-09-14 10:18:13','2023-09-14 10:18:13'),
	(148,'Supervisor QHSE',NULL,12,4,'2023-09-22 09:38:04','2023-09-22 09:38:04'),
	(149,'HRD Supervisor',NULL,35,3,'2024-07-09 15:33:54','2024-07-09 15:33:54'),
	(150,'Beckend Developer',NULL,33,1,'2024-07-09 15:34:13','2024-07-09 15:34:13'),
	(151,'Frontend Developer',NULL,33,1,'2024-07-09 15:34:25','2024-07-09 15:34:25'),
	(152,'Networking',NULL,34,1,'2024-07-09 15:34:50','2024-07-09 15:34:50'),
	(153,'Database Administrator',NULL,33,1,'2024-07-10 09:05:41','2024-07-10 09:05:41');

/*!40000 ALTER TABLE `positions` ENABLE KEYS */;
UNLOCK TABLES;


# Dump of table presences
# ------------------------------------------------------------

DROP TABLE IF EXISTS `presences`;

CREATE TABLE `presences` (
  `id` bigint(20) unsigned NOT NULL AUTO_INCREMENT,
  `employee_id` int(11) NOT NULL,
  `in_loc` varchar(255) DEFAULT NULL,
  `in_date` date DEFAULT NULL,
  `in_time` time DEFAULT NULL,
  `out_loc` varchar(255) DEFAULT NULL,
  `out_date` date DEFAULT NULL,
  `out_time` time DEFAULT NULL,
  `total` time DEFAULT NULL,
  `pic` varchar(255) DEFAULT NULL,
  `created_at` timestamp NULL DEFAULT NULL,
  `updated_at` timestamp NULL DEFAULT NULL,
  PRIMARY KEY (`id`)
) ENGINE=InnoDB DEFAULT CHARSET=utf8mb4 COLLATE=utf8mb4_unicode_ci;

LOCK TABLES `presences` WRITE;
/*!40000 ALTER TABLE `presences` DISABLE KEYS */;

INSERT INTO `presences` (`id`, `employee_id`, `in_loc`, `in_date`, `in_time`, `out_loc`, `out_date`, `out_time`, `total`, `pic`, `created_at`, `updated_at`)
VALUES
	(1,10,'HW',NULL,'14:21:00',NULL,NULL,NULL,NULL,NULL,'2024-06-06 14:23:04','2024-06-06 14:23:04'),
	(2,19,'HW','2024-06-01','07:30:00','HW','2024-06-01','17:09:00','09:39:00',NULL,'2024-06-19 15:24:56','2024-06-19 15:36:37'),
	(3,19,'HW','2024-06-02','07:15:00','HW','2024-06-02','17:18:00','10:03:00',NULL,'2024-06-19 16:03:01','2024-06-19 16:18:37');

/*!40000 ALTER TABLE `presences` ENABLE KEYS */;
UNLOCK TABLES;


# Dump of table reimbursements
# ------------------------------------------------------------

DROP TABLE IF EXISTS `reimbursements`;

CREATE TABLE `reimbursements` (
  `id` bigint(20) unsigned NOT NULL AUTO_INCREMENT,
  `employee_id` int(11) NOT NULL,
  `option` varchar(255) DEFAULT NULL,
  `amount_option` varchar(255) DEFAULT NULL,
  `amount` varchar(255) DEFAULT NULL,
  `title` varchar(255) DEFAULT NULL,
  `created_at` timestamp NULL DEFAULT NULL,
  `updated_at` timestamp NULL DEFAULT NULL,
  PRIMARY KEY (`id`)
) ENGINE=InnoDB DEFAULT CHARSET=utf8mb4 COLLATE=utf8mb4_unicode_ci;



# Dump of table role_has_permissions
# ------------------------------------------------------------

DROP TABLE IF EXISTS `role_has_permissions`;

CREATE TABLE `role_has_permissions` (
  `permission_id` bigint(20) unsigned NOT NULL,
  `role_id` bigint(20) unsigned NOT NULL,
  PRIMARY KEY (`permission_id`,`role_id`),
  KEY `role_has_permissions_role_id_foreign` (`role_id`),
  CONSTRAINT `role_has_permissions_permission_id_foreign` FOREIGN KEY (`permission_id`) REFERENCES `permissions` (`id`) ON DELETE CASCADE,
  CONSTRAINT `role_has_permissions_role_id_foreign` FOREIGN KEY (`role_id`) REFERENCES `roles` (`id`) ON DELETE CASCADE
) ENGINE=InnoDB DEFAULT CHARSET=utf8mb4 COLLATE=utf8mb4_unicode_ci;



# Dump of table roles
# ------------------------------------------------------------

DROP TABLE IF EXISTS `roles`;

CREATE TABLE `roles` (
  `id` bigint(20) unsigned NOT NULL AUTO_INCREMENT,
  `name` varchar(255) NOT NULL,
  `guard_name` varchar(255) NOT NULL,
  `created_at` timestamp NULL DEFAULT NULL,
  `updated_at` timestamp NULL DEFAULT NULL,
  PRIMARY KEY (`id`),
  UNIQUE KEY `roles_name_guard_name_unique` (`name`,`guard_name`)
) ENGINE=InnoDB DEFAULT CHARSET=utf8mb4 COLLATE=utf8mb4_unicode_ci;

LOCK TABLES `roles` WRITE;
/*!40000 ALTER TABLE `roles` DISABLE KEYS */;

INSERT INTO `roles` (`id`, `name`, `guard_name`, `created_at`, `updated_at`)
VALUES
	(1,'Administrator','web','2023-09-14 10:16:25','2023-09-14 10:16:25'),
	(2,'HRD','web','2023-09-14 10:16:25','2023-09-14 10:16:25'),
	(3,'Karyawan','web','2023-09-14 10:16:25','2023-09-14 10:16:25'),
	(4,'Leader','web','2023-09-14 10:16:26','2023-09-14 10:16:26'),
	(5,'Manager','web','2023-09-14 10:16:26','2023-09-14 10:16:26'),
	(6,'BOD','web','2023-09-14 10:16:26','2023-09-14 10:16:26'),
	(8,'Supervisor','web','2024-06-14 09:36:33','2024-06-14 09:36:33'),
	(9,'Asst. Manager','web','2024-06-14 09:36:33','2024-06-14 09:36:33'),
	(10,'HRD-Payroll','web','2024-07-02 09:39:45','2024-07-02 09:39:45'),
	(11,'HRD-Recruitment','web','2024-07-02 09:40:59','2024-07-02 09:40:59'),
	(12,'HRD-Spv','web','2024-07-03 08:40:36','2024-07-03 08:40:36');

/*!40000 ALTER TABLE `roles` ENABLE KEYS */;
UNLOCK TABLES;


# Dump of table shifts
# ------------------------------------------------------------

DROP TABLE IF EXISTS `shifts`;

CREATE TABLE `shifts` (
  `id` bigint(20) unsigned NOT NULL AUTO_INCREMENT,
  `name` varchar(255) NOT NULL,
  `created_at` timestamp NULL DEFAULT NULL,
  `updated_at` timestamp NULL DEFAULT NULL,
  `in` time DEFAULT NULL,
  `out` time DEFAULT NULL,
  `total` time DEFAULT NULL,
  PRIMARY KEY (`id`)
) ENGINE=InnoDB DEFAULT CHARSET=utf8mb4 COLLATE=utf8mb4_unicode_ci;

LOCK TABLES `shifts` WRITE;
/*!40000 ALTER TABLE `shifts` DISABLE KEYS */;

INSERT INTO `shifts` (`id`, `name`, `created_at`, `updated_at`, `in`, `out`, `total`)
VALUES
	(1,'Office','2023-09-14 10:16:27','2023-09-14 10:16:27','08:00:00','17:00:00',NULL);

/*!40000 ALTER TABLE `shifts` ENABLE KEYS */;
UNLOCK TABLES;


# Dump of table social_accounts
# ------------------------------------------------------------

DROP TABLE IF EXISTS `social_accounts`;

CREATE TABLE `social_accounts` (
  `id` bigint(20) unsigned NOT NULL AUTO_INCREMENT,
  `employee_id` int(11) NOT NULL,
  `social_id` int(11) NOT NULL,
  `username` varchar(255) NOT NULL,
  `link` varchar(255) NOT NULL,
  `created_at` timestamp NULL DEFAULT NULL,
  `updated_at` timestamp NULL DEFAULT NULL,
  PRIMARY KEY (`id`)
) ENGINE=InnoDB DEFAULT CHARSET=utf8mb4 COLLATE=utf8mb4_unicode_ci;

LOCK TABLES `social_accounts` WRITE;
/*!40000 ALTER TABLE `social_accounts` DISABLE KEYS */;

INSERT INTO `social_accounts` (`id`, `employee_id`, `social_id`, `username`, `link`, `created_at`, `updated_at`)
VALUES
	(1,6,1,'tet','https://facebook.com/rahmath','2024-06-24 15:46:43','2024-06-24 15:46:43');

/*!40000 ALTER TABLE `social_accounts` ENABLE KEYS */;
UNLOCK TABLES;


# Dump of table socials
# ------------------------------------------------------------

DROP TABLE IF EXISTS `socials`;

CREATE TABLE `socials` (
  `id` bigint(20) unsigned NOT NULL AUTO_INCREMENT,
  `name` varchar(255) NOT NULL,
  `logo` varchar(255) DEFAULT NULL,
  `created_at` timestamp NULL DEFAULT NULL,
  `updated_at` timestamp NULL DEFAULT NULL,
  PRIMARY KEY (`id`)
) ENGINE=InnoDB DEFAULT CHARSET=utf8mb4 COLLATE=utf8mb4_unicode_ci;

LOCK TABLES `socials` WRITE;
/*!40000 ALTER TABLE `socials` DISABLE KEYS */;

INSERT INTO `socials` (`id`, `name`, `logo`, `created_at`, `updated_at`)
VALUES
	(1,'Facebook','img/social/facebook.png','2023-09-14 10:16:28','2023-09-14 10:16:28'),
	(2,'Instagram','img/social/instagram.png','2023-09-14 10:16:28','2023-09-14 10:16:28'),
	(3,'Twitter','img/social/twitter.png','2023-09-14 10:16:28','2023-09-14 10:16:28'),
	(4,'Github','img/social/github.png','2023-09-14 10:16:28','2023-09-14 10:16:28'),
	(5,'Linkedin','img/social/linkedin.png','2023-09-14 10:16:28','2023-09-14 10:16:28');

/*!40000 ALTER TABLE `socials` ENABLE KEYS */;
UNLOCK TABLES;


# Dump of table sos
# ------------------------------------------------------------

DROP TABLE IF EXISTS `sos`;

CREATE TABLE `sos` (
  `id` bigint(20) unsigned NOT NULL AUTO_INCREMENT,
  `created_at` timestamp NULL DEFAULT NULL,
  `updated_at` timestamp NULL DEFAULT NULL,
  PRIMARY KEY (`id`)
) ENGINE=InnoDB DEFAULT CHARSET=utf8mb4 COLLATE=utf8mb4_unicode_ci;



# Dump of table sp_approvals
# ------------------------------------------------------------

DROP TABLE IF EXISTS `sp_approvals`;

CREATE TABLE `sp_approvals` (
  `id` bigint(20) unsigned NOT NULL AUTO_INCREMENT,
  `status` int(11) DEFAULT NULL,
  `sp_id` int(11) NOT NULL,
  `employee_id` int(11) NOT NULL,
  `type` varchar(255) NOT NULL,
  `level` varchar(255) DEFAULT NULL,
  `desc` varchar(255) DEFAULT NULL,
  `created_at` timestamp NULL DEFAULT NULL,
  `updated_at` timestamp NULL DEFAULT NULL,
  PRIMARY KEY (`id`)
) ENGINE=InnoDB DEFAULT CHARSET=utf8mb4 COLLATE=utf8mb4_unicode_ci;

LOCK TABLES `sp_approvals` WRITE;
/*!40000 ALTER TABLE `sp_approvals` DISABLE KEYS */;

INSERT INTO `sp_approvals` (`id`, `status`, `sp_id`, `employee_id`, `type`, `level`, `desc`, `created_at`, `updated_at`)
VALUES
	(1,1,9,10,'Release','user',NULL,'2024-07-04 09:05:46','2024-07-04 09:05:46'),
	(2,1,9,173,'Approve','hrd',NULL,'2024-07-04 10:42:58','2024-07-04 10:42:58'),
	(3,1,9,2,'Approve','manager',NULL,'2024-07-04 11:34:38','2024-07-04 11:34:38'),
	(4,1,9,17,'Approve','employee',NULL,'2024-07-04 14:57:18','2024-07-04 14:57:18'),
	(7,1,10,10,'Release','user',NULL,'2024-07-04 15:13:02','2024-07-04 15:13:02'),
	(8,1,11,157,'Release','user',NULL,'2024-07-04 15:30:35','2024-07-04 15:30:35'),
	(9,1,13,10,'Release','user',NULL,'2024-07-04 16:04:31','2024-07-04 16:04:31'),
	(10,1,11,173,'Reject','hrd','Contoh tolak','2024-07-04 16:17:39','2024-07-04 16:17:39'),
	(11,1,14,10,'Release','user',NULL,'2024-07-05 09:19:17','2024-07-05 09:19:17'),
	(12,1,14,173,'Approve','hrd',NULL,'2024-07-05 09:21:43','2024-07-05 09:21:43'),
	(13,1,14,2,'Approve','manager',NULL,'2024-07-05 10:55:38','2024-07-05 10:55:38'),
	(14,1,14,10,'Approve','employee',NULL,'2024-07-05 14:19:43','2024-07-05 14:19:43'),
	(15,1,15,10,'Release','user',NULL,'2024-07-05 16:12:05','2024-07-05 16:12:05'),
	(16,1,15,173,'Approve','hrd',NULL,'2024-07-05 16:14:49','2024-07-05 16:14:49'),
	(17,1,10,173,'Approve','hrd',NULL,'2024-07-08 10:30:07','2024-07-08 10:30:07'),
	(18,1,10,10,'Release','user',NULL,'2024-07-08 10:55:42','2024-07-08 10:55:42'),
	(19,1,10,2,'Approve','manager',NULL,'2024-07-08 11:14:00','2024-07-08 11:14:00'),
	(20,1,10,6,'Approve','employee',NULL,'2024-07-08 11:35:01','2024-07-08 11:35:01'),
	(21,1,16,10,'Submit','user',NULL,'2024-07-08 11:54:03','2024-07-08 11:54:03'),
	(22,1,16,173,'Approve','hrd',NULL,'2024-07-08 13:27:43','2024-07-08 13:27:43'),
	(23,1,16,10,'Release','user',NULL,'2024-07-08 13:53:54','2024-07-08 13:53:54'),
	(24,1,15,10,'Release','user',NULL,'2024-07-08 14:12:17','2024-07-08 14:12:17'),
	(25,1,16,2,'Approve','manager',NULL,'2024-07-08 14:55:29','2024-07-08 14:55:29'),
	(26,1,16,2,'Approve','manager',NULL,'2024-07-08 14:56:00','2024-07-08 14:56:00'),
	(27,1,16,6,'Approve','employee',NULL,'2024-07-08 15:00:48','2024-07-08 15:00:48'),
	(28,1,17,10,'Submit','user',NULL,'2024-07-08 21:04:33','2024-07-08 21:04:33'),
	(29,1,17,173,'Approve','hrd',NULL,'2024-07-08 21:08:24','2024-07-08 21:08:24'),
	(30,1,17,10,'Release','user',NULL,'2024-07-08 21:09:26','2024-07-08 21:09:26'),
	(31,1,15,2,'Approve','manager',NULL,'2024-07-09 08:04:24','2024-07-09 08:04:24'),
	(32,1,18,10,'Submit','user',NULL,'2024-07-09 09:27:50','2024-07-09 09:27:50');

/*!40000 ALTER TABLE `sp_approvals` ENABLE KEYS */;
UNLOCK TABLES;


# Dump of table spkls
# ------------------------------------------------------------

DROP TABLE IF EXISTS `spkls`;

CREATE TABLE `spkls` (
  `id` bigint(20) unsigned NOT NULL AUTO_INCREMENT,
  `status` int(11) NOT NULL,
  `employee_id` int(11) NOT NULL,
  `department_id` int(11) DEFAULT NULL,
  `date` date NOT NULL,
  `start` time NOT NULL,
  `end` time NOT NULL,
  `desc` varchar(255) NOT NULL,
  `created_at` timestamp NULL DEFAULT NULL,
  `updated_at` timestamp NULL DEFAULT NULL,
  `code` varchar(255) DEFAULT NULL,
  `loc` varchar(255) DEFAULT NULL,
  `total` time DEFAULT NULL,
  PRIMARY KEY (`id`)
) ENGINE=InnoDB DEFAULT CHARSET=utf8mb4 COLLATE=utf8mb4_unicode_ci;

LOCK TABLES `spkls` WRITE;
/*!40000 ALTER TABLE `spkls` DISABLE KEYS */;

INSERT INTO `spkls` (`id`, `status`, `employee_id`, `department_id`, `date`, `start`, `end`, `desc`, `created_at`, `updated_at`, `code`, `loc`, `total`)
VALUES
	(1,1,19,2,'2024-06-06','17:00:00','21:10:00','Develope MARS','2024-06-19 16:08:52','2024-06-19 16:09:18','SPKL/2/060624/1','HW','04:10:00');

/*!40000 ALTER TABLE `spkls` ENABLE KEYS */;
UNLOCK TABLES;


# Dump of table sps
# ------------------------------------------------------------

DROP TABLE IF EXISTS `sps`;

CREATE TABLE `sps` (
  `id` bigint(20) unsigned NOT NULL AUTO_INCREMENT,
  `code` varchar(50) DEFAULT NULL,
  `status` int(11) NOT NULL,
  `employee_id` int(11) NOT NULL,
  `department_id` int(11) DEFAULT NULL,
  `by_id` int(11) DEFAULT NULL,
  `pe_id` int(11) DEFAULT NULL,
  `semester` varchar(1) DEFAULT NULL,
  `tahun` varchar(4) DEFAULT NULL,
  `date_from` date DEFAULT NULL,
  `date_to` date DEFAULT NULL,
  `level` varchar(255) NOT NULL,
  `reason` varchar(255) DEFAULT NULL,
  `desc` varchar(255) NOT NULL,
  `by` int(11) DEFAULT NULL,
  `nd_for` int(11) DEFAULT NULL,
  `nd_date` datetime DEFAULT NULL,
  `nd_reason` varchar(255) DEFAULT NULL,
  `complain_date` datetime DEFAULT NULL,
  `complain_reason` varchar(255) DEFAULT NULL,
  `file` varchar(255) DEFAULT NULL,
  `alasan_reject` text DEFAULT NULL,
  `release_at` datetime DEFAULT NULL,
  `approved_at` datetime DEFAULT NULL,
  `reject_at` datetime DEFAULT NULL,
  `created_at` timestamp NULL DEFAULT NULL,
  `updated_at` timestamp NULL DEFAULT NULL,
  `rule` varchar(255) DEFAULT NULL,
  `app_hrd_at` datetime DEFAULT NULL,
  `app_emp_at` datetime DEFAULT NULL,
  `app_man_at` datetime DEFAULT NULL,
  PRIMARY KEY (`id`)
) ENGINE=InnoDB DEFAULT CHARSET=utf8mb4 COLLATE=utf8mb4_unicode_ci;

LOCK TABLES `sps` WRITE;
/*!40000 ALTER TABLE `sps` DISABLE KEYS */;

INSERT INTO `sps` (`id`, `code`, `status`, `employee_id`, `department_id`, `by_id`, `pe_id`, `semester`, `tahun`, `date_from`, `date_to`, `level`, `reason`, `desc`, `by`, `nd_for`, `nd_date`, `nd_reason`, `complain_date`, `complain_reason`, `file`, `alasan_reject`, `release_at`, `approved_at`, `reject_at`, `created_at`, `updated_at`, `rule`, `app_hrd_at`, `app_emp_at`, `app_man_at`)
VALUES
	(15,'SP/2/050724/15',4,19,2,10,9,'2','2024','2024-07-05','2025-01-05','II','Contoh Alasan','Lorem ipsum dolor sit amet consectetur adipisicing elit. Voluptatibus iste maxime velit quaerat delectus quibusdam impedit inventore nisi.',NULL,3,'2024-07-09 09:30:00','ada yang perlu didiskusikan',NULL,'Contoh notes SP dari karyawan',NULL,NULL,NULL,NULL,NULL,'2024-07-05 16:11:25','2024-07-09 08:05:19','Pasal 357 ayat 1',NULL,NULL,NULL),
	(16,'SP/2/080724/16',5,6,2,10,NULL,'2','2024','2024-07-01','2025-01-01','II','Example of reason sp from hrd','Lorem ipsum dolor sit amet consectetur adipisicing elit. Voluptatibus iste maxime velit quaerat delectus quibusdam impedit inventore nisi.',NULL,1,'2024-07-08 17:30:00','perlu didiskusikan',NULL,'Terimakasih','sp/file/zfK4TMNw9g8R83lxBaSvpkWyruCmxpZDt0VlEn6B.pdf',NULL,NULL,NULL,NULL,'2024-07-08 11:50:43','2024-07-08 15:00:48','Pasal 655 ayat 3',NULL,NULL,NULL),
	(17,'SP/2/080724/17',101,3,2,10,NULL,'2','2024','2024-07-02','2025-01-02','II','Contoh alasan SP 2 setelah diedit HRD','ipsum dolor sit amet consectetur adipisicing elit. Voluptatibus iste',NULL,3,'2024-07-09 10:10:00','Contoh alasan diskusi tentang SP',NULL,NULL,NULL,NULL,NULL,NULL,NULL,'2024-07-08 13:48:53','2024-07-08 21:15:57','Pasal 357 ayat 4',NULL,NULL,NULL),
	(18,'SP/2/090724/18',1,5,2,10,NULL,NULL,NULL,NULL,NULL,'I','Contoh alasan SP 1','Lorem ipsum dolor sit amet consectetur adipisicing elit. Voluptatibus iste maxime velit quaerat delectus quibusdam impedit inventore nisi.',NULL,NULL,NULL,NULL,NULL,NULL,NULL,NULL,NULL,NULL,NULL,'2024-07-09 09:27:44','2024-07-09 09:27:50',NULL,NULL,NULL,NULL);

/*!40000 ALTER TABLE `sps` ENABLE KEYS */;
UNLOCK TABLES;


# Dump of table spts
# ------------------------------------------------------------

DROP TABLE IF EXISTS `spts`;

CREATE TABLE `spts` (
  `id` bigint(20) unsigned NOT NULL AUTO_INCREMENT,
  `created_at` timestamp NULL DEFAULT NULL,
  `updated_at` timestamp NULL DEFAULT NULL,
  PRIMARY KEY (`id`)
) ENGINE=InnoDB DEFAULT CHARSET=utf8mb4 COLLATE=utf8mb4_unicode_ci;



# Dump of table sub_depts
# ------------------------------------------------------------

DROP TABLE IF EXISTS `sub_depts`;

CREATE TABLE `sub_depts` (
  `id` smallint(5) unsigned NOT NULL AUTO_INCREMENT,
  `department_id` smallint(6) NOT NULL,
  `name` varchar(100) NOT NULL,
  `created_at` timestamp NULL DEFAULT NULL,
  `updated_at` timestamp NULL DEFAULT NULL,
  PRIMARY KEY (`id`)
) ENGINE=InnoDB DEFAULT CHARSET=utf8mb4 COLLATE=utf8mb4_unicode_ci;

LOCK TABLES `sub_depts` WRITE;
/*!40000 ALTER TABLE `sub_depts` DISABLE KEYS */;

INSERT INTO `sub_depts` (`id`, `department_id`, `name`, `created_at`, `updated_at`)
VALUES
	(2,2,'IT','2023-09-14 10:17:10','2023-09-14 10:17:10'),
	(3,3,'GA','2023-09-14 10:17:11','2023-09-14 10:17:11'),
	(4,4,'General Service','2023-09-14 10:17:12','2023-09-14 10:17:12'),
	(5,5,'Operation','2023-09-14 10:17:14','2023-09-14 10:17:14'),
	(6,6,'Maintenance','2023-09-14 10:17:19','2023-09-14 10:17:19'),
	(7,7,'Finance','2023-09-14 10:17:33','2023-09-14 10:17:33'),
	(8,8,'HRD','2023-09-14 10:17:34','2023-09-14 10:17:34'),
	(9,7,'Accounting ','2023-09-14 10:17:34','2023-09-14 10:17:34'),
	(10,7,'GA','2023-09-14 10:17:34','2023-09-14 10:17:34'),
	(11,9,'Sekretariat','2023-09-14 10:17:37','2023-09-14 10:17:37'),
	(12,10,'QHSSE','2023-09-14 10:17:39','2023-09-14 10:17:39'),
	(13,11,'Operation','2023-09-14 10:17:43','2023-09-14 10:17:43'),
	(14,12,'Operation','2023-09-14 10:17:50','2023-09-14 10:17:50'),
	(15,13,'General Service','2023-09-14 10:17:50','2023-09-14 10:17:50'),
	(16,14,'Oil & Gas','2023-09-14 10:17:51','2023-09-14 10:17:51'),
	(17,15,'Chemical','2023-09-14 10:17:51','2023-09-14 10:17:51'),
	(18,16,'Driving','2023-09-14 10:17:53','2023-09-14 10:17:53'),
	(19,17,'Operation','2023-09-14 10:17:56','2023-09-14 10:17:56'),
	(20,18,'Accounting & Finance','2023-09-14 10:17:57','2023-09-14 10:17:57'),
	(21,19,'Sekretariat','2023-09-14 10:17:59','2023-09-14 10:17:59'),
	(22,20,'Operation','2023-09-14 10:17:59','2023-09-14 10:17:59'),
	(23,21,'Operation','2023-09-14 10:18:00','2023-09-14 10:18:00'),
	(24,22,'Business Development','2023-09-14 10:18:00','2023-09-14 10:18:00'),
	(25,23,'General Affair','2023-09-14 10:18:01','2023-09-14 10:18:01'),
	(26,24,'Operation','2023-09-14 10:18:03','2023-09-14 10:18:03'),
	(27,25,'QHSSE','2023-09-14 10:18:04','2023-09-14 10:18:04'),
	(28,26,'Accounting & Finance','2023-09-14 10:18:04','2023-09-14 10:18:04'),
	(29,27,'Maintenance','2023-09-14 10:18:06','2023-09-14 10:18:06'),
	(30,28,'Operation','2023-09-14 10:18:08','2023-09-14 10:18:08'),
	(31,29,'General Service','2023-09-14 10:18:08','2023-09-14 10:18:08'),
	(32,30,'Accounting & Finance','2023-09-14 10:18:12','2023-09-14 10:18:12'),
	(33,34,'Development','2024-07-09 12:08:34','2024-07-09 15:45:51'),
	(34,34,'Hardware','2024-07-09 12:10:48','2024-07-09 12:10:48'),
	(35,36,'HRD','2024-07-09 15:26:18','2024-07-09 15:26:18'),
	(36,35,'HRD Supervisor','2024-07-09 15:31:09','2024-07-09 15:31:09');

/*!40000 ALTER TABLE `sub_depts` ENABLE KEYS */;
UNLOCK TABLES;


# Dump of table temp_disciplines
# ------------------------------------------------------------

DROP TABLE IF EXISTS `temp_disciplines`;

CREATE TABLE `temp_disciplines` (
  `id` bigint(20) unsigned NOT NULL AUTO_INCREMENT,
  `employe_id` bigint(20) NOT NULL,
  `date` date DEFAULT NULL,
  `bulan` varchar(2) DEFAULT NULL,
  `tahun` varchar(4) DEFAULT NULL,
  `alpa` tinyint(3) unsigned NOT NULL DEFAULT 0,
  `ijin` tinyint(3) unsigned NOT NULL DEFAULT 0,
  `terlambat` tinyint(3) unsigned NOT NULL DEFAULT 0,
  `achievement` tinyint(3) unsigned NOT NULL DEFAULT 1,
  `created_at` timestamp NULL DEFAULT NULL,
  `updated_at` timestamp NULL DEFAULT NULL,
  PRIMARY KEY (`id`)
) ENGINE=InnoDB DEFAULT CHARSET=utf8mb4 COLLATE=utf8mb4_unicode_ci;



# Dump of table units
# ------------------------------------------------------------

DROP TABLE IF EXISTS `units`;

CREATE TABLE `units` (
  `id` tinyint(3) unsigned NOT NULL AUTO_INCREMENT,
  `name` varchar(255) NOT NULL,
  `created_at` timestamp NULL DEFAULT NULL,
  `updated_at` timestamp NULL DEFAULT NULL,
  PRIMARY KEY (`id`)
) ENGINE=InnoDB DEFAULT CHARSET=utf8mb4 COLLATE=utf8mb4_unicode_ci;

LOCK TABLES `units` WRITE;
/*!40000 ALTER TABLE `units` DISABLE KEYS */;

INSERT INTO `units` (`id`, `name`, `created_at`, `updated_at`)
VALUES
	(2,'Ekanuri','2023-09-14 10:17:09','2023-09-14 10:17:09'),
	(3,'PEIPerkasa','2023-09-14 10:17:33','2023-09-14 10:17:33'),
	(4,'EN Anugrah','2023-09-14 10:17:43','2023-09-14 10:17:43'),
	(5,'Ekajaya Kridatama','2023-09-14 10:17:49','2023-09-14 10:17:49'),
	(6,'PEIPerkasa Agency','2023-09-14 10:17:56','2023-09-14 10:17:56'),
	(7,'KCI- Cirebon','2023-09-14 10:17:58','2023-09-14 10:17:58'),
	(8,'KCI-Ancol','2023-09-14 10:18:00','2023-09-14 10:18:00'),
	(9,'KCI-Semarang','2023-09-14 10:18:03','2023-09-14 10:18:03'),
	(10,'PEIPratama','2023-09-14 10:18:07','2023-09-14 10:18:07'),
	(16,'Graha Segara','2024-07-09 11:41:34','2024-07-10 10:59:06');

/*!40000 ALTER TABLE `units` ENABLE KEYS */;
UNLOCK TABLES;


# Dump of table users
# ------------------------------------------------------------

DROP TABLE IF EXISTS `users`;

CREATE TABLE `users` (
  `id` bigint(20) unsigned NOT NULL AUTO_INCREMENT,
  `name` varchar(255) NOT NULL,
  `email` varchar(255) NOT NULL,
  `username` varchar(255) DEFAULT NULL,
  `email_verified_at` timestamp NULL DEFAULT NULL,
  `password` varchar(255) NOT NULL,
  `remember_token` varchar(100) DEFAULT NULL,
  `created_at` timestamp NULL DEFAULT NULL,
  `updated_at` timestamp NULL DEFAULT NULL,
  PRIMARY KEY (`id`),
  UNIQUE KEY `users_email_unique` (`email`)
) ENGINE=InnoDB DEFAULT CHARSET=utf8mb4 COLLATE=utf8mb4_unicode_ci;

LOCK TABLES `users` WRITE;
/*!40000 ALTER TABLE `users` DISABLE KEYS */;

INSERT INTO `users` (`id`, `name`, `email`, `username`, `email_verified_at`, `password`, `remember_token`, `created_at`, `updated_at`)
VALUES
	(1,'Admin','admin@gmail.com',NULL,'2023-09-14 10:16:26','$2y$10$4RBOYXWe9S22N.fHqXR56ugiaVFgQ0zENY2byLdQRy8chm4Kvnrm6',NULL,'2023-09-14 10:16:26','2024-07-03 13:57:45'),
	(2,'Developer','developer@gmail.com',NULL,NULL,'$2y$10$ywsAvdsehVtr1sp79Rl2SuBFKtsFmBl406KfMwmVALO/TpOILz2UW',NULL,'2023-09-14 10:16:27','2023-09-14 10:16:27'),
	(3,'Abdul Rozak','rozak@ekanuri.com','EN-4-013',NULL,'$2y$10$TdaLu7diUQvY4QGwjgDfGemENViYDKDvDRRKPiAHTZoz3qivxJJWK',NULL,'2023-09-14 10:22:24','2023-09-14 10:22:24'),
	(4,'Ade Nurjaya','ade.nurjaya@ekanuri.com','EN-4-025',NULL,'$2y$10$4GmbPyrcyWWd.SV7a0FWhecuHJD/Fr/u16QFBHEz2Sm6FHFsx9HDO',NULL,'2023-09-14 10:24:09','2023-09-14 10:24:09'),
	(5,'Agus Priyanto','Agus071187@gmail.com','EN-4-046',NULL,'$2y$10$2oyrSfiL0rOcZV/TIAMKFO2LEO4QsMU7iX18dP2AVq28g02OuNNqW',NULL,'2023-09-14 10:26:58','2023-09-14 10:26:58'),
	(6,'Ari Pratama Kusumah','aripratama1259@gmail.com','EN-4-047',NULL,'$2y$10$jOgjqlOVVgGLxCktNUV6aerOgL1hi72PIg91iHvDaBsbvyrd5PPAy',NULL,'2023-09-14 10:26:58','2023-09-14 10:26:58'),
	(7,'E. Hodijeh ','keyladj4@gmail.com','EN-4-021',NULL,'$2y$10$fW95FoEIQvvrIovahbLCyu04wF5WPDZc3UQhFfzx./lHIMk163Aiq',NULL,'2023-09-14 10:26:58','2023-09-14 10:26:58'),
	(8,'Husin ','Sarmilihusin@gmail.com','EN-6-001',NULL,'$2y$10$cju1wHbREzOCwQclG5BqcO3.xqsKr2hxuTmNRwO71H3jm1h1vCP72',NULL,'2023-09-14 10:26:59','2023-09-14 10:26:59'),
	(9,'Maharudin ','Melolon17@gmail.com','EK-PR-170',NULL,'$2y$10$mKph.BsvCSmRMg3HdRpf8usdC8o8HOYEOjYX897Gslh/0gp.zQJRy',NULL,'2023-09-14 10:27:00','2023-09-14 10:27:00'),
	(10,'Margono ','alvingono22@gmail.com','EK-CH-297',NULL,'$2y$10$G4O6HkAQ0kbS6rtDv19lhuR0C9CmGPkv1QrMSKJqalmo4y.T9J5Ku',NULL,'2023-09-14 10:27:00','2023-09-14 10:27:00'),
	(11,'Nurdiansah ','nurdiansah14045@gmail.com','EN-4-034',NULL,'$2y$10$HflaquV6ym9myQEZW1Y2F.p/yFFximnzyNvsEW2NRdsG1lwQWziZ6',NULL,'2023-09-14 10:27:00','2023-09-14 10:27:00'),
	(12,'Sigit Sayogyo','sayogyosigit@gmail.com','EK-PR-328',NULL,'$2y$10$c7DD6JEYGNxVvwb0fR.G1O3gVG7vxF0t59hFN3n2K4mBXaS8o0OsO',NULL,'2023-09-14 10:27:01','2023-09-14 10:27:01'),
	(13,'Siti Wahyu','sitiwahyu311@gmail.com','EN-5-001',NULL,'$2y$10$t76zPVpn7L5Qgm3n5/dz4.Zliorj9EIrLcSz/jughKoRKYhqCMJsC',NULL,'2023-09-14 10:27:01','2023-09-14 10:27:01'),
	(14,'Sujasmo ','Sujasmo1972@gmail.com','EN-6-002',NULL,'$2y$10$45tBddOJrIOKjAwdwn0WMudg490rFknqra.sYuWNGNZ2RmKi4dmg2',NULL,'2023-09-14 10:27:01','2023-09-14 10:27:01'),
	(15,'Muhammad Nasrulloh','nasrul@ekanuri.com','KJ-4-014',NULL,'$2y$10$.gKpT1wL5kpZx3VLQ5nTteQeabwMTz7y.UGv9VUg0NOsVArawS.Ai',NULL,'2023-09-14 10:27:02','2023-09-14 10:27:02'),
	(16,'Agus Cholida','agusjakut@gmail.com','EN-4-072',NULL,'$2y$10$SCX0SysE8kNKMmRCLTJJmevpFRpqXYJyu5gGhATA7MkVoewknSn.G',NULL,'2023-09-14 10:27:02','2023-09-14 10:27:02'),
	(17,'Ahmad Juantoro','15-1694661433@empty.com','EN-4-077',NULL,'$2y$10$WoNi46EgfLQH5KzUpwG0BuXQMx5MMbVF83KriGBWBXLgGovRRgjiO',NULL,'2023-09-14 10:27:03','2023-09-14 10:27:03'),
	(18,'Abdul Fikri','fikriabdl@ekanuri.com','EN-4-086',NULL,'$2y$10$phPmxAILU/j6RJCO2XgSF.CER9ink9Mk5FTSSXPNqCS3BuupBjkAG',NULL,'2023-09-14 10:27:03','2024-06-26 09:13:28'),
	(19,'Dareza Arvian','darezait@ekanuri.com','EN-4-088',NULL,'$2y$10$/0qhCVVgmrTp4788YYfwPuE8dsf1lJ/udrNWa32X5A6Ji0gVRQ.W.',NULL,'2023-09-14 10:27:03','2024-06-24 11:26:19'),
	(20,'Rahmat Hidayat','18-1694661433@empty.com','EN-4-095',NULL,'$2y$10$Cbq1AOwbNSrcwKaTQccc3e.6wB/ULBkc.KZAUK8KRlsLrSIF0.OHS',NULL,'2023-09-14 10:27:04','2023-09-14 10:27:04'),
	(21,'Indra Setiawan','19-1694661434@empty.com','KJ-4-004',NULL,'$2y$10$lTOMWqLQcsl14nlQG4ftnu4zxn1EgyJs6eDLgiR8S73J8IHnynk7K',NULL,'2023-09-14 10:27:04','2023-09-14 10:27:04'),
	(22,'Achmad Judin','achmadjudi969@gmail.co','KJ-6-162',NULL,'$2y$10$5l/DCKvkSI3FvM.CcppmxulNpKHXYQ.MmQjkZCrX0zg6Pg9iR/ZKG',NULL,'2023-09-14 10:27:04','2023-09-14 10:27:04'),
	(23,'Andi Rachman Wiraja','andiwiraja7@gmail.com ','KJ-5-171',NULL,'$2y$10$nHDFZE2geKYO/s38smbSTOAW9919aQTUldwIBsI7fMQJKr1rV3oOS',NULL,'2023-09-14 10:27:05','2023-09-14 10:27:05'),
	(24,'Andries Nagara Chandra','Andrieschandra408@gmail.com','KJ-6-065',NULL,'$2y$10$Yuu8kQf03D6h1RqqAMYNS.p2C71nC1b/XqZov29FbFVQHrxhVkFfe',NULL,'2023-09-14 10:27:05','2023-09-14 10:27:05'),
	(25,'Andrik Rudianto','andrikrudianto62@gmail.com','KJ-5-167',NULL,'$2y$10$mcr.ZXaIsY3znv8HWj1VluIOMU5o9kDM4HikO8WKLuqLGuMaNM4NC',NULL,'2023-09-14 10:27:05','2023-09-14 10:27:05'),
	(26,'Aji Amin','ariamin729@gmail.com','KJ-5-151',NULL,'$2y$10$Rvh4.MTZoBXIc0Ptq78I8.8X.PPJwVM3owtzU74a/egWJ.PzJQESW',NULL,'2023-09-14 10:27:06','2023-09-14 10:27:06'),
	(27,'Bochori ','buchorikhori0gmail.com','KJ-5-156',NULL,'$2y$10$qrldk1ginhKXN6rAhkSBF.koulfFoyc8PiPfi7CvINldkjGA5/ima',NULL,'2023-09-14 10:27:06','2023-09-14 10:27:06'),
	(28,'Dadan Iskandar','26-1694661435@empty.com','KJ-4-005',NULL,'$2y$10$4CWpfjuT8XsyfHWi4MY2CuGofuLETm.bNClwenmzVaXWIBoQjBPde',NULL,'2023-09-14 10:27:07','2023-09-14 10:27:07'),
	(29,'Didi Karmadi','didikarmadi6995@gmail.com','KJ-5-176',NULL,'$2y$10$rRnjo8betLfsc6Jav7aXnuzzKiguKG4EyPs3Ia2b2JEWjQu3hVuZS',NULL,'2023-09-14 10:27:07','2023-09-14 10:27:07'),
	(30,'Irvan Maulana','Maulanairvan27031990@gmail.com','KJ-6-059',NULL,'$2y$10$7CQWQCYUUZ0Yqmvowq0KuORGJEKA19QaLIRXdlNTEjOMdOQ0ooPtS',NULL,'2023-09-14 10:27:07','2023-09-14 10:27:07'),
	(31,'Joko Purwanto','muhammadalhafidz11@gmail.com','KJ-5-175',NULL,'$2y$10$c4m3oRW1FI9kaBGPzLmun.ES5OEvroEF.kvBzdgvs5XBIGuKnKWuO',NULL,'2023-09-14 10:27:08','2023-09-14 10:27:08'),
	(32,'Marwoto ','Marwoto30081981@gmail.com','KJ-6-085',NULL,'$2y$10$cpvN/OB.nJKgOJILwpelL.KnglHCbCgyLMPkDMuLtIPlV9MEVhuf6',NULL,'2023-09-14 10:27:08','2023-09-14 10:27:08'),
	(33,'Mohamad Santri','Santrim52@gmail.com ','KJ-6-084',NULL,'$2y$10$.XaFbNhptykh2aCVx8fFRO6Jhz97Nqd9mXbOyJ/NzfJAWKFIsBSPW',NULL,'2023-09-14 10:27:09','2023-09-14 10:27:09'),
	(34,'Mulyono ','Muly88011@gmail.com','KJ-6-174',NULL,'$2y$10$20A3ldvIR2l.mH53CMu/wuMAzD/uf65UVnUFscf1SUbw239XL8OUa',NULL,'2023-09-14 10:27:09','2023-09-14 10:27:09'),
	(35,'Nasir ','nasirchania@gmail.com','KJ-6-069',NULL,'$2y$10$onBCVR9RX9SWr.WB640KjuaTiNdT64pvO5FqUNV0uRmd24BScWKtC',NULL,'2023-09-14 10:27:09','2023-09-14 10:27:09'),
	(36,'Nurhasan ','aconk.shandy@gmail.com','KJ-6-062',NULL,'$2y$10$vn4h/wFdykvB9MqwZPN6I.O9ckK6bK88blR3EI1CK1CKUiTbeZZTG',NULL,'2023-09-14 10:27:10','2023-09-14 10:27:10'),
	(37,'Riyanto ','35-1694661437@empty.com','KJ-6-014',NULL,'$2y$10$71TNvx2xtUsFugkK.UXlue4.wOaSheDsVfBGrdKo.7wm5cXUc0Wje',NULL,'2023-09-14 10:27:10','2023-09-14 10:27:10'),
	(38,'Roganda Tua Sirait','ganda05sirait@gmail.com','KJ-5-111',NULL,'$2y$10$DCRLlOPuxnYkkHAVJG1CSOyoOiB6DdgiamhT21l20UKKOL5zcjVTW',NULL,'2023-09-14 10:27:10','2023-09-14 10:27:10'),
	(39,'Santoso ','Sondongsantoso2.gmail.com','KJ-5-154',NULL,'$2y$10$vNlBq67B/O27VOYpIgbA5eOLL.Z9Xv1GOHAtN5gLFJpyexn/C1Jq2',NULL,'2023-09-14 10:27:11','2023-09-14 10:27:11'),
	(40,'Solihin ','Solihinh38@gmail.com','KJ-6-168',NULL,'$2y$10$c4YzvtnVUVhDepeS1KJxSupgl0h7.CSosnhGQPE75yctUSmnLn9bS',NULL,'2023-09-14 10:27:11','2023-09-14 10:27:11'),
	(41,'Surya Indri  Juliyana','Indri@ekanuri.com','KJ-5-132',NULL,'$2y$10$4.oDuowMZakS4LmR9Ns9ZOSnNLyh8MSlirYCll8y6KaNh871Xv4Ti',NULL,'2023-09-14 10:27:11','2023-09-14 10:27:11'),
	(42,'Suwandi ','Suwandikobelco@gmail.com','KJ-5-169',NULL,'$2y$10$ZtrfseMWcdWQgQx3VdW1/uOzUW5Jrgd9lIJjAQp7oj1uZeHXuga/a',NULL,'2023-09-14 10:27:12','2023-09-14 10:27:12'),
	(43,'Suwanto ','wawnsuwanto71.ws@gmail.com','KJ-6-007',NULL,'$2y$10$iVDU92OLpHWQ4dxUip4/ou9JglDN63b.h8pgabsYu4KzGmWgiz0Ra',NULL,'2023-09-14 10:27:12','2023-09-14 10:27:12'),
	(44,'Syachroni ','Kalijapat1@gmail.com','KJ-6-136',NULL,'$2y$10$PcuQ2WtUlpp4NIoyKH2g7OfQsCSJL8v0sFhZMpDaGll.UDw8Dlj72',NULL,'2023-09-14 10:27:13','2023-09-14 10:27:13'),
	(45,'Wawan Gunawan','Wg192312@gmail.com','KJ-5-101',NULL,'$2y$10$1lTr2YFgwdrQSWBAUz8qxOlnL3Pr/vKZ5.5T8gZ3Wrhi741IjCXSW',NULL,'2023-09-14 10:27:13','2023-09-14 10:27:13'),
	(46,'Yusep Iskandar','yusepiskandariskandar@gmail.com','KJ-5-110',NULL,'$2y$10$QlWpmTY4IvkC0WNkxNNS2erzTauzwNCo6cyutOioDTLz3OLau4oxm',NULL,'2023-09-14 10:27:14','2023-09-14 10:27:14'),
	(47,'Yusril Mujiyanto','yusrilmujiyanto940@gmail.com','KJ-5-177',NULL,'$2y$10$r0yNRVKStdKQZr7NM86Pr.ZNIXPoSLxoaWEqWhi9Cof9ObkOAFOpC',NULL,'2023-09-14 10:27:14','2023-09-14 10:27:14'),
	(48,'Sopian ','Karanarjun8276@gmail.com','KJ-5-122',NULL,'$2y$10$sA4PrTdPbtX2C7KBvievf.lT/FpkuesGeJKM56sSenkDifEUAxktS',NULL,'2023-09-14 10:27:14','2023-09-14 10:27:14'),
	(49,'Egi Fauzi Fahmi','egyfauzi77@gmail.com','KJ-5-179',NULL,'$2y$10$BQ5ZKdByzjwTIcnYfuRROOGAQ1nYf.KYUktCTTIHNbhw/vRt74Aje',NULL,'2023-09-14 10:27:15','2023-09-14 10:27:15'),
	(50,'Ferianto ','48-1694661438@empty.com','KJ-5-194',NULL,'$2y$10$jlPH5lAucM2AR8L7Pb7/5eyclTjPz5TsTcKGjlKvnHpgh.CQwrP8a',NULL,'2023-09-14 10:27:15','2023-09-14 10:27:15'),
	(51,'Rendy Susilo Ariska','49-1694661439@empty.com','KJ-5-197',NULL,'$2y$10$RMuB/g9ED/bLZQsFZXHIperSGrO5q68UyFXgGSZn/WuSC5WUB4rAy',NULL,'2023-09-14 10:27:15','2023-09-14 10:27:15'),
	(52,'Hartono Purwanto','tono@ekanuri.com','KJ-2-003',NULL,'$2y$10$Y2fxq93o33JTcSqM36lwTOElX0NzmaVNBgUNabGCFl0bYPcuf9bJK',NULL,'2023-09-14 10:27:16','2023-09-14 10:27:16'),
	(53,'Muh. Sugeng. T','51-1694661439@empty.com','KJ-3-012',NULL,'$2y$10$GkjMy/u/PuuiL19Ua/5HLuaNUU9ockxgQUOWwOM13YeAhB0SChozi',NULL,'2023-09-14 10:27:16','2023-09-14 10:27:16'),
	(54,'Abdul Hamid','52-1694661439@empty.com','KJ-6-142',NULL,'$2y$10$SNmxqIFOLvowQP6Ae89b7eZlZkDcaaEO2ZaASNXMmlkLxnr9c4hPi',NULL,'2023-09-14 10:27:17','2023-09-14 10:27:17'),
	(55,'Abdul Rohman','ar2157336@gmail.com','KJ-6-185',NULL,'$2y$10$oIdlBWKCMso9T4E0NssQpOxN3R4xdtF6RRfSj1ccjX8Y/bbcJmLVa',NULL,'2023-09-14 10:27:17','2023-09-14 10:27:17'),
	(56,'Abdur Rohman','54-1694661440@empty.com','KJ-5-148',NULL,'$2y$10$xp59alcI0F63aCLLDlxU0.NVTKxT6WxQbNivUFvUV..gaN6C8xRpG',NULL,'2023-09-14 10:27:17','2023-09-14 10:27:17'),
	(57,'Aditya Ridwan Harys','55-1694661440@empty.com','KJ-6-236',NULL,'$2y$10$ndMEf7lMQvh5l.mDgidRJON4MTV7PjHVVxUIec3xGYsVnR0CsFpDq',NULL,'2023-09-14 10:27:18','2023-09-14 10:27:18'),
	(58,'Ahmad Gazali','56-1694661440@empty.com','KJ-6-088',NULL,'$2y$10$9qPrFFZaEdcf7.i2/lPQWOTaeZgi.gz2PNom6lFtQv9kJQFd8YyX2',NULL,'2023-09-14 10:27:18','2023-09-14 10:27:18'),
	(59,'Ahmad Sapei','57-1694661440@empty.com','KJ-6-164',NULL,'$2y$10$XQ6VJ0srqpMPl3fp2z4m/.AdWiDhZetbFmXHs8h8l58lm/HUjZsSq',NULL,'2023-09-14 10:27:19','2023-09-14 10:27:19'),
	(60,'Ahmad Suhendar','58-1694661440@empty.com','KJ-6-055',NULL,'$2y$10$73vIqfK1mUpr9AquzZK1zO1LqPHOtt0vfwBSTVK7n0RM51z41nvvG',NULL,'2023-09-14 10:27:19','2023-09-14 10:27:19'),
	(61,'Ahmad Syamsudin','59-1694661441@empty.com','KJ-6-025',NULL,'$2y$10$8IxgfNpLCToP7ZN8iEGiIOB7ulZfkC6s/dEUtvXnvi1tTCxDcKH2G',NULL,'2023-09-14 10:27:19','2023-09-14 10:27:19'),
	(62,'Ahmad Yahya','60-1694661441@empty.com','KJ-6-139',NULL,'$2y$10$bl2ZNG.tAH0rzXymmpDshutcvSR6EL9wEqWhdz3o8ioWrgRw4zeea',NULL,'2023-09-14 10:27:20','2023-09-14 10:27:20'),
	(63,'Alwi Pratama','61-1694661441@empty.com','KJ-6-188',NULL,'$2y$10$siLch8L1VNJBcBeD44czNumOQxLzq.kCAQfqWcfHr25Gs.LXJAgpW',NULL,'2023-09-14 10:27:20','2023-09-14 10:27:20'),
	(64,'Andri Priyana','priyana.andri@gmail.com','KJ-5-153',NULL,'$2y$10$C3SVZCixLwlo/vojY8oVtel/xoRiUy2s2.xuMlRqZ7zLgJDC/5hya',NULL,'2023-09-14 10:27:21','2023-09-14 10:27:21'),
	(65,'Arief Parman','63-1694661441@empty.com','KJ-5-144',NULL,'$2y$10$PcgZhPy80gEURSVvrRhMBuKJ3WKI5ZmMD3pnOkM2vGcyG7hQGo7ae',NULL,'2023-09-14 10:27:21','2023-09-14 10:27:21'),
	(66,'Aris Setiadi','64-1694661441@empty.com','KJ-6-047',NULL,'$2y$10$TZmOlT48PEPr94GzLPs8kufLbeQbEl6w7rZ922qbVqu7tksT2fNBC',NULL,'2023-09-14 10:27:21','2023-09-14 10:27:21'),
	(67,'Baharul Djamal','baharuldjamal7@gmail.com','KJ-5-147',NULL,'$2y$10$ulKz1/bsfl./sOM79iJlQuvlIKVWD3Vnk6aXYIc84MHV7OnCkPv4C',NULL,'2023-09-14 10:27:22','2023-09-14 10:27:22'),
	(68,'Bambang Priyohadi','bepriyohadi@gmail.com','KJ-5-152',NULL,'$2y$10$zsvwV/qoIWxxtumAML0a/.B3bVDh/H8ayNGcyJ4BLERkIReib3vpu',NULL,'2023-09-14 10:27:22','2023-09-14 10:27:22'),
	(69,'Bariman ','manbariman8@gmail.com','KJ-6-012',NULL,'$2y$10$CBBcHkHEWsNZl9BRogoyPe.sPGejQ66fHIHIFks/uY4zzhPW2hgdq',NULL,'2023-09-14 10:27:22','2023-09-14 10:27:22'),
	(70,'Daswan ','Indramayukediri270719@gmail.com','KJ-5-025',NULL,'$2y$10$mVtOFkEiojU/8xPyQqyn5.f7giZ.E2P39Jzh9EFgYX4Su/2oua8QO',NULL,'2023-09-14 10:27:23','2023-09-14 10:27:23'),
	(71,'Dede Jumanta','dedejumanta95@gmail.com','KJ-5-134',NULL,'$2y$10$/SGlmoKdWSfqBt5sUEN6muueAPgBNugsBWSbeBjSsuovYUC2g3LFu',NULL,'2023-09-14 10:27:23','2023-09-14 10:27:23'),
	(72,'Dul Tuyan','70-1694661442@empty.com','KJ-6-029',NULL,'$2y$10$QDZgF9ZKqcX6HVse0V9tv.BBXbLVoeHQUqLc8g5NpG7EwlXnnHNWG',NULL,'2023-09-14 10:27:23','2023-09-14 10:27:23'),
	(73,'Tisna ','71-1694661442@empty.com','KJ-5-024',NULL,'$2y$10$UX4u6UYqHXvXcJkSd6A7HuZwKK.Dz5e2M7Qlv56mTi5dJcK9.RU3C',NULL,'2023-09-14 10:27:24','2023-09-14 10:27:24'),
	(74,'Eman ','Operation.kj4@ekanuri.com','KJ-5-016',NULL,'$2y$10$sfnRMuNjyRf27BUS9OV.Z.lncxSGUQ7OMfERyAKNjWbBCAPAnSwGO',NULL,'2023-09-14 10:27:24','2023-09-14 10:27:24'),
	(75,'Hani Priyanto','73-1694661443@empty.com','KJ-6-111',NULL,'$2y$10$gV3laGcdsRAZhwr9RrbD0.IHDYQNRn6MLrZ7V6zWcGxN4qYFW0NlW',NULL,'2023-09-14 10:27:25','2023-09-14 10:27:25'),
	(76,'Hermanto ','hermanto.cool123@gmail','KJ-6-199',NULL,'$2y$10$DbZnw9ThQ9f5HpD9TMu1y.JQsOriXMpqQDpj/lHCY5z7NDM5yaUPm',NULL,'2023-09-14 10:27:25','2023-09-14 10:27:25'),
	(77,'Indra Destiyan','75-1694661443@empty.com','KJ-6-242',NULL,'$2y$10$ZgOcyLmgDHTSzlzTZDOGguiSWoAb9j2ezZiGSX7XnuKzPaojOiBoO',NULL,'2023-09-14 10:27:25','2023-09-14 10:27:25'),
	(78,'Iryandi ','76-1694661443@empty.com','KJ-5-143',NULL,'$2y$10$7Z6hG/SWKHiw44W3jffF5.dBpPdKbZLN9aAn785VVfN/62y3qva4W',NULL,'2023-09-14 10:27:26','2023-09-14 10:27:26'),
	(79,'Iswandi Ilyas','Iswandi@ekanuri.com','KJ-4-015',NULL,'$2y$10$0OG4v.a1peicAQEELj4aWObcbSgncU9Xwmfqx4epuxV60nDwzSW/W',NULL,'2023-09-14 10:27:26','2023-09-14 10:27:26'),
	(80,'Iwan Kurniawan','Iwan55tjandra@gmail.com','KJ-5-131',NULL,'$2y$10$oQBCH86oE090KZsg7vQsK.jfyFGRPrZMkpSVaui/qCE2QernSmFFa',NULL,'2023-09-14 10:27:26','2023-09-14 10:27:26'),
	(81,'Karnoto ','Karnotoboy03@gmail.com','KJ-6-223',NULL,'$2y$10$YtuVHw79/vRnS5MYeZf4gO5e2exAWTqEQsNCWC3sRvqdnJcvseMhO',NULL,'2023-09-14 10:27:27','2023-09-14 10:27:27'),
	(82,'Kusyani ','80-1694661444@empty.com','KJ-6-119',NULL,'$2y$10$.lQb3SSrsE9pk6.XkQGndergdBBpBpfVBkF7Bz6S6CHVVgyR3JXp6',NULL,'2023-09-14 10:27:27','2023-09-14 10:27:27'),
	(83,'Lastono ','kj.kk147@gmail.com','KJ-6-054',NULL,'$2y$10$t0/BzKApWFr807SpVMPHxe1apW4Q6JziCh56OidAtXfOAZdpZ.GCO',NULL,'2023-09-14 10:27:28','2023-09-14 10:27:28'),
	(84,'Mamat ','82-1694661444@empty.com','KJ-6-181',NULL,'$2y$10$ZgcoAcJ0XJIca1INyoUw6uvX.S1dJHp/33weucr7djolVV5bykn6C',NULL,'2023-09-14 10:27:28','2023-09-14 10:27:28'),
	(85,'Miharja ','ade.miharja@ekanuri.com','KJ-5-043',NULL,'$2y$10$u6OeNzKvhtv3AAtsarta4OVFAOzAfrbgks5GfPlvEr.p.E84e2cua',NULL,'2023-09-14 10:27:29','2023-09-14 10:27:29'),
	(86,'Muhamad Hidayatulloh','84-1694661444@empty.com','KJ-6-257',NULL,'$2y$10$HYZ7EPS2yFNrdFYDjGLRNO4FhbF5dLJgeUvJwC483i4ItDcTGES0K',NULL,'2023-09-14 10:27:29','2023-09-14 10:27:29'),
	(87,'Muhamad Yusuf','Myusuf0216@yahoo.co.id','KJ-5-130',NULL,'$2y$10$jA463BXr2Gj2iH3tdACAx.WBDyS8tYfXmnZJEDKiI6vPTYMTgct1q',NULL,'2023-09-14 10:27:29','2023-09-14 10:27:29'),
	(88,'Muhammad Azyzy','86-1694661445@empty.com','KJ-6-220',NULL,'$2y$10$vnLGbTRYmxTzYRqRBHGMoO0CIBYrs.c4ZNQFuVhR8n33Yqowm5UPO',NULL,'2023-09-14 10:27:30','2023-09-14 10:27:30'),
	(89,'Rahmat Hidayat','rahmat@ekanuri.com','KJ-5-003',NULL,'$2y$10$v7Dor4BknZQa2uVeekjYf.2ZHI1L2tIdOMRnnV7thZVUGKMu5DISG',NULL,'2023-09-14 10:27:30','2023-09-14 10:27:30'),
	(90,'Rondang Panjaitan','88-1694661445@empty.com','KJ-5-038',NULL,'$2y$10$bPurNpCSzYCDQREU11HMy.q5sR8xDFct9I8D9aWZcRPuF1h9cyniG',NULL,'2023-09-14 10:27:31','2023-09-14 10:27:31'),
	(91,'Rosidi ','89-1694661445@empty.com','KJ-5-021',NULL,'$2y$10$dWwn/cFs8qAxXD45RPESDOy.g2JVpGiefGp0MnVEwQPqiavIsMVla',NULL,'2023-09-14 10:27:31','2023-09-14 10:27:31'),
	(92,'Saberiyansyah ','90-1694661445@empty.com','KJ-6-004',NULL,'$2y$10$oIP11oU3wYhav1qe5F3qpuC2gCcJtdAghzBhnna5LUV5VRrcjQXca',NULL,'2023-09-14 10:27:31','2023-09-14 10:27:31'),
	(93,'Samin Bin  Nomin','91-1694661446@empty.com','KJ-6-128',NULL,'$2y$10$ZIOVTfbySspG30OfKuA4qOBHqMMmG436AkfUMCVo5/ucED82Jcc0q',NULL,'2023-09-14 10:27:32','2023-09-14 10:27:32'),
	(94,'Santosa ','Santosayamtomulyonog@gmail.com','KJ-5-029',NULL,'$2y$10$f0UlUVQ6tuEsNE2qFCDds..Wt/okYBcrGGqHF8Jwd9yOg/qh6aBNa',NULL,'2023-09-14 10:27:32','2023-09-14 10:27:32'),
	(95,'Sarpin ','93-1694661446@empty.com','KJ-6-131',NULL,'$2y$10$f8HguwU4Ec4ZPPtgOLgmBORSL903owJpiacTn71dEM6yYop//9VG6',NULL,'2023-09-14 10:27:32','2023-09-14 10:27:32'),
	(96,'Siti Wahyuningsih','ningw793@gmail.com','KJ-5-001',NULL,'$2y$10$wSq.OozFvcY6xG3Lh9JVC.TJqBGg/Ma14asfDxqMFip4EEntXW3K6',NULL,'2023-09-14 10:27:33','2023-09-14 10:27:33'),
	(97,'Soleman ','95-1694661446@empty.com','KJ-5-036',NULL,'$2y$10$2xHySO.CMbI0PbTq7RkIpOkn/JEgJoCJkYINWQIiWfVWyHVC8sQGG',NULL,'2023-09-14 10:27:33','2023-09-14 10:27:33'),
	(98,'Sopandi ','gerandongansera@gmail.com','KJ-6-198',NULL,'$2y$10$vN9w010IFwwoNnOscvaBjOIyJFin2C9wgX./Vg56lC1h2t1mw/kHa',NULL,'2023-09-14 10:27:34','2023-09-14 10:27:34'),
	(99,'Subhi ','bhieborriel10@gmail.com','KJ-6-089',NULL,'$2y$10$kvkpUrZIXtGtV2xblZR40O/bq4w9EXDGgy2m/vmfBkmRRtLQXmkNy',NULL,'2023-09-14 10:27:34','2023-09-14 10:27:34'),
	(100,'Suknan ','98-1694661447@empty.com','KJ-5-048',NULL,'$2y$10$cn6UzpOZZFfCT8d3ETD.zecbxHbLVH.2c6iaoO6rp4JcTtWUwoB3C',NULL,'2023-09-14 10:27:35','2023-09-14 10:27:35'),
	(101,'Sunandar ','99-1694661447@empty.com','KJ-6-189',NULL,'$2y$10$BcIQGSllpSX7pqyG7ImovuSLcXPbbyk.HX7u7WUoOZe4K/5d0t/g.',NULL,'2023-09-14 10:27:35','2023-09-14 10:27:35'),
	(102,'Suryadi ','Suryacitra@gmail,','KJ-6-133',NULL,'$2y$10$5SZx4ERroGZs/wweBeVPq.D0Rpk0dxBlPOQy3YvI9b9oIcXKeEiZC',NULL,'2023-09-14 10:27:35','2023-09-14 10:27:35'),
	(103,'Suyamto ','101-1694661447@empty.com','KJ-6-030',NULL,'$2y$10$ITfeNmY2mOQmMZmL4u3GPuKAOLdIctZMNc9pho1EWJ2aBHPKp5X7y',NULL,'2023-09-14 10:27:36','2023-09-14 10:27:36'),
	(104,'Syaeful Baidillah','sbaidillah1179@gmail.com','KJ-6-037',NULL,'$2y$10$40Dx6QdVRoGuuBApL4Yda.iHidC8tPYZWZzd.OhAWX0IXnPBZGKcu',NULL,'2023-09-14 10:27:36','2023-09-14 10:27:36'),
	(105,'Syarifudin Bin Nomin','103-1694661447@empty.com','KJ-6-100',NULL,'$2y$10$/MYuKa6ZcBKukv0IhR6UMuaTeV9Rp53k.3fonLMIPx6D/0cYUafpG',NULL,'2023-09-14 10:27:36','2023-09-14 10:27:36'),
	(106,'Wanto Mayliyono','104-1694661448@empty.com','KJ-5-168',NULL,'$2y$10$55x7pBdhTuYT8.Q0ksTDW.P38Z3vcumV8myUR9znx2SOiAneCV9xW',NULL,'2023-09-14 10:27:37','2023-09-14 10:27:37'),
	(107,'Waslam ','Waslamwaslam757@gmail.com','KJ-6-157',NULL,'$2y$10$StNBNDdlKaJ24PmbzU4wOeq4Z1pJrppjBlCgiYM/YrMIT0bGUxjaS',NULL,'2023-09-14 10:27:37','2023-09-14 10:27:37'),
	(108,'Widiawan ','106-1694661448@empty.com','KJ-5-041',NULL,'$2y$10$vlKQiRv2VAUKvvKA/Iiy0u5X0zmbC1fJ5fl18rRyZ1I7cEmzjUKDq',NULL,'2023-09-14 10:27:38','2023-09-14 10:27:38'),
	(109,'Welly Maruntung','willy.maruntung@gmail.com','KJ-5-208',NULL,'$2y$10$DESCY/4iVYw5dPugLADcUuY3McxwkYRkAaTf13u9JKDYxq3IXVA/.',NULL,'2023-09-14 10:27:38','2023-09-14 10:27:38'),
	(110,'Jingga Saviratus','108-1694661448@empty.com','KJ-5-209',NULL,'$2y$10$b4QZw34evD8N7fu9Cei1tuadYJ8m3bLEODMo/MzfSk49wYyhlErqC',NULL,'2023-09-14 10:27:38','2023-09-14 10:27:38'),
	(111,'Yadi Suprianto','yadisuprianto62@gmail.com','KJ-6-053',NULL,'$2y$10$Yo1XEmvXTBM00dz.0R8E/ueLsjE8LtVW/DALOGDk1ywuaAd/FuNJa',NULL,'2023-09-14 10:27:39','2023-09-14 10:27:39'),
	(112,'Yair Azariah Tuhuteru','110-1694661448@empty.com','KJ-6-254',NULL,'$2y$10$4EqfQbKrQKgycsaI5uV7j.xitr6fDBSz9bu8I2IX4yVkYeiAr6426',NULL,'2023-09-14 10:27:39','2023-09-14 10:27:39'),
	(113,'Yudhi Septian','111-1694661448@empty.com','KJ-6-140',NULL,'$2y$10$jd/3b18Zgai6oNHQkbyWte2tT9TrEsLT.DSMuaJv8setGJGEK9EZ2',NULL,'2023-09-14 10:27:39','2023-09-14 10:27:39'),
	(114,'Yundi Basrah','112-1694661448@empty.com','KJ-6-167',NULL,'$2y$10$iFU6Rwh1LIRFM9rRdejW9uxnrg/FFme48YG582WbPaahmRZdFoDte',NULL,'2023-09-14 10:27:40','2023-09-14 10:27:40'),
	(115,'Tatang Karjana','113-1694661449@empty.com','KJ-5-180',NULL,'$2y$10$4WdDrz7G50mLMt2IUsyMTeAoWSo/WHEL63jzed.crM4QivnrTs4VK',NULL,'2023-09-14 10:27:40','2023-09-14 10:27:40'),
	(116,'Nardi ','Nardikunar@.gmail.com','KJ-5-181',NULL,'$2y$10$N.vbDqogg7rwmrPEJ5KumuYlMX8fiLWL8RP247xIBGwv2kdWimUTu',NULL,'2023-09-14 10:27:41','2023-09-14 10:27:41'),
	(117,'Ubed ','115-1694661449@empty.com','KJ-5-187',NULL,'$2y$10$QJNE6vg1ZoRv8bQvRNmNZ.VyJSHUzSJYq1C0Wzj4Wgz3Z6anE2tAq',NULL,'2023-09-14 10:27:41','2023-09-14 10:27:41'),
	(118,'Suryadi ','116-1694661449@empty.com','KJ-5-189',NULL,'$2y$10$YWUQCCZfcS8c.wFw4UUpR.aS8JAZBBRxBfiL2WfTR/pSToeL47JOG',NULL,'2023-09-14 10:27:42','2023-09-14 10:27:42'),
	(119,'Fajar Respati Aji ','117-1694661449@empty.com','KJ-3-018',NULL,'$2y$10$AtEZiHLUBh14rQjXMYpNY.1CXyyMvgexnCRwSi5jkX227NJlrM0mK',NULL,'2023-09-14 10:27:42','2023-09-14 10:27:42'),
	(120,'Nur Kolik','Vickarramadhan@gmail.com','KJ-6-227',NULL,'$2y$10$pJRRKqJzgPxrgx0o39BjFedkyOqskTfZB6b3FKhurild13fF0Qqku',NULL,'2023-09-14 10:27:42','2023-09-14 10:27:42'),
	(121,'Nanang Istanto','119-1694661449@empty.com','KJ-5-053',NULL,'$2y$10$DZS9xLdIrJWW71mjHireFOWxSryeUPH/jD/eVSCnR8yfRFesRBh9K',NULL,'2023-09-14 10:27:43','2023-09-14 10:27:43'),
	(122,'Timin Dedi','timin@eakniri.com','KJ-4-002',NULL,'$2y$10$GcOWesga8tSmr9VubKXjA.uDw/.I1v09883fekHXQXMg/PUcOH0.2',NULL,'2023-09-14 10:27:43','2023-09-14 10:27:43'),
	(123,'Agung Tri Wassono','121-1694661450@empty.com','KJ-6-212',NULL,'$2y$10$WWpcmT8jTmZMt0hnxpe2m./yQbSfVQJnqAjLEnNlKVlpxKTZ92SW2',NULL,'2023-09-14 10:27:44','2023-09-14 10:27:44'),
	(124,'Teguh Budi Setiawan ','teguh@ekanuri.com','KJ-6-173',NULL,'$2y$10$8GFMqm9MtQf8GBKZbihc1.0Ee5jUOaGoxNw99Vpb6cIQV422T04k6',NULL,'2023-09-14 10:27:44','2023-09-14 10:27:44'),
	(125,'Tri Yuli Purnomo','123-1694661450@empty.com','KJ-6-137',NULL,'$2y$10$YlD4qhvUdgdoSDDYlHvz4OEMTLFxIXrEV6TXqTorOidHEA7qSvakO',NULL,'2023-09-14 10:27:44','2023-09-14 10:27:44'),
	(126,'Zulfakhriy ','zulfakhry@ekanuri.com','KJ-5-188',NULL,'$2y$10$jDvn6ReAhY9akKeZgD.HzO.9iiHO3AbdlTAjNkXHqazRM0H5XQHMm',NULL,'2023-09-14 10:27:45','2023-09-14 10:27:45'),
	(127,'Irnanto Purna Yudha','125-1694661450@empty.com','KJ-5-190',NULL,'$2y$10$3JdpPZ82WH7CNgxZNiAvtusm6850mKjOfRVujcAXI.Z/e1E3x2syy',NULL,'2023-09-14 10:27:45','2023-09-14 10:27:45'),
	(128,'Zulis Khan','Zuliskhan5@gmail.com','00030',NULL,'$2y$10$LQ6kCX.NjF4Qedr6LoKG9.l7RGXKESpCYMTg6urqRlMBcGYvCLAAu',NULL,'2023-09-14 10:27:45','2023-09-14 10:27:45'),
	(129,'Reza Adji Rinaldi','127-1694661451@empty.com','KJ-5-201',NULL,'$2y$10$sNCGv9dzzihz5wEoJTGp/.eRhQhJsy/iOJjDe0la2SlA3IB8zmabG',NULL,'2023-09-14 10:27:46','2023-09-14 10:27:46'),
	(130,'Rendy Juanda','128-1694661451@empty.com','KJ-6-299',NULL,'$2y$10$.QFHaMR8944JxvqbOS1DUu9vW1yNrlxvQa5hAQgkNS1D1SqUY6eem',NULL,'2023-09-14 10:27:46','2023-09-14 10:27:46'),
	(131,'Fajar Nugraha','129-1694661451@empty.com','KJ-6-304',NULL,'$2y$10$dF91XNLHMBfd8sPOIjPBxezsca6/S3lN4RdS4jeaAzwNB1MIxt3QG',NULL,'2023-09-14 10:27:46','2023-09-14 10:27:46'),
	(132,'Mugianto ','130-1694661451@empty.com','KJ-5-204',NULL,'$2y$10$OGTDfpOIpa7JP1bucBPqUep63HJyWd6qmqoXMQPIfJWuOLx2rvMBi',NULL,'2023-09-14 10:27:47','2023-09-14 10:27:47'),
	(133,'Dwi Agung Pangestu','dwiagungpangestu23@gmail.com','KJ-5-205',NULL,'$2y$10$4OPHGbrMm7J7a6NsEYpST./xUkhzqLWGMl1MimEU3rmEahuv3/ZV6',NULL,'2023-09-14 10:27:47','2023-09-14 10:27:47'),
	(134,'Mohamad Fahri Caesar','keanubavish2130@gmail.com','KJ-5-206',NULL,'$2y$10$D56FtlJm4Pm5cIES4kfp4OWS3yMBw6L38SreuOz05S5Tc6wJRoACy',NULL,'2023-09-14 10:27:48','2023-09-14 10:27:48'),
	(135,'Muhamad Ridwan','RIDWANWILSON8@GMAIL.COM','KJ-6-243',NULL,'$2y$10$fTNG8dB6LRg.sI3Nar/TJ.5Ida3Cod.H/9.WEX0.MitB7BvbFQZrG',NULL,'2023-09-14 10:27:48','2023-09-14 10:27:48'),
	(136,'Charlie Parulianta Samosir','charlieparulianta10003@gmail.com','KJ-6-259',NULL,'$2y$10$Cyr4dwHbRv7TPre332vHkeLa1fclzviA/029XdCJhoBoeLMO2CWIS',NULL,'2023-09-14 10:27:49','2023-09-14 10:27:49'),
	(137,'Mulyadi ','qimulyadi@gmail.com','KJ-6-248',NULL,'$2y$10$g2rXG1gD.jk1m3J3KJF7B.bOw5kq2jUpNxsDEoIBVhPRmW7weunw.',NULL,'2023-09-14 10:27:49','2023-09-14 10:27:49'),
	(138,'Yanto Musthofa','136-1694661452@empty.com','KJ-6-200',NULL,'$2y$10$sSjGQTOIz9ByfDIDda/X9ONDb.C0w24ir/S5/GAWqJpMAdyfIWLgS',NULL,'2023-09-14 10:27:49','2023-09-14 10:27:49'),
	(139,'Yudha Yudhistira','Kasasmitha1606@gmail.com','KJ-6-171',NULL,'$2y$10$4urmPEtbec1HjVLX8lPHoOUIZVkSfHbzXqNAp64OJbqPac/7TTOg6',NULL,'2023-09-14 10:27:50','2023-09-14 10:27:50'),
	(140,'Dedy Ariyandi','dedyariyandi84@gmail.com','EK-PR-378',NULL,'$2y$10$andj2vrUHYLEkmNShQz2hOa/KBquVahacCuNWGxolzL8Vb9VIB6UO',NULL,'2023-09-14 10:27:50','2023-09-14 10:27:50'),
	(141,'Rudiansyah ','Rudiansyahh250@gmail.com','EN-6-003',NULL,'$2y$10$fnD5uoBHEDSVcqxsGq/mnuvuHboVLVEb.i9aJN7kq7YADdwg.Y2s.',NULL,'2023-09-14 10:27:50','2023-09-14 10:27:50'),
	(142,'Thaffan Dimas','thaffandimas@gmail.com','KJ-6-310',NULL,'$2y$10$aAz2GHibjFoqU5R8oyW4.Oibcxp55g4dA40G6Op7DdToD8EIda7Ay',NULL,'2023-09-14 10:27:51','2023-09-14 10:27:51'),
	(143,'Darwin Tanjung','tanjungdarwin3@gmail.com','KJ-5-210',NULL,'$2y$10$aAZ/F4FRSwP1pS5N2PMwLu61CST.CEdslYn502tyHhVxaX5fv3hBO',NULL,'2023-09-14 10:27:51','2023-09-14 10:27:51'),
	(144,'Kris Krismana','Ekisertel@yahoo.co.id','EK-PR-329',NULL,'$2y$10$ZYVMmKToU8p5F3bA48XA4eUYYW2NtY7vzOKzrF5NBgq3FHOjuP/jq',NULL,'2023-09-14 10:27:52','2023-09-14 10:27:52'),
	(145,'Sandi Sobari','Sandisobari38@gmail.com','KJ-6-232',NULL,'$2y$10$DkeCKHGRujuv1za5pzTYWenjw4PqQXz19Spb7juc.deOIMoh9IOwe',NULL,'2023-09-14 10:27:52','2023-09-14 10:27:52'),
	(146,'Andi Kurniawan Nasution','andi@ekanuri.com','EN-2-006',NULL,'$2y$10$ElYYFnu6j4LkuY3n85i6suvUpBmKhvB2/pK4Lth4Fs4gK7ZcQU/xa',NULL,'2023-09-14 10:27:52','2023-09-14 10:27:52'),
	(147,'Andrianto ','andrianto@ekanuri.com','11304',NULL,'$2y$10$0RIX9UKP.idqmgBSWxYBruuxxmJ2vxPblvXfDCkGEdvDln90HhZ5O',NULL,'2023-09-14 10:27:53','2023-09-14 10:27:53'),
	(148,'Saruddin Batubara','batubara@ekanuri.com','EN-2-001',NULL,'$2y$10$oWc2e4MhczZcJt5iU/yGZ.kMoHjRuRDSs261QkvP/0Vd6xLsmowbq',NULL,'2023-09-14 10:27:53','2023-09-14 10:27:53'),
	(149,'Adriansyah, SE','adriansyah@ekanuri.com','EN-2-007',NULL,'$2y$10$BNkXyA4R8BHfDsVY3Fsqk.FhuLj1vBMl8EsPzSPDqaGtV1bDLC8se',NULL,'2023-09-14 10:27:54','2023-09-14 10:27:54'),
	(150,'Aisya Hamdan','148-1694661454@empty.com','EN-4-033',NULL,'$2y$10$XBVIPFOKnWssY5K0eUorDue1wT5Wk5qvZAZyX90b5ZlyAXGq1EAhS',NULL,'2023-09-14 10:27:54','2023-09-14 10:27:54'),
	(151,'Apiko Berlin','apikoburnan@gmail.com','EN-4-038',NULL,'$2y$10$Fz3eDWDmEIeD.x5vzg5d3.JQ1stJM/F7gVm6jopGkaLE.R6FKciiq',NULL,'2023-09-14 10:27:54','2023-09-14 10:27:54'),
	(152,'Arifin ','arifin@ekanuri.com','EN-3-003',NULL,'$2y$10$UoHwzgERouQKkQieWteQZuTsQ9FV9/xORLvwBk64wKkaW041UgWwO',NULL,'2023-09-14 10:27:55','2023-09-14 10:27:55'),
	(153,'Eka Fitrasari','fitrasarieka@yahoo.co.id','EN-4-036',NULL,'$2y$10$pY8gE6XxzsvDQTSd4OxSbeFk648d8FYBCIIqFDd/irMPmHn2iUinq',NULL,'2023-09-14 10:27:55','2023-09-14 10:27:55'),
	(154,'Ismy Soerya  Rinjani','ismy.rinjany@ekanuri.com','10025',NULL,'$2y$10$/VhaqQk4Uf15msjiGiRQe.F8Rybd1e4XGA37QIJzdQWD1DuY9qY9e',NULL,'2023-09-14 10:27:55','2023-09-14 10:27:55'),
	(155,'Kartini Zakaria','titin@ekanuri.com','KCI-001',NULL,'$2y$10$zoLhxL1dPkvaLhh6SsuBpe0zYyKxZI/i.ChtqzHRm9O17M5fzs6ym',NULL,'2023-09-14 10:27:56','2023-09-14 10:27:56'),
	(156,'Komarudin ','komarudin@ekanuri.com','EN-4-020',NULL,'$2y$10$FsXvjwwCZYxejqIzBvwCxuDqRO9TtpZlBxzVm9rFgvMW66PuHi/N2',NULL,'2023-09-14 10:27:56','2023-09-14 10:27:56'),
	(157,'Patra Hambora','patrahambora@gmail.com','EN-4-042',NULL,'$2y$10$KIMLtgeQLwapO0jXXpxYGuUrPbD8RYD4upie8xxppLZmzjnMirs26',NULL,'2023-09-14 10:27:57','2023-09-14 10:27:57'),
	(158,'Siti Nazili Khasanah','Zhili@ekanuri.com','EN-4-015',NULL,'$2y$10$ffoL4Cpo1/AEFBBsPo.cWe96zTAxnNiWei9Lea0uMuALtgvLbajCG',NULL,'2023-09-14 10:27:57','2023-09-14 10:27:57'),
	(159,'Tri Buanawati Asri','tbuanawati@yahoo.com','EN-4-012',NULL,'$2y$10$v5nJ2yiVqYwXjzFGWxsRdeyQpENKGgtoKkWeNYu3HvukLRhCnHAkC',NULL,'2023-09-14 10:27:58','2023-09-14 10:27:58'),
	(160,'Tri Yatno','triyatno@ekanuri.com','EN-4-044',NULL,'$2y$10$3zqFlilZq4LcLW2U3BzZIeEMg6DCRYqlrDIRyy9LQGZY4G1qAwYPa',NULL,'2023-09-14 10:27:58','2023-09-14 10:27:58'),
	(161,'Triyanti Primartiati','159-1694661456@empty.com','EN-4-004',NULL,'$2y$10$kshwlb7Wn2mrKMkz7ixV8e0zmuh3WZLnJtvQkA3uW2VD46.FOIruC',NULL,'2023-09-14 10:27:58','2023-09-14 10:27:58'),
	(162,'Tyrsa Krismedianty Putri','Tyrsaputri@gmail.com','EN-4-043',NULL,'$2y$10$Z8Z.Pr3//Itis3o3/nwyleK0RWL0bu0li6uwu1G4/uFdfUqbW2hmW',NULL,'2023-09-14 10:27:59','2023-09-14 10:27:59'),
	(163,'Yuliana Halim','161-1694661457@empty.com','EN-4-003',NULL,'$2y$10$BGcCmDZUcRUFVqIlZ29Ope1z4KiSwKvAiooyvkLXSYlEx0/PFmA2q',NULL,'2023-09-14 10:27:59','2023-09-14 10:27:59'),
	(164,'Diah Suriani','DIAHSURIANI11@YAHOO.COM','EN-4-058',NULL,'$2y$10$vBPhM0E2b03ZUi3fCwgoAOt/xU7NuMpwMaIi5e8aeBTsKDomfARSS',NULL,'2023-09-14 10:28:00','2023-09-14 10:28:00'),
	(165,'Yudi Wahyudi','yudi.wahyudi@ekanuri.com','01.12.239',NULL,'$2y$10$kVjfcrlStGH0cWZSycvfMeftciPNzKHN/6Oe4tTRC7d6WV6o/U8Cu',NULL,'2023-09-14 10:28:00','2023-09-14 10:28:00'),
	(166,'Novi Auliya Istiqomah','novi.auliya@ekanuri.com','EN-4-062',NULL,'$2y$10$Uscx1jiAQ7y9k1A7kso6pONyF2Vv0VAgJNOjlM102FgCPZJ3SzCei',NULL,'2023-09-14 10:28:01','2023-09-14 10:28:01'),
	(167,'Cut Putrie Intan','cutputrieintan@gmail.com','EN-4-063',NULL,'$2y$10$a.aBlBvww5fL/ZUGBXk3IeJsSrYd6Kr0RTcpgl.d3DprF/qLT9VO2',NULL,'2023-09-14 10:28:01','2023-09-14 10:28:01'),
	(168,'Ricky ','rickyarsa04@gmail.com','EN-4-068',NULL,'$2y$10$15ENo8PEJXbn48/yLamZdOga52Hn7KvpJlq2h6JZA973H9b2LCVV.',NULL,'2023-09-14 10:28:01','2023-09-14 10:28:01'),
	(169,'Retno Agustiningsih','retnoagustiningsih78@gmail.com','EN-4-070',NULL,'$2y$10$221SpDF4jpKPI5i3aydsRu1PPStzh485hYlq2GjRRvUNClyVDLRMS',NULL,'2023-09-14 10:28:02','2023-09-14 10:28:02'),
	(170,'Riska Destari','riskadestari15@gmail.com','EN-4-071',NULL,'$2y$10$1ZqpYbdQLi4xg0qyHyC1x.PYoM1OhtdulffiYBX234L5sLBFsOS1S',NULL,'2023-09-14 10:28:02','2023-09-14 10:28:02'),
	(171,'Rizka Puji Hastuti','rizkapujih@gmail.com','EN-4-076',NULL,'$2y$10$/RQsN5Gp25vekJ67rqcC4ecTjYPIo6qcjx/4imwh0Of0SkX8rR5V.',NULL,'2023-09-14 10:28:02','2023-09-14 10:28:02'),
	(172,'Ariyani Kusuma Wardani','ariyani@ekanuri.com','EN-4-078',NULL,'$2y$10$8EuOqr8SKd2Zkb6gAESCmOkydNHBefRElloP97yFb4iwHwoSniB2O',NULL,'2023-09-14 10:28:03','2023-09-14 10:28:03'),
	(173,'Aditya ','aditya@ekanuri.com','EN-2-008',NULL,'$2y$10$jV1Ks0GcfHJoJofkH3PcbOQyhy0zJwUnAD7noapOVXw8HaP1YftQ6',NULL,'2023-09-14 10:28:03','2023-09-14 10:28:03'),
	(174,'Hafiz Ali','hafiz.ali@ekanuri.com','EN-4-093',NULL,'$2y$10$MuS3awnq7oOI8.POdNmEzuUIInHXWDdp0h5gRFAP.gjtoL5fA71oC',NULL,'2023-09-14 10:28:04','2023-09-14 10:28:04'),
	(175,'Mega Almirasari','megaalmirasari@gmail.com','EN-4-094',NULL,'$2y$10$Un2ZufOmgrdbxAq0I16PVe7BB.MX76QcImxt0jqHIIksbgsNGOXiS',NULL,'2023-09-14 10:28:04','2023-09-14 10:28:04'),
	(176,'Gagat Putra Santiko','gagatputra9@gmail.com','EN-4-097',NULL,'$2y$10$lnMUUamJkn33bb8tHtp4aePhhd0akR9Lnl7D3NFbQiBHWbx3EplCu',NULL,'2023-09-14 10:28:04','2023-09-14 10:28:04'),
	(177,'Dion M. Toduho','diontoduho21@gmail.com','EN-4-098',NULL,'$2y$10$GRl4NFuHUgcDo0bwgKEtuOG/ZxDsUi205tjftoQGnXrYjXFAv.Gzi',NULL,'2023-09-14 10:28:05','2023-09-14 10:28:05'),
	(178,'Debby Veramitha Farhani','176-1694661459@empty.com','EN-4-099',NULL,'$2y$10$ODfRiAzf3ttreIsXzEgDYuWhZ0rahTbicz4u/wm0b5uLCr2HyLwwi',NULL,'2023-09-14 10:28:05','2023-09-14 10:28:05'),
	(179,'Arif Alfajar','177-1694661459@empty.com','EN-4-100',NULL,'$2y$10$3wwkQJL7guKuXEWB350ZJud7AHH24s8loAcaYM9Qd6.waC1wT2RQW',NULL,'2023-09-14 10:28:06','2023-09-14 10:28:06'),
	(180,'Christian Daniel Abimanyu','christiandanieltambunan@gmail.com','EN-4-101',NULL,'$2y$10$XoU2otVP0yIBFUN4Sju94.9kTurzzVNbZrBYz6CbjYtfAoxJjnmcG',NULL,'2023-09-14 10:28:06','2023-09-14 10:28:06'),
	(181,'Friska Rahmadhani','friskarahmadhani7@gmail.com','EN-4-102',NULL,'$2y$10$Nglv.rmHfIjDfXlyFnRQ1eYHJtiE/GagT22aKDkid1kzS4sgnnv5u',NULL,'2023-09-14 10:28:06','2023-09-14 10:28:06'),
	(182,'Ria Febrianti','riafebrianti2115@gmail.com','KJ-5-185',NULL,'$2y$10$64R8RDisXNMEblEGFJ55bORF25MrRO5i49rqyZsnK9MkyY8/MxMJ6',NULL,'2023-09-14 10:28:07','2023-09-14 10:28:07'),
	(183,'Dudy Iskandar','181-1694661460@empty.com','KJ-2-002',NULL,'$2y$10$YAodB9ncv6a1zjmlhVTHdeZ2U5ECZ/KaTQeuDm2H9ARFn/sNMVUuW',NULL,'2023-09-14 10:28:07','2023-09-14 10:28:07'),
	(184,'Abdul Malik','Abdul.malik@ekanuri.com','00001',NULL,'$2y$10$EnaJW7xYdn5rTPJnkrxwS.Lbef3fZDEeH3x14nvCZLT7GbiVMaOW6',NULL,'2023-09-14 10:28:07','2023-09-14 10:28:07'),
	(185,'Didi Turmudi','183-1694661460@empty.com','KJ-4-022',NULL,'$2y$10$WLYcfhC.O2GubIESVwIrwufXqOH6rqWCf6cZ3DKUHuf3fUyaHVDby',NULL,'2023-09-14 10:28:08','2023-09-14 10:28:08'),
	(186,'Didik Dwi Priyadi','didik@ekanuri.com','KJ-4-010',NULL,'$2y$10$AE.odeyywnuBM1.CVR2kl.qbCsdnDnNxG9YhrFkykH5uI14JdubKK',NULL,'2023-09-14 10:28:08','2023-09-14 10:28:08'),
	(187,'Eka Cempaka Putri','ekacempaka.putri@ekanuri.com','KJ-3-017',NULL,'$2y$10$toR02mzm1Df5Op38q6RPKeS67xI3y09.vhOqaq5epoevAYZhnVecO',NULL,'2023-09-14 10:28:09','2023-09-14 10:28:09'),
	(188,'Punto Wibisono','Punto.wibisono@ekanuri.com','KJ-3-002',NULL,'$2y$10$YCNxiCbRzraMvEFLo85mhOZ3n2EKbvAxHO5HSHiqMNgxPgopFdI9e',NULL,'2023-09-14 10:28:09','2023-09-14 10:28:09'),
	(189,'Rini Anggraeni','rini.anggraeni@ekanuri.com','KJ-5-139',NULL,'$2y$10$tGBuryYgPR8VLQw/L3KqveupXDnhRQJaSMKOrtPT/1WcXbDZK5jei',NULL,'2023-09-14 10:28:09','2023-09-14 10:28:09'),
	(190,'Umar ','188-1694661461@empty.com','KJ-5-013',NULL,'$2y$10$EkYOZ8UzDa7odsLE7w5rYuhV/Q/NaOJjIpAPRenEVZHhiYmsRBCLu',NULL,'2023-09-14 10:28:10','2023-09-14 10:28:10'),
	(191,'Muhamad Harist Abdul Fattah','tabtahharis@gmail.com','KJ-5-182',NULL,'$2y$10$fzp4mzMA7z.CzB92QFqR/ObZkjUOpuDsufZJb6KH3rlmGf.yuRa62',NULL,'2023-09-14 10:28:10','2023-09-14 10:28:10'),
	(192,'Suhardhian Dwisaksana','s.dwisaksana@gmail.com','KJ-5-198',NULL,'$2y$10$L0FzzJmZb9l63us9FkQ.tOI7a9mMrAyw28bgEonSCbc5.QPGQvkde',NULL,'2023-09-14 10:28:11','2023-09-14 10:28:11'),
	(193,'Febry Riawan Nizar','febri.riawan@ekanuri.com','KJ-5-200',NULL,'$2y$10$PdtAvZIyNBtwn/uCV62p/u7UJ9BCj0MSD6iCV5HYZxWSepdfPreay',NULL,'2023-09-14 10:28:11','2023-09-14 10:28:11'),
	(194,'Riangga Ferbi Ramadhan','riangga@ekanuri.com','KJ-5-207',NULL,'$2y$10$.KwK1KtT986KbZsaag.A.OVdmj/SrRw/QZTiEeEBx3bcVfAY/HB6q',NULL,'2023-09-14 10:28:11','2023-09-14 10:28:11'),
	(195,'Aulia Muhammad Luthfi','auliamuhluthfi@gmail.com','EN-4-103',NULL,'$2y$10$Hmbbk5OIJYPBfI1jth7zOeEfWud/XV6bI7Kn2OvKTJPX3ed/UKdAm',NULL,'2023-09-14 10:28:12','2023-09-14 10:28:12'),
	(196,'Shafa Athania Muldayanti','194-1694661462@empty.com','EN-4-104',NULL,'$2y$10$RVso69Ddyt4D1mgaQ7KP/u.nH9gEXfQmaHPetsT1euNbzw.WblTKO',NULL,'2023-09-14 10:28:12','2023-09-14 10:28:12'),
	(197,'Evi Nur Setya Ningsih','195-1694661462@empty.com','EN-4-105',NULL,'$2y$10$jKoq0HFJ1hPuGzhG0EdU5Oe0rqkhgmRUtsC3skLB/RdFDGuhWSMl6',NULL,'2023-09-14 10:28:13','2023-09-14 10:28:13'),
	(198,'Rani Oktaviani','196-1694661462@empty.com','EN-4-106',NULL,'$2y$10$Ac4B8Jwlj2REJyXz8cX0pOsIAxswpux28wTMvuvR/0kQfeLDtyXdy',NULL,'2023-09-14 10:28:13','2023-09-14 10:28:13'),
	(199,'Yuni Dwi Cahya','197-1694661462@empty.com','EN-4-107',NULL,'$2y$10$Zn95sFKMa2FuCYmSu.531ubEHPbcrpcaHWOTyfNQtK/8VlHiLZfwe',NULL,'2023-09-14 10:28:13','2023-09-14 10:28:13'),
	(200,'Marcely Caesaria','marcelycaesaria07@gmail.com','EN-4-108',NULL,'$2y$10$DMRDiRP.WseQiXRebNl9w.F1Gg88mcW37pumVPavYMRU3CkCyxJHq',NULL,'2023-09-14 10:28:14','2023-09-14 10:28:14'),
	(201,'Mad Nur ','199-1694661463@empty.com','KJ-6-155',NULL,'$2y$10$ZGJuGDe7EorQr8FCYsS8T.sOddWqBy1n42O5Rfj5Juu7uCMt0NJUC',NULL,'2023-09-14 10:28:14','2023-09-14 10:28:14'),
	(202,'Muhammad Amin ','200-1694661463@empty.com','KJ-6-218',NULL,'$2y$10$x8vFumQ/REgufAfrqFx2ruKFdpmnRHgVUgOixHMR3EkFDCjQscY1G',NULL,'2023-09-14 10:28:15','2023-09-14 10:28:15'),
	(203,'Sukarno ','201-1694661463@empty.com','KJ-6-090',NULL,'$2y$10$jpgjROgJdLw6xmwOgnGRhONuFpL1xC0TiJKMQowKSRbpphcf.ftCW',NULL,'2023-09-14 10:28:15','2023-09-14 10:28:15'),
	(204,'Andi ','202-1694661463@empty.com','KJ-6-221',NULL,'$2y$10$xIuB6WOqLQpnJlrpA1mGuOFlepc/sssoz60rWuQm4TtlGY/kMpS1e',NULL,'2023-09-14 10:28:16','2023-09-14 10:28:16'),
	(205,'Rendi Jayusman ','203-1694661464@empty.com','KJ-6-229',NULL,'$2y$10$Gqrvt.pTBZTdtRN0tF45g.FclPFFPmRdY8oHAmnqA4IpfgS5dFVHC',NULL,'2023-09-14 10:28:16','2023-09-14 10:28:16'),
	(206,'Daniel Chandra ','204-1694661464@empty.com','KJ-6-260',NULL,'$2y$10$rfSRaSwGotlkhFiTlbiNdOQsLLkQ7gEI7vwcg5TOHUdoO53jpa9Cm',NULL,'2023-09-14 10:28:17','2023-09-14 10:28:17'),
	(207,'Muhamad Fachrurrozi ','205-1694661464@empty.com','KJ-6-272',NULL,'$2y$10$3yZ/le3NSQF41FDvrhlf4u0rQYtMT3uXip7gTwwaIz8p3osVMGZ8K',NULL,'2023-09-14 10:28:17','2023-09-14 10:28:17'),
	(208,'Suryana ','206-1694661464@empty.com','KJ-6-134',NULL,'$2y$10$99p4pqsQmNTD4sTdc27FkeA39PFugqnVtxtZRRlxAr191JsFiEW5K',NULL,'2023-09-14 10:28:18','2023-09-14 10:28:18'),
	(209,'Hermansyah B ','207-1694661464@empty.com','KJ-6-145',NULL,'$2y$10$Fx0BKoB3rrRKBznb.PvFCuy8Gb5wF0SA65pWoKRNUIRu8tnoX5.jm',NULL,'2023-09-14 10:28:18','2023-09-14 10:28:18'),
	(210,'Hariyanto ','208-1694661464@empty.com','KJ-6-078',NULL,'$2y$10$MenHjPDRqCPD.CobcCJc/eg6qgAIKMUoj2nz2B1qPHpkGuGe9t7Gm',NULL,'2023-09-14 10:28:19','2023-09-14 10:28:19'),
	(211,'Abdul Malik ','209-1694661464@empty.com','KJ-6-092',NULL,'$2y$10$.OHBOuDoJbUYAJTcsy39DO7OfpHQvDtZGE3DzQ2pBPGmp8AbsPkZy',NULL,'2023-09-14 10:28:19','2023-09-14 10:28:19'),
	(212,'Agus ','210-1694661464@empty.com','KJ-6-103',NULL,'$2y$10$V5MY5q6/XDmrzmtGe/x3kO5W20uQH355yfw7mfdOe7CqRj9rbZ1Oy',NULL,'2023-09-14 10:28:19','2023-09-14 10:28:19'),
	(213,'Carto ','211-1694661464@empty.com','KJ-6-104',NULL,'$2y$10$m7zseZpHggbtvIoeKuSSL.4DIJfycKYv1s35iBjhD.LMgDPC9syi2',NULL,'2023-09-14 10:28:20','2023-09-14 10:28:20'),
	(214,'Ciswanto ','212-1694661465@empty.com','KJ-6-209',NULL,'$2y$10$0nh7l2p3jw4C4q6CnbcXBuXb0LWa0Bg43QJKWMRIdEFxZpaZva0x6',NULL,'2023-09-14 10:28:20','2023-09-14 10:28:20'),
	(215,'Dotoy ','213-1694661465@empty.com','KJ-6-107',NULL,'$2y$10$.tEwPDHs7uG8J2kRz0nx2eOH5yeWMoINo.99biPLO9vJlRxGFeDrO',NULL,'2023-09-14 10:28:21','2023-09-14 10:28:21'),
	(216,'Emi Mujaemi ','214-1694661465@empty.com','KJ-6-108',NULL,'$2y$10$2mgQU.jVitRDqSYewwPdSeeZqs0YtTiT2uGahxWM1ibDpuzO9pZPe',NULL,'2023-09-14 10:28:21','2023-09-14 10:28:21'),
	(217,'Hardianto B. Sarmad ','215-1694661465@empty.com','KJ-6-216',NULL,'$2y$10$TbAn9F3nwh2DTNxTlXge/.Noou41iGB95ftCm4oIzseL3lZxOWCFG',NULL,'2023-09-14 10:28:22','2023-09-14 10:28:22'),
	(218,'Hermansyah ','216-1694661465@empty.com','KJ-6-113',NULL,'$2y$10$kF7DmcExsCasXkPODH1h9Ob1ksXEvwROKTyHDYsI.UpZBAQiLByQu',NULL,'2023-09-14 10:28:22','2023-09-14 10:28:22'),
	(219,'Iyan Suryana ','217-1694661465@empty.com','KJ-6-115',NULL,'$2y$10$Rj.KWUX1kNHnztYCUxdC7Oq800pRkQgIoMFyQfNlZ58cVzTUfrYN.',NULL,'2023-09-14 10:28:23','2023-09-14 10:28:23'),
	(220,'Kusnadi ','218-1694661465@empty.com','KJ-6-118',NULL,'$2y$10$R2uHNO2IPZOBqokt..KGHOSDzHHB4LjCcGIc1MVlpYUOgWtfQZwE6',NULL,'2023-09-14 10:28:23','2023-09-14 10:28:23'),
	(221,'Maskin ','219-1694661465@empty.com','KJ-6-122',NULL,'$2y$10$ctODaM39XD6uO7EDeVcMXu7jmPL5WyBNLgO.J5QpK26ijJlfmzm9.',NULL,'2023-09-14 10:28:24','2023-09-14 10:28:24'),
	(222,'Nanang ','220-1694661465@empty.com','KJ-6-125',NULL,'$2y$10$NAY4VhfhankOiX7nkvsNR.gXJH73E6R3EQPiWVtKYrZirwFld4EKG',NULL,'2023-09-14 10:28:24','2023-09-14 10:28:24'),
	(223,'Robbiq Sancoko ','221-1694661465@empty.com','KJ-6-126',NULL,'$2y$10$6qAtoFYpSRVhVuOot3xcUued04Y7/iYUiWIrZv9FYuMt/QWTyJg9m',NULL,'2023-09-14 10:28:25','2023-09-14 10:28:25'),
	(224,'Tatang Alyudin ','222-1694661466@empty.com','KJ-6-184',NULL,'$2y$10$hfHujXfCuCu2Y/HNQWcl1OLNargBz6kIxUpTwxydGLMxcwbO7fb82',NULL,'2023-09-14 10:28:25','2023-09-14 10:28:25'),
	(225,'Waryo ','223-1694661466@empty.com','KJ-6-138',NULL,'$2y$10$ZoUoEYdJqPtwBe2nJ6oej.dMnbA69GnDsttmXAD7Vu.2PBh472nJO',NULL,'2023-09-14 10:28:26','2023-09-14 10:28:26'),
	(226,'Yuyun Rahayu ','224-1694661466@empty.com','KJ-6-141',NULL,'$2y$10$e0xYklWMHQGsu8biembfEOz2Rd3axVW6ovT/Qvbu7CPfA4dbcaNeu',NULL,'2023-09-14 10:28:26','2023-09-14 10:28:26'),
	(227,'Muhamad Fikram ','225-1694661466@empty.com','KJ-6-253',NULL,'$2y$10$2ED.jfBjQE3mydEc4uASc..u2bX5sT2qdB.4wJDaO0hOpOAv8NzH2',NULL,'2023-09-14 10:28:27','2023-09-14 10:28:27'),
	(228,'Mauli Hartanto ','226-1694661466@empty.com','KJ-6-258',NULL,'$2y$10$3QFkjtbdyMhUM0XrhkL3EedVrgOuoZSMHwJAPRC9Ju6kjYjODC1Je',NULL,'2023-09-14 10:28:27','2023-09-14 10:28:27'),
	(229,'Niko Dwi Firmansyah ','227-1694661466@empty.com','KJ-6-278',NULL,'$2y$10$gK2RcoRN3QQP05l8jv2DcORthCHYLBfmRGvlphGxpB1Y9FD3qudGq',NULL,'2023-09-14 10:28:28','2023-09-14 10:28:28'),
	(230,'Moch. Zaenury ','228-1694661466@empty.com','KJ-6-292',NULL,'$2y$10$xX8po2hXUVYyTGBnEMOlBuL0hysOdyuKRPitx8bgrdyz1qwcR5M3W',NULL,'2023-09-14 10:28:28','2023-09-14 10:28:28'),
	(231,'Madinah Nur ','229-1694661466@empty.com','KJ-6-294',NULL,'$2y$10$nEW3GsR/5nq987cBREYjW.BplHDe70cRw3Zxioss/4R6gHin5Fw6K',NULL,'2023-09-14 10:28:29','2023-09-14 10:28:29'),
	(232,'Erwin Tri Putra Aditya ','230-1694661466@empty.com','KJ-6-293',NULL,'$2y$10$LCCNzSCO/8k8xn2t5Z2fM.ValBFvZffMeIWZgPjywIIdt8YlbrrSK',NULL,'2023-09-14 10:28:29','2023-09-14 10:28:29'),
	(233,'Alif Pratama ','231-1694661467@empty.com','KJ-6-291',NULL,'$2y$10$XdcQ6.WBizOwvrgzCPqA6e9vnwgb/zzUJLOaFs9CoDW4XxQoPmn4e',NULL,'2023-09-14 10:28:30','2023-09-14 10:28:30'),
	(234,'Yogi Annaf Ferdiansyah ','232-1694661467@empty.com','KJ-6-289',NULL,'$2y$10$hpBcygRfrLJb1P2YmaJCP.yv4sAfM5mWd.T1UPJjQyKLea3C5XCeW',NULL,'2023-09-14 10:28:30','2023-09-14 10:28:30'),
	(235,'Rustam Afandi ','233-1694661467@empty.com','KJ-6-281',NULL,'$2y$10$DTQh81iuQTCC6xqAfZ4Jn.SyIiVvbvqpIaszqBGh0X.7No29kf7ou',NULL,'2023-09-14 10:28:31','2023-09-14 10:28:31'),
	(236,'Wais Al Qurni ','234-1694661467@empty.com','KJ-6-282',NULL,'$2y$10$S1Gi2zo2uOMuLH1v9r6tSOnVVYzon1KkT4C3CXI7RKULEf/S.9uJO',NULL,'2023-09-14 10:28:31','2023-09-14 10:28:31'),
	(237,'Ali Budiyanto ','235-1694661467@empty.com','KJ-6-279',NULL,'$2y$10$FrRJ1vP2tWyvyucj9gL8oeZJeXYo6P58.K/RQbwseS6JIlUuc4WSu',NULL,'2023-09-14 10:28:32','2023-09-14 10:28:32'),
	(238,'Mochamad Rio Rifaldi ','236-1694661467@empty.com','KJ-6-295',NULL,'$2y$10$jVp96io3gs42MQDgPEaKlOfA.GXcIbP/4U3p3qhJ/o4u8rPXRl4X2',NULL,'2023-09-14 10:28:32','2023-09-14 10:28:32'),
	(239,'Dedi Suhendar ','237-1694661467@empty.com','KJ-6-296',NULL,'$2y$10$sohkALHImzLMKEg3/btjL.xzpRyR31L/hS3ZY8PCv5tXZnGMUIOWu',NULL,'2023-09-14 10:28:33','2023-09-14 10:28:33'),
	(240,'Suhandi ','238-1694661467@empty.com','KJ-6-261',NULL,'$2y$10$zTSps9DsXVm6dGlkti1K7OCRMNXkiaU2jOqpOqL911.xxyQdEIjzm',NULL,'2023-09-14 10:28:33','2023-09-14 10:28:33'),
	(241,'Heriyana ','239-1694661468@empty.com','KJ-6-041',NULL,'$2y$10$prx54Kyr3u7qOgonnmKQ0eT1m6w6l7B45EMOQORssp6AVc8Ldy5O.',NULL,'2023-09-14 10:28:34','2023-09-14 10:28:34'),
	(242,'Dandi Kurniawan ','240-1694661468@empty.com','KJ-6-265',NULL,'$2y$10$CXdzPX.9BYzgnoBRYl9CneLGqe3T51g9sKnNVfcpZZcFpCS0S/xAS',NULL,'2023-09-14 10:28:34','2023-09-14 10:28:34'),
	(243,'Nanda Saputra ','241-1694661468@empty.com','KJ-6-273',NULL,'$2y$10$sTpz3Gsl82.gclpQ.x6L4.ptPi8rRlkU/YhpiQRRkucEssiSnbGFC',NULL,'2023-09-14 10:28:35','2023-09-14 10:28:35'),
	(244,'Jenri Sirait ','242-1694661468@empty.com','KJ-6-172',NULL,'$2y$10$5FOk0fYK2DlgB/6owpBOmO2SFhmVClbIQz00x97HeS5AxijKSYhoS',NULL,'2023-09-14 10:28:35','2023-09-14 10:28:35'),
	(245,'Sri Kuncoro ','243-1694661468@empty.com','KJ-6-179',NULL,'$2y$10$D.2gZAUThIurlJ9Zot52pOqG9VTXVjh88lbLeycUGC78kTav.qnPi',NULL,'2023-09-14 10:28:36','2023-09-14 10:28:36'),
	(246,'Wawan Suhendi ','244-1694661468@empty.com','KJ-6-178',NULL,'$2y$10$c6kf9nk5L1d.AateJ0/p4ui3c52bfC3uxhJFyFyHGPbBj.ZUD36ua',NULL,'2023-09-14 10:28:36','2023-09-14 10:28:36'),
	(247,'Roma Gabe Oktavian ','245-1694661468@empty.com','KJ-6-276',NULL,'$2y$10$fUNgszBD7Eh.wbl1JUwGZOGm6FHAKNQiTfmyhtK4pmQGMKfjpRWUO',NULL,'2023-09-14 10:28:37','2023-09-14 10:28:37'),
	(248,'Asep Supriyanto ','246-1694661469@empty.com','KJ-6-298',NULL,'$2y$10$EdK7NkuN1XGeIKQfqBEyx.wJ0vX4CK1c0JAGXs5Zi1LMBudx1jE16',NULL,'2023-09-14 10:28:37','2023-09-14 10:28:37'),
	(249,'Ardiansyah Saputra ','247-1694661469@empty.com','KJ-6-303',NULL,'$2y$10$L9VFKtQEMf.rsRbRq9OhcOE8dOUU2ph069/NfBpLq1Xx2S.8cd1mi',NULL,'2023-09-14 10:28:38','2023-09-14 10:28:38'),
	(250,'Nanda Prasetyo Traya ','248-1694661469@empty.com','KJ-6-302',NULL,'$2y$10$dutUwTLE.2xi2DQIP0.yg.uPeORObz6.kS3H7xVE9vZIZJsm7hJ0e',NULL,'2023-09-14 10:28:38','2023-09-14 10:28:38'),
	(251,'Aadon Syahputra ','249-1694661469@empty.com','KJ-6-300',NULL,'$2y$10$fqRIdPMNMYfl5pZ0IZYfBONPiSdqp9xVd5ow7ZkwLyVXkUrN960PO',NULL,'2023-09-14 10:28:39','2023-09-14 10:28:39'),
	(252,'Hendrik Hendriyana ','250-1694661469@empty.com','KJ-6-301',NULL,'$2y$10$1xodPuEAr.UEp3.YRSoi6.AJOds.LhSoJKXwERp6v7oHHtvxHKxV.',NULL,'2023-09-14 10:28:39','2023-09-14 10:28:39'),
	(253,'Ari Saputra ','251-1694661469@empty.com','KJ-6-305',NULL,'$2y$10$oBU/FTDFDafMk3SNsznbSOI/JDiCIeZB.q9mc710yv0Zj.RKadaG.',NULL,'2023-09-14 10:28:40','2023-09-14 10:28:40'),
	(254,'Achmad Firmansyah ','252-1694661469@empty.com','KJ-6-312',NULL,'$2y$10$1Y2vSY9BqvfaasDKry99iu8OstB3EBbguEZgRouD/HF59n7gRpFn.',NULL,'2023-09-14 10:28:40','2023-09-14 10:28:40'),
	(255,'Pandi Akbar ','253-1694661469@empty.com','KJ-6-311',NULL,'$2y$10$1fpWafRd3oWtSa.DrdK/0uDLjS1kBKnJoz2qd6qmIoaOtZP7qsBX6',NULL,'2023-09-14 10:28:41','2023-09-14 10:28:41'),
	(256,'M Yusuf Iskandar ','254-1694661470@empty.com','EK-CH-163',NULL,'$2y$10$GQmO.1hBEaXzDaNkyxOnEueo6B.5UJ6TA8iYjcfwmG7WgPuzcpFSa',NULL,'2023-09-14 10:28:41','2023-09-14 10:28:41'),
	(257,'Sukardi ','255-1694661470@empty.com','KJ-6-169',NULL,'$2y$10$0C3/7BqRY9x9PFWqHMX5QOIvcVwUaQWZVvgvoZlpNJ5zbXeZ.Pb1S',NULL,'2023-09-14 10:28:42','2023-09-14 10:28:42'),
	(258,'Zulfikar ','256-1694661470@empty.com','KJ-6-196',NULL,'$2y$10$WfduHQ75tOt6Df7lX9cT6ulg2onxE27PXx5sudHgkgpUjvv8WQIy6',NULL,'2023-09-14 10:28:42','2023-09-14 10:28:42'),
	(259,'Yosef Permana ','257-1694661471@empty.com','EK-PR-326',NULL,'$2y$10$Vf7X/tyOEaffNdbOpi7bh.vtq1kK6aR7tndrbsuwWBwQb88PkCZvm',NULL,'2023-09-14 10:28:43','2023-09-14 10:28:43'),
	(260,'Dwi Liskardiana ','258-1694661471@empty.com','EK-CH-181',NULL,'$2y$10$kZJj4KBhr5rkeVP5bkJr0.Z5OVvkFplcxobEfYeHCdiR0bBZCe.SW',NULL,'2023-09-14 10:28:43','2023-09-14 10:28:43'),
	(261,'Hendri B. ','259-1694661471@empty.com','EK-CH-179',NULL,'$2y$10$M889A.ztawXNv3SW/Pl.SOfv/Ms9w/lI/yMX30smrQ.2TcYUgSU6G',NULL,'2023-09-14 10:28:44','2023-09-14 10:28:44'),
	(262,'Lukman ','260-1694661472@empty.com','EN-4-008',NULL,'$2y$10$i38Xlj1.42L1i11NjeOvPe6QpOaGsQPZosSNxVvPMKtFKlwpeuggi',NULL,'2023-09-14 10:28:44','2023-09-14 10:28:44'),
	(263,'Rasidi ','261-1694661472@empty.com','EK-CH-186',NULL,'$2y$10$3IHlCXZaqQTiD2NFHwx..un2KOLLAcGeZn/uUbN37Z6qdPRdX9vSC',NULL,'2023-09-14 10:28:45','2023-09-14 10:28:45'),
	(264,'M. Aris Risnandar ','262-1694661472@empty.com','EK-PR-383',NULL,'$2y$10$u90n5dZZMn1xFOLwGo8jw.wD7cZTxEKDPG7dyZGqfkj2aatPt8S5C',NULL,'2023-09-14 10:28:45','2023-09-14 10:28:45'),
	(265,'Pangky R Arnanda P ','263-1694661472@empty.com','KJ-6-266',NULL,'$2y$10$//dE73t7rUpTcndROIsOtuXlHbyVE7mChxb2L5sbLyQpDC245amDe',NULL,'2023-09-14 10:28:46','2023-09-14 10:28:46'),
	(266,'Ade Sobandi ','264-1694661472@empty.com','KJ-6-102',NULL,'$2y$10$vZVTRUdfhGwTaPuwXFY9mOu5lSHXV6HcEL5QTzUqud74llEUag69q',NULL,'2023-09-14 10:28:46','2023-09-14 10:28:46'),
	(267,'Hari Romadhon ','265-1694661472@empty.com','KJ-6-195',NULL,'$2y$10$8WkT0oGY6M.5NMtOR8Wcnuh7d23LKWp9izMnyHD5YsVq8qreXbqfG',NULL,'2023-09-14 10:28:47','2023-09-14 10:28:47'),
	(268,'Suwandi ','266-1694661473@empty.com','KJ-6-135',NULL,'$2y$10$iDwRwcVtVcpgPyhcuwTA1u13v4YVV/Q3yHrf6U11QCcE95Y0Cedh.',NULL,'2023-09-14 10:28:47','2023-09-14 10:28:47'),
	(269,'Muhammad Darmadji ','267-1694661473@empty.com','KJ-6-268',NULL,'$2y$10$E55DxmQees.qn5Y2qQCvOOeLsERlZsNM5hoT6fz3AT.uuHal3Cthe',NULL,'2023-09-14 10:28:48','2023-09-14 10:28:48'),
	(270,'Dede Kurniawan ','268-1694661473@empty.com','KJ-6-269',NULL,'$2y$10$6lQXtsXOzlCokYHb/68Ho.luN7TDhaxmYQwhvK4wSGfD5X/0o16u2',NULL,'2023-09-14 10:28:48','2023-09-14 10:28:48'),
	(271,'Wahid Kamil ','269-1694661473@empty.com','KJ-6-306',NULL,'$2y$10$70mfxjJX1yrMRRgIegUn3eflZi0ItGycrg6p3vmr3p6L1ojzPhbdu',NULL,'2023-09-14 10:28:49','2023-09-14 10:28:49'),
	(272,'Boby Anggara ','270-1694661473@empty.com','EN-6-307',NULL,'$2y$10$DQZsadWpkS1hZ54GduPRi.Ylc8rg1mOlupNtaopSjpRgvKlKHGPvS',NULL,'2023-09-14 10:28:49','2023-09-14 10:28:49'),
	(273,'Yoga Permana ','271-1694661473@empty.com','KJ-6-308',NULL,'$2y$10$96GpGjKeMcNqpPy0akjsJeF3wVZVtDeOZ8wQFPDqzzpKmptbKiMl.',NULL,'2023-09-14 10:28:50','2023-09-14 10:28:50'),
	(274,'Muhammad Muchair  ','272-1694661473@empty.com','KJ-6-309',NULL,'$2y$10$rmb2m8WZmOF26g6BBKglceslMh9uxFcNIs6e53f.leEK6CBV8BAtC',NULL,'2023-09-14 10:28:50','2023-09-14 10:28:50'),
	(275,'Doni Saepudin ','273-1694661473@empty.com','EK-R2-004',NULL,'$2y$10$Zlroij0kHjXuila5CNeti.w9URi5GvM.kqQL3sGwBn5/sK83L2aQ.',NULL,'2023-09-14 10:28:51','2023-09-14 10:28:51'),
	(276,'Muhammad Panji ','274-1694661474@empty.com','EK-R3-012',NULL,'$2y$10$Ce9YLo5LpYYkP7/H6DACOO7mN5/ghe//O9Y4ndXdOX5pH/gen3oKi',NULL,'2023-09-14 10:28:51','2023-09-14 10:28:51'),
	(277,'Syarif Hidayat ','275-1694661474@empty.com','EK-R3-010',NULL,'$2y$10$/TVWEFtP4aADHp3xm9yccuy6X.wfKoYK7BayuCTClI7W4Rmo05FKy',NULL,'2023-09-14 10:28:52','2023-09-14 10:28:52'),
	(278,'Ali Akbar ','276-1694661474@empty.com','EK-R3-042',NULL,'$2y$10$wOuKMqcRhJXcQALQ.emnhun3FLfdmtOEZh4I8pEPjW9JFAwWgc5RW',NULL,'2023-09-14 10:28:52','2023-09-14 10:28:52'),
	(279,'Achmad Syaiful ','277-1694661474@empty.com','EK-R3-026',NULL,'$2y$10$AVVbEh2gDYceCV5EzotqEOO3gaE3YAWezfimDQ6KOVC1XGKChXqYC',NULL,'2023-09-14 10:28:53','2023-09-14 10:28:53'),
	(280,'Suhanda ','278-1694661474@empty.com','EK-R3-021',NULL,'$2y$10$t70C78Yfq/Wu1ZRR9wo3KOqpXpSkmb2YSYDcXwGszaqUKxnUpEk0u',NULL,'2023-09-14 10:28:53','2023-09-14 10:28:53'),
	(281,'Reza Rizqi Oktaviani ','279-1694661475@empty.com','EK-R3-055',NULL,'$2y$10$DMZkCND.TbaSEoKPKDJuy.K.DfXKl4h8SSOYTVGAv/oHgZvN547I6',NULL,'2023-09-14 10:28:54','2023-09-14 10:28:54'),
	(282,'Kurnia Misar ','280-1694661475@empty.com','EK-R3-054',NULL,'$2y$10$wxXgKThCFY/pNWf1x0AWSOhPs.kmBcxnfL8rAVmJkUlgKhiipGPV2',NULL,'2023-09-14 10:28:54','2023-09-14 10:28:54'),
	(283,'Suyitno ','281-1694661475@empty.com','EK-R3-067',NULL,'$2y$10$0DB3aj8NEJZ..mgaSjK75OzMqP0zzMD5OL3OLIttMWtnIG87ayMLm',NULL,'2023-09-14 10:28:55','2023-09-14 10:28:55'),
	(284,'Aditya Hermawan ','282-1694661475@empty.com','EK-R3-057',NULL,'$2y$10$DlXk0O.zgHcnWufLwhTzEe2DD61132lbSY7i8E.j3TG1nF40SZcHS',NULL,'2023-09-14 10:28:55','2023-09-14 10:28:55'),
	(285,'Alia Palestina ','283-1694661475@empty.com','EK-R3-061',NULL,'$2y$10$0v478.nUW6J64e9YAPJzeu2zgyeLboNr3qcSkbA7pcrf1/guSoFhe',NULL,'2023-09-14 10:28:56','2023-09-14 10:28:56'),
	(286,'Rasisno ','284-1694661475@empty.com','EK-R3-062',NULL,'$2y$10$2cIpknmvqbRGXylmR4iRweHE3uqQrbShBlbCfO.owJkPxT8cxzbiu',NULL,'2023-09-14 10:28:56','2023-09-14 10:28:56'),
	(287,'Lisnawati ','285-1694661476@empty.com','EK-R3-065',NULL,'$2y$10$GN7ugLTZ8sGV.M98ODi9c.FNsRo6ErUMcK0dxXnnT4ISdXZzs5TIu',NULL,'2023-09-14 10:28:57','2023-09-14 10:28:57'),
	(288,'Tubagus Sukarnan ','286-1694661476@empty.com','EK-R3-064',NULL,'$2y$10$.7cSQHhexhDygCxzdZLAfuku1DCGCA9cwt361Oqb8ZpGEYqInWJoe',NULL,'2023-09-14 10:28:57','2023-09-14 10:28:57'),
	(289,'Ayu Lestari ','287-1694661476@empty.com','EK-R3-066',NULL,'$2y$10$ZX4DtKvWfIz6.5bCv3AciOd7HUUThEfo.9iW1EO.osfarYNIEH8/C',NULL,'2023-09-14 10:28:57','2023-09-14 10:28:57'),
	(290,'Ananda Wulandari ','288-1694661476@empty.com','EK-R3-068',NULL,'$2y$10$4TXtXMk6fqzBSMK/ks25uOfbfMvHI2vcNnJhINAbsUVZyAGYfJDiK',NULL,'2023-09-14 10:28:58','2023-09-14 10:28:58'),
	(291,'Mohammad Ali ','289-1694661477@empty.com','G00021',NULL,'$2y$10$zsj80K5BUpUWxeDeHB5Vf.w1RA4WLmEamUqhDHatny88ohmNXwji6',NULL,'2023-09-14 10:28:58','2023-09-14 10:28:58'),
	(292,'Fenly Yerri Bororing ','290-1694661477@empty.com','G00028',NULL,'$2y$10$32AC7FjzKjchktou4qeB1uaG0MDxZcusOKOn.rc0K/xs1.85UoIpS',NULL,'2023-09-14 10:28:59','2023-09-14 10:28:59'),
	(293,'Achmad Sanusi ','291-1694661477@empty.com','G00040',NULL,'$2y$10$2jCqTPSqVEtXF/wA.hiDVu4.6nPzEpNzUPwgucG11GmZH9BsCKGC6',NULL,'2023-09-14 10:28:59','2023-09-14 10:28:59'),
	(294,'Sunara ','292-1694661477@empty.com','G00041',NULL,'$2y$10$3ovQdNIBW2tdSlalrr5X0.uNDGy/Nj5qVQGaXcJLeE7rd7Z4Pd2Gy',NULL,'2023-09-14 10:29:00','2023-09-14 10:29:00'),
	(295,'Agnanto Adi Wibowo ','293-1694661477@empty.com','EN-4-041',NULL,'$2y$10$HZkl8jSHGOKEqLUbN3SRhO6HjClMuN8yjRau.JP1gaeXO70ZbYKq6',NULL,'2023-09-14 10:29:00','2023-09-14 10:29:00'),
	(296,'Helip Prawoto ','294-1694661478@empty.com','G00032',NULL,'$2y$10$6PGJgb5hN1y8O9rqLUUpWuaMsqJvIvaf6sDhPmw8xbf.2tFH.ZxBW',NULL,'2023-09-14 10:29:01','2023-09-14 10:29:01'),
	(297,'Ikhsan ','295-1694661478@empty.com','G00015',NULL,'$2y$10$hrH3z4ifPBDbdNDeJralNeDzDAVKUm0gd.EV87jgArmLxg8nUxZyK',NULL,'2023-09-14 10:29:02','2023-09-14 10:29:02'),
	(298,'Rio Sulaksono ','296-1694661478@empty.com','G00027',NULL,'$2y$10$XEZiwQfhlvMmv2J4PyIsHeqR2VpQBn9cyNSt1IhY8X9X0bm.nXZr6',NULL,'2023-09-14 10:29:02','2023-09-14 10:29:02'),
	(299,'Dedy Hermawan ','297-1694661478@empty.com','G00025',NULL,'$2y$10$WU3QYKy4fuZTMtKdI57Mg.YeTaNfuOOfze0T.Y9bjPCqMBsQvwHay',NULL,'2023-09-14 10:29:03','2023-09-14 10:29:03'),
	(300,'Ratnawulan Endah Pratiwi ','298-1694661478@empty.com','10027',NULL,'$2y$10$J.YWlpz.2y0uyCHfeJiy2eGjYjSVpcaaiYzmZ1g9oRjb6KZOlRsQC',NULL,'2023-09-14 10:29:03','2023-09-14 10:29:03'),
	(301,'Yenny Yessica ','299-1694661479@empty.com','00041',NULL,'$2y$10$u5SmGJv2oEhqqHieDo/bGuWyjbo4JcLCPIv3d5ZeptcePCJbTEOgu',NULL,'2023-09-14 10:29:04','2023-09-14 10:29:04'),
	(302,'Abdul Rozak ','300-1694661479@empty.com','00002',NULL,'$2y$10$jnm8FDSdaFNf56FSDmI2rOrnec9xYrgU33aQ1bgEhDMrbcQvKKE0.',NULL,'2023-09-14 10:29:04','2023-09-14 10:29:04'),
	(303,'Aden Sukma Mulia ','301-1694661479@empty.com','00006',NULL,'$2y$10$cB9jFtZ3tqXcXjX6CqGOkehiSC.uuMdCQKB13AL37IHkoxq.mfVFO',NULL,'2023-09-14 10:29:05','2023-09-14 10:29:05'),
	(304,'Sun Wahyono ','302-1694661480@empty.com','00027',NULL,'$2y$10$rqzCSzOPecyCQFMaDBzsJOXc4i2n1mjgrZ7JRbJQCROSzIOWBTXyS',NULL,'2023-09-14 10:29:05','2023-09-14 10:29:05'),
	(305,'Andi Susanto ','303-1694661480@empty.com','10070',NULL,'$2y$10$tkL91BJA5.kAwHwdCSqSMuuPAuCSPOHCIBed/VSpmespKtrBCB8G6',NULL,'2023-09-14 10:29:06','2023-09-14 10:29:06'),
	(306,'Agus Dwiantoro ','304-1694661480@empty.com','EN-2-004',NULL,'$2y$10$iLYyDW33atyRBL8GyJ8lr./T9jGsSTFwb4Y2fT8u4WqdYGeYBfWmm',NULL,'2023-09-14 10:29:06','2023-09-14 10:29:06'),
	(307,'Zulham Rahimi ','305-1694661481@empty.com','10073',NULL,'$2y$10$/BkGHSVnsuMO4MH2q04zXO8wBhV1o3dFcrxBSpAt.sjlEkhq./1m6',NULL,'2023-09-14 10:29:07','2023-09-14 10:29:07'),
	(308,'Andriyan ','306-1694661481@empty.com','10074',NULL,'$2y$10$pk35FACiRoCPHC6SAAGlfe2lxB/OOvjW9HP2GBj8L.ePC4qepmULK',NULL,'2023-09-14 10:29:07','2023-09-14 10:29:07'),
	(309,'Ikbal Budi Ardi ','307-1694661481@empty.com','10076',NULL,'$2y$10$Oy6ByX22UFlGf71Wgo1H6e4G3Gyix0iVAFcy/QkaiYh2F4evhRIjC',NULL,'2023-09-14 10:29:08','2023-09-14 10:29:08'),
	(310,'Fachri Reza Bey ','308-1694661481@empty.com','10083',NULL,'$2y$10$rXw5xTj/oq.kmSx4Zjo75ulg2CPEt0tuiwkLmKTE91khYmzynxToe',NULL,'2023-09-14 10:29:08','2023-09-14 10:29:08'),
	(311,'Zuhdi Ilmawan ','309-1694661481@empty.com','10082',NULL,'$2y$10$UernLcRVYaATL6IDKfshduJknHiLSDDbTjl.YOCWtVOgMExlMkBz2',NULL,'2023-09-14 10:29:09','2023-09-14 10:29:09'),
	(312,'Laksono Jati Utomo ','310-1694661482@empty.com','KJ-5-120',NULL,'$2y$10$N3mIYlChc3bBCi4jrA7rl.hBNSUPama58z2/OMHt7YSVBTHHWwQL6',NULL,'2023-09-14 10:29:09','2023-09-14 10:29:09'),
	(313,'Rahmadi Manurung ','311-1694661482@empty.com','KJ-6-240',NULL,'$2y$10$jiysupXdPgXFssJRFgwPB.XFtMYWGoI4wGOp1j3PRlmzjgl8sT.jK',NULL,'2023-09-14 10:29:09','2023-09-14 10:29:09'),
	(314,'Muhamad Fikrie Pamungkas ','312-1694661482@empty.com','10088',NULL,'$2y$10$jrf2oZyuU/cDos4xw4vx0ugwOSC9Xxk1R5rotr/PTtN0WTd.4ozB.',NULL,'2023-09-14 10:29:10','2023-09-14 10:29:10'),
	(315,'Saeful Rohman ','313-1694661482@empty.com','10086',NULL,'$2y$10$qDMzirObP7Et73fcx86J2.zYB3PJmKJu4gDdxP1kKo64II7ABFPse',NULL,'2023-09-14 10:29:10','2023-09-14 10:29:10'),
	(316,'Budi Sofyan ','314-1694661482@empty.com','10094',NULL,'$2y$10$GMe0sPybAdRKiOeRvF1aT.pfhr0Dk8Zs4ncl4YrTTKlG/ptN6UOU2',NULL,'2023-09-14 10:29:11','2023-09-14 10:29:11'),
	(317,'Maria Christi Oktaviana ','315-1694661482@empty.com','10095',NULL,'$2y$10$116asnM.HlZvjoMub9CTwORm/pVurbvNCduK/hIUU7f5oKLBwXwNa',NULL,'2023-09-14 10:29:11','2023-09-14 10:29:11'),
	(318,'Abdul Latief ','316-1694661483@empty.com','10096',NULL,'$2y$10$.Pt4C34j04.x3h5qJH/Yh.cnbqtbgGV9CyQ.pPEh7A5l.BzA8HSNG',NULL,'2023-09-14 10:29:12','2023-09-14 10:29:12'),
	(319,'Juwahir ','317-1694661483@empty.com','00009',NULL,'$2y$10$pZvxWGngmoy.8AB0T3X0U.eveoGh45WU9GJ3Gmm4JoZCFKL6.r4Ly',NULL,'2023-09-14 10:29:12','2023-09-14 10:29:12'),
	(320,'Arif Budianto ','318-1694661483@empty.com','00004',NULL,'$2y$10$SURf30QdaZFrQK6.sh1f/ujL/jItsIcJp.qPem7drV.qp0JvcmN1O',NULL,'2023-09-14 10:29:13','2023-09-14 10:29:13'),
	(321,'Ady Imam Prasetyo ','319-1694661483@empty.com','00003',NULL,'$2y$10$wK3850Eolzd/gSjMKd.eWeawshskZR9oqvCTqzjj6jGuV9Vp9w/hu',NULL,'2023-09-14 10:29:13','2023-09-14 10:29:13'),
	(322,'Muhammad Indra Saputra ','320-1694661484@empty.com','00037',NULL,'$2y$10$XZje2sWVbKonlsAojLFInew6E29YzlHrl.3Kk2x064FW8/tmmULVW',NULL,'2023-09-14 10:29:14','2023-09-14 10:29:14'),
	(323,'Deri Heriyana ','321-1694661484@empty.com','00048',NULL,'$2y$10$ZKFtFGFHk7Z73uFmqv5ucuW/MbybRdRKiK0V5bm1Mf/p31lTRIo/u',NULL,'2023-09-14 10:29:14','2023-09-14 10:29:14'),
	(324,'Widiya Intan Ayu Haryono ','322-1694661484@empty.com','00057',NULL,'$2y$10$Gzacgi0cFcN2EP6l.2iRkOGWmFbgqyYD3lEQjQpXLgKDDJYtAvL.u',NULL,'2023-09-14 10:29:15','2023-09-14 10:29:15'),
	(325,'Hilmy Afrian ','323-1694661485@empty.com','20013',NULL,'$2y$10$gq1rbyLptRr/MQUuLyRSqOMpqCm5zDeiRQpiFat74VLq5zSFfh/7q',NULL,'2023-09-14 10:29:15','2023-09-14 10:29:15'),
	(326,'Aris Kristiyanto ','324-1694661485@empty.com','20012',NULL,'$2y$10$qbq38fAFrawbeH1fu0AzS.Qe48MuFszdsgJGA0f8E0dMn0y3Qszcq',NULL,'2023-09-14 10:29:16','2023-09-14 10:29:16'),
	(327,'Ibnu Ahmad Fauzi ','325-1694661485@empty.com','20014',NULL,'$2y$10$rptfS5rtlPI83/R9V5pyaeOfSHGC9BwR0gE9y7fuT37eUdHCkRTVm',NULL,'2023-09-14 10:29:16','2023-09-14 10:29:16'),
	(328,'Dimas Yanuar Adhi Purwopranggoro ','326-1694661485@empty.com','20011',NULL,'$2y$10$WptJgoo53lR0QcGrbQOmsuSGUVOnzl6bfsEX95J9LtiVCLrVErRiy',NULL,'2023-09-14 10:29:17','2023-09-14 10:29:17'),
	(329,'Solikul Huda ','327-1694661485@empty.com','20010',NULL,'$2y$10$PJVGiV9jWueVRbpEMvFspO5NykXxmYsSREyoQjp2SCa2C2vAaY4g.',NULL,'2023-09-14 10:29:17','2023-09-14 10:29:17'),
	(330,'Muhammad Syauqi Bayano ','328-1694661485@empty.com','20009',NULL,'$2y$10$qBuMV8bCZeQw3h60AQrlGOBXe2nmrZI3cGOjgO.OUiFZRIuf1zuv6',NULL,'2023-09-14 10:29:18','2023-09-14 10:29:18'),
	(331,'Ahmad Sulhan Masrur ','329-1694661485@empty.com','20007',NULL,'$2y$10$UVGL8YVkmDD4.ml7oELmeeo7NUxepR6rWYzvzMjiltH0ZT3ArNcZC',NULL,'2023-09-14 10:29:18','2023-09-14 10:29:18'),
	(332,'Ridho Ibnu Said ','330-1694661486@empty.com','20008',NULL,'$2y$10$pVXGdnm5cuVMGgn7E.NKOeJR7Op5eR5wQv17oZ6FPslhLeYiXtv1i',NULL,'2023-09-14 10:29:19','2023-09-14 10:29:19'),
	(333,'Khoirul Faisal Fadli ','331-1694661486@empty.com','20006',NULL,'$2y$10$uLePis.9St9vgrQ5HsX9iuzRj0rMcOpJ9s.55NFFbkZDq1Oyc0o4G',NULL,'2023-09-14 10:29:19','2023-09-14 10:29:19'),
	(334,'Dear Arita Pratama Saragih ','332-1694661486@empty.com','20005',NULL,'$2y$10$Eh1lNRUDPcC.iS4W5IoBvexLwpTXtvB1/3zVgFlIeR4X9Iur2cOZS',NULL,'2023-09-14 10:29:20','2023-09-14 10:29:20'),
	(335,'Wahyuni Sukma Tyaswari ','333-1694661486@empty.com','20004',NULL,'$2y$10$gBSJcsGzqoKIv8kz528zjOxXVktqteUKNwbBaLEWhJrt79ZHeStDu',NULL,'2023-09-14 10:29:20','2023-09-14 10:29:20'),
	(336,'Bimo Fajar Aditama ','334-1694661486@empty.com','20003',NULL,'$2y$10$0QpJD0Yq.jJ7cLHxQeEgt.FYQ9UClP9F9admhLPRlqI/nc80Lk38K',NULL,'2023-09-14 10:29:20','2023-09-14 10:29:20'),
	(337,'Muhammad Anggito Wibisono ','335-1694661486@empty.com','20002',NULL,'$2y$10$0CaOXJHtW3lJQocYkvaz7O/nDZrWi1OVDM2kK7MqUWqiDWH2wLCSS',NULL,'2023-09-14 10:29:21','2023-09-14 10:29:21'),
	(338,'Muh. Syaiffudin ','336-1694661487@empty.com','20015',NULL,'$2y$10$JmbGAf7xTP3IuJJP8x5Vm.mSRznQn05l/uo2mzhcuHjz4b5a5HKLm',NULL,'2023-09-14 10:29:21','2023-09-14 10:29:21'),
	(339,'Ruslani Wira Kusuma ','337-1694661487@empty.com','00036',NULL,'$2y$10$DyB2PkBhH.CJly1xeZ2SS..xEV05sylbUwuar/XPE74bwrMJVNrXG',NULL,'2023-09-14 10:29:22','2023-09-14 10:29:22'),
	(340,'Azhary Walid Tanjung ','338-1694661487@empty.com','20016',NULL,'$2y$10$mzWP6vCQoasb3zlTL.eY4.IXJ9mrhENpxiRZo0Aim0FB6hk5Ru0VS',NULL,'2023-09-14 10:29:22','2023-09-14 10:29:22'),
	(341,'Fadhil Muammar ','339-1694661487@empty.com','20017',NULL,'$2y$10$yRvSggRwOax5OiqKEzg4z.QjBx9g7U79XZ/Q1nKk2a6enJKgNiMpq',NULL,'2023-09-14 10:29:23','2023-09-14 10:29:23'),
	(342,'Hendri Budiantoro ','340-1694661487@empty.com','20018',NULL,'$2y$10$avY57FWfrelvCVkNIDUr5uyTUV1yk1B5U56RY3r1zJUkyOKKhIPay',NULL,'2023-09-14 10:29:23','2023-09-14 10:29:23'),
	(343,'Ariep Syaripudin ','341-1694661487@empty.com','20019',NULL,'$2y$10$glIHRmbHWvPAkTML6dxh.um0ybmuSNLT01AXzWFvtoIqPzOfqiTrm',NULL,'2023-09-14 10:29:24','2023-09-14 10:29:24'),
	(344,'Sunaedi ','342-1694661487@empty.com','20020',NULL,'$2y$10$R4R1DnH0pKfRdt8Fc41mJufW2sbjMzKrySALDTwAF/.YpqfMLf/Lq',NULL,'2023-09-14 10:29:24','2023-09-14 10:29:24'),
	(345,'Adhan Karisma Rudi Akhmadi ','343-1694661488@empty.com','EN-4-092',NULL,'$2y$10$JHb/kq38wA1iNeP9z/c2BufN0Kw9BeMF8MQkdwuGjq/i4AboIXm42',NULL,'2023-09-14 10:29:25','2023-09-14 10:29:25'),
	(346,'Ahmad Ismail ','344-1694661488@empty.com','10173',NULL,'$2y$10$2XNwrswtrhxA6UDX4fh9xuYh3O.L.5J7Ym/01Tq8zURdj09nkLRVm',NULL,'2023-09-14 10:29:25','2023-09-14 10:29:25'),
	(347,'Alvino Shelvion ','345-1694661489@empty.com','10024',NULL,'$2y$10$y5ciyz46.VB/L9zsGAQ.9.xDEE3Soi8urCoa19Yn1MLWrWmyHUIfe',NULL,'2023-09-14 10:29:26','2023-09-14 10:29:26'),
	(348,'Dadang Jalu Widya Bakti ','346-1694661489@empty.com','10206',NULL,'$2y$10$dgPE6RwvFsJduCi5OV3t/eLYC5LwSsJzWJbUwqJpjCY2A4dZS0lq6',NULL,'2023-09-14 10:29:26','2023-09-14 10:29:26'),
	(349,'Ayu Wulandevi Hahijary ','347-1694661489@empty.com','10207',NULL,'$2y$10$Z66JBoHAhT4n.ZPjbU8dLO1pWHOBIWmc4Ug3DuE91xN3i4fUM7H8C',NULL,'2023-09-14 10:29:27','2023-09-14 10:29:27'),
	(350,'Gheno Mellino ','348-1694661489@empty.com','10208',NULL,'$2y$10$T.ETSlIJNIETnTr1.Tvo9.eAs.25qXATkTnyeB8DONGhVwGvtq4tS',NULL,'2023-09-14 10:29:27','2023-09-14 10:29:27'),
	(351,'Jeremia Dewanto Pradana ','349-1694661489@empty.com','10214',NULL,'$2y$10$yxPM8QORRjLejS/0khcz8uLZru.VrF2IsF28qnoY8Z7LI3/RqoESW',NULL,'2023-09-14 10:29:28','2023-09-14 10:29:28'),
	(352,'Boby Pratama ','350-1694661489@empty.com','10210',NULL,'$2y$10$iF.qHI4zhLD/p9jNsTd7J.oOqwDj/5Q3Bjym6Wur8clx2Y0L4fpmu',NULL,'2023-09-14 10:29:28','2023-09-14 10:29:28'),
	(353,'Ade Apri Yansyah ','351-1694661490@empty.com','10212',NULL,'$2y$10$982.p6t2GdyEZ0yUm.Khh.M1Is8NrIeeg4NIyl2h2rOxZOfDlFeUG',NULL,'2023-09-14 10:29:29','2023-09-14 10:29:29'),
	(354,'Yal Ahmadi ','352-1694661490@empty.com','10211',NULL,'$2y$10$1Hsot6k5HMjU1/SbZ5/OqOBO0qQcB3wN/.OFif1h8pi.6.olSRXLG',NULL,'2023-09-14 10:29:29','2023-09-14 10:29:29'),
	(355,'Pabiansyah ','353-1694661490@empty.com','10215',NULL,'$2y$10$Xb8ajk96a9.3ns2EREE7je.fN.gv5J2ZTy4Nw0e4luD7UCTw.eJva',NULL,'2023-09-14 10:29:30','2023-09-14 10:29:30'),
	(356,'Mustar ','354-1694661490@empty.com','10216',NULL,'$2y$10$9vRD0DM4EfePlaKAc6yzsOCNdN4HUop.vG5OS9cYA.ZdMhQsb6mRK',NULL,'2023-09-14 10:29:30','2023-09-14 10:29:30'),
	(357,'Ilham Salasa ','355-1694661490@empty.com','10217',NULL,'$2y$10$TarU04qo4qmKA6pUxoKgreBqzJgJRi1rSCxHWbUle2B68OoiE9cUm',NULL,'2023-09-14 10:29:31','2023-09-14 10:29:31'),
	(358,'Heri Vrianto ','356-1694661490@empty.com','10219',NULL,'$2y$10$bczKgDZmRePMItxGMEt0h.WJOCxSWJzzfxIAErJBzuReZATdJm6Zy',NULL,'2023-09-14 10:29:31','2023-09-14 10:29:31'),
	(359,'Yoga Pratama ','357-1694661490@empty.com','10222',NULL,'$2y$10$VcfAH5Jf2RMdQ5wJv9dmqelWQc0Ln4AaYJC1UXlC6hVZFL3mwav02',NULL,'2023-09-14 10:29:32','2023-09-14 10:29:32'),
	(360,'Septi Mardiyani ','358-1694661490@empty.com','10223',NULL,'$2y$10$o02xnuCooG.dRsN0WsFsbOjhM7AFhd2/dJm13esaWBi6zhhy4R0Oa',NULL,'2023-09-14 10:29:33','2023-09-14 10:29:33'),
	(361,'Rizki Fikri Ramadhan ','359-1694661491@empty.com','10225',NULL,'$2y$10$1MLI2/QSVbsHyyb03Wf2wOPcbgmtQcWK1DzS/hLYp4uJYOe1RbV6i',NULL,'2023-09-14 10:29:33','2023-09-14 10:29:33'),
	(362,'Muhamad Ramdhan ','360-1694661491@empty.com','10228',NULL,'$2y$10$LkSc3Rvj0lyoQ/BiyDwKSeMGc2xptCdMaPC2uOv.ujCZKB6LNgZeK',NULL,'2023-09-14 10:29:34','2023-09-14 10:29:34'),
	(363,'Dedy Prihadi ','361-1694661491@empty.com','10230',NULL,'$2y$10$EIDKL/xz4sr3/Tu4aJ82Eeo71hkhUCKxeICIqvYk7jvUSQvYc.pai',NULL,'2023-09-14 10:29:34','2023-09-14 10:29:34'),
	(364,'Imam Febriyuwanto ','362-1694661491@empty.com','10233',NULL,'$2y$10$goxxyP4sgDWB1OsxFMdq3OxXIy3.LzFtYbXFnvABvJPWZLafIfdB.',NULL,'2023-09-14 10:29:35','2023-09-14 10:29:35'),
	(365,'Khaerul Anwar ','363-1694661491@empty.com','00045',NULL,'$2y$10$Y3xtIjVjWx6w.auHk0h4w.ya350DWOXJOcqIzsAp31IfuuJ4rJBv.',NULL,'2023-09-14 10:29:35','2023-09-14 10:29:35'),
	(366,'Yoga Sathya Primandani ','364-1694661492@empty.com','10235',NULL,'$2y$10$Xd9OcDPAVq5tp2fx3Ah2Ze2yRR5SdTadFewObeW3JaL42JAYt9Vkm',NULL,'2023-09-14 10:29:36','2023-09-14 10:29:36'),
	(367,'Yusuf Fikrie Ramadhany ','365-1694661492@empty.com','10236',NULL,'$2y$10$Gg536QE.CChDXBeiQ1JudelwZmZTdRIPqsU4hN1jA79q1DYt1H3tW',NULL,'2023-09-14 10:29:36','2023-09-14 10:29:36'),
	(368,'Salsabila Aulya Rahma ','366-1694661492@empty.com','10237',NULL,'$2y$10$lt4VaB2yGX4YttlNaqciqe1BJ8rxvbZzBLaL7yVDIDqmF6tqKBRdO',NULL,'2023-09-14 10:29:37','2023-09-14 10:29:37'),
	(369,'Zahra Syahrika ','367-1694661493@empty.com','10239',NULL,'$2y$10$uSu0PSqbyBT1gQ9qgURpnOCTAzAdVB9LbJbmPx95Oa/6erpG0BvxK',NULL,'2023-09-14 10:29:37','2023-09-14 10:29:37'),
	(370,'Jaenal Abidin ','368-1694661493@empty.com','10240',NULL,'$2y$10$ea9qZAWlf229N5wO2b82VuwEk.iU86m4JqaIDIXfG31RlfkXzRrQC',NULL,'2023-09-14 10:29:38','2023-09-14 10:29:38'),
	(371,'Syafwardi ','369-1694661493@empty.com','10241',NULL,'$2y$10$he9X5bKrZQ45UxGWNjbaNOyjxB77ZkmdsX29mb1qlFnxXwZeDuA2q',NULL,'2023-09-14 10:29:38','2023-09-14 10:29:38'),
	(372,'Ahmad Rifai','ar@example.com','EN-4-045',NULL,'$2y$10$9kNSQZE0GNiCHzXD4kyH0eX.y0J2fWpcKyDSuyJG4YMPI2E6AfB1K',NULL,'2024-07-01 14:42:41','2024-07-01 14:42:41'),
	(373,'Agus Kuncoro','agc@example.com',NULL,NULL,'$2y$10$CQwA7Sy8M13FScHU.OOyF.h.CLGOEPtJbz4ZRAv3n9jc1Ec05ioB.',NULL,'2024-07-01 16:27:50','2024-07-01 16:27:50'),
	(375,'Karyawan tiga','tiga@example.com',NULL,NULL,'$2y$10$2Gtq06pV1jJSpigXv1atnuszAu6ULhCQCFw/ZKHbKl1wGnZ0MmagO',NULL,'2024-07-03 14:12:55','2024-07-03 14:12:55'),
	(376,'karyawan empat','empat@example.com',NULL,NULL,'$2y$10$4yr5IFg6egUOcREezNgJqeGoeviDee./T510C0rJIHMm0kWxgme6C',NULL,'2024-07-03 14:22:52','2024-07-03 14:22:52'),
	(377,'Karyawan dua','karyawan2@example.com','EN-4-013',NULL,'$2y$10$IygTID65V4ZmoKCcP3f/O.YEvXPna8gN9Gy3vqopHBSftPI3V848q',NULL,'2024-07-05 16:31:11','2024-07-05 16:31:11'),
	(378,'Ahmad Hidayat','ah@gmail.com','1111',NULL,'$2y$10$gJWAklGmELINLL565LZh5eHpH6F62eD/sGQq6CcI1xijoEXgnKsiq',NULL,'2024-07-08 16:28:52','2024-07-08 16:28:52'),
	(379,'Ahmad Hidayattt','aht@gmail.com','1112',NULL,'$2y$10$j7fLwMpGyA0ixHA0CxO.ve04VE5WfSF7Mm7Nez2yQZRKdEdi3j.Yq',NULL,'2024-07-08 16:44:28','2024-07-08 16:44:28'),
	(381,'Rahmat Juantoro','rj42@gmail.com','2222',NULL,'$2y$10$j.RX1ADZwZXFa/cLbVMlWe66.UT3C4O2Pu4ieA3UR2WS1l7/Qk8Te',NULL,'2024-07-10 09:23:25','2024-07-10 10:25:53'),
	(382,'Ahmaddd Hidayat','aht5@gmail.com','1122',NULL,'$2y$10$A1J/gYSP.4ljTMjgIpCGpeK4ZnnmOXuiTTz0e/N0iVpsZcZ5smZ.q',NULL,'2024-07-10 11:14:25','2024-07-10 11:14:25'),
	(384,'Rahmattt Juantoro','rj4@gmail.com','2222',NULL,'$2y$10$f64rKVQdIXghhMwrj3MQO.73gsJARqxm8zyEaU2g9ZpQHKRHkfIdG',NULL,'2024-07-10 11:15:14','2024-07-10 11:15:14');

/*!40000 ALTER TABLE `users` ENABLE KEYS */;
UNLOCK TABLES;



/*!40111 SET SQL_NOTES=@OLD_SQL_NOTES */;
/*!40101 SET SQL_MODE=@OLD_SQL_MODE */;
/*!40014 SET FOREIGN_KEY_CHECKS=@OLD_FOREIGN_KEY_CHECKS */;
/*!40101 SET CHARACTER_SET_CLIENT=@OLD_CHARACTER_SET_CLIENT */;
/*!40101 SET CHARACTER_SET_RESULTS=@OLD_CHARACTER_SET_RESULTS */;
/*!40101 SET COLLATION_CONNECTION=@OLD_COLLATION_CONNECTION */;
